method,regime,feature,feature_type,null_type,mechanism_group,mean_importance,mean_importance_share
elastic_net_coef,group_aut,num__ce_over_rpm,real,real,solution_chemistry,0.01852348435757178,0.7402652073470605
elastic_net_coef,group_aut,num__temp,real,real,solution_chemistry,0.0026831534809182325,0.15605760311518374
elastic_net_coef,group_aut,num__ph,real,real,solution_chemistry,0.001214445039160423,0.10367718953775236
elastic_net_coef,group_aut,num__ph_x_temp,real,real,solution_chemistry,7.836715421371507e-17,3.469685033024163e-15
elastic_net_coef,group_aut,num__aged_x_fg_any,real,real,other,0.0,0.0
elastic_net_coef,group_aut,num__aged_x_fg_complexing,real,real,other,0.0,0.0
elastic_net_coef,group_aut,num__ags_aged,real,real,aging_state,0.0,0.0
elastic_net_coef,group_aut,num__ags_virgin,real,real,aging_state,0.0,0.0
elastic_net_coef,group_aut,num__cd_x_ce_log,real,real,other,0.0,0.0
elastic_net_coef,group_aut,num__cd_x_ph,real,real,other,0.0,0.0
elastic_net_coef,group_aut,num__cd_x_sa_log,real,real,other,0.0,0.0
elastic_net_coef,group_aut,num__ce,real,real,solution_chemistry,0.0,0.0
elastic_net_coef,group_aut,num__ce_log1p,real,real,solution_chemistry,0.0,0.0
elastic_net_coef,group_aut,num__ce_log_x_rpm_log,real,real,solution_chemistry,0.0,0.0
elastic_net_coef,group_aut,num__ce_over_sa,real,real,solution_chemistry,0.0,0.0
elastic_net_coef,group_aut,num__cr_x_ce_log,real,real,other,0.0,0.0
elastic_net_coef,group_aut,num__cr_x_ph,real,real,other,0.0,0.0
elastic_net_coef,group_aut,num__cr_x_sa_log,real,real,other,0.0,0.0
elastic_net_coef,group_aut,num__fg_any,real,real,surface_functionality,0.0,0.0
elastic_net_coef,group_aut,num__fg_complexing,real,real,surface_functionality,0.0,0.0
elastic_net_coef,group_aut,num__fg_polar,real,real,surface_functionality,0.0,0.0
elastic_net_coef,group_aut,num__hg_x_ce_log,real,real,other,0.0,0.0
elastic_net_coef,group_aut,num__hg_x_ph,real,real,other,0.0,0.0
elastic_net_coef,group_aut,num__hg_x_sa_log,real,real,other,0.0,0.0
elastic_net_coef,group_aut,num__metal_cd,real,real,metal_identity,0.0,0.0
elastic_net_coef,group_aut,num__metal_cr,real,real,metal_identity,0.0,0.0
elastic_net_coef,group_aut,num__metal_hg,real,real,metal_identity,0.0,0.0
elastic_net_coef,group_aut,num__null_exp_random_effect,real,group_aware_random,null_feature,0.0,0.0
elastic_net_coef,group_aut,num__null_perm_ce,real,permuted_real,null_feature,0.0,0.0
elastic_net_coef,group_aut,num__null_perm_ph,real,permuted_real,null_feature,0.0,0.0
elastic_net_coef,group_aut,num__null_random_binary,real,random_noise,null_feature,0.0,0.0
elastic_net_coef,group_aut,num__null_random_normal,real,random_noise,null_feature,0.0,0.0
elastic_net_coef,group_aut,num__null_random_uniform,real,random_noise,null_feature,0.0,0.0
elastic_net_coef,group_aut,num__null_study_random_effect,real,group_aware_random,null_feature,0.0,0.0
elastic_net_coef,group_aut,num__ph_missing,real,real,solution_chemistry,0.0,0.0
elastic_net_coef,group_aut,num__ph_x_ce_log,real,real,solution_chemistry,0.0,0.0
elastic_net_coef,group_aut,num__ret_other,real,real,polymer_identity,0.0,0.0
elastic_net_coef,group_aut,num__ret_pa,real,real,polymer_identity,0.0,0.0
elastic_net_coef,group_aut,num__ret_pa_x_fg_any,real,real,polymer_identity,0.0,0.0
elastic_net_coef,group_aut,num__ret_pe,real,real,polymer_identity,0.0,0.0
elastic_net_coef,group_aut,num__ret_pe_x_fg_any,real,real,polymer_identity,0.0,0.0
elastic_net_coef,group_aut,num__ret_pet,real,real,polymer_identity,0.0,0.0
elastic_net_coef,group_aut,num__ret_pla,real,real,polymer_identity,0.0,0.0
elastic_net_coef,group_aut,num__ret_pp,real,real,polymer_identity,0.0,0.0
elastic_net_coef,group_aut,num__ret_ps,real,real,polymer_identity,0.0,0.0
elastic_net_coef,group_aut,num__ret_ps_x_fg_any,real,real,polymer_identity,0.0,0.0
elastic_net_coef,group_aut,num__ret_pvc,real,real,polymer_identity,0.0,0.0
elastic_net_coef,group_aut,num__rpm,real,real,solution_chemistry,0.0,0.0
elastic_net_coef,group_aut,num__rpm_log1p,real,real,solution_chemistry,0.0,0.0
elastic_net_coef,group_aut,num__rpm_missing,real,real,solution_chemistry,0.0,0.0
elastic_net_coef,group_aut,num__sa,real,real,surface_area_porosity,0.0,0.0
elastic_net_coef,group_aut,num__sa_log1p,real,real,surface_area_porosity,0.0,0.0
elastic_net_coef,group_aut,num__sa_missing,real,real,surface_area_porosity,0.0,0.0
elastic_net_coef,group_aut,num__temp_log1p,real,real,solution_chemistry,0.0,0.0
elastic_net_coef,group_aut,num__temp_missing,real,real,solution_chemistry,0.0,0.0
elastic_net_coef,group_aut,num__temp_x_ce_log,real,real,solution_chemistry,0.0,0.0
elastic_net_coef,group_exp,num__ce_over_rpm,real,real,solution_chemistry,0.019307954207042614,0.8808890769388876
elastic_net_coef,group_exp,num__temp,real,real,solution_chemistry,0.002673605593426346,0.10313646116729816
elastic_net_coef,group_exp,num__ph,real,real,solution_chemistry,0.0003651360111824502,0.01597446189381424
elastic_net_coef,group_exp,num__aged_x_fg_any,real,real,other,0.0,0.0
elastic_net_coef,group_exp,num__aged_x_fg_complexing,real,real,other,0.0,0.0
elastic_net_coef,group_exp,num__ags_aged,real,real,aging_state,0.0,0.0
elastic_net_coef,group_exp,num__ags_virgin,real,real,aging_state,0.0,0.0
elastic_net_coef,group_exp,num__cd_x_ce_log,real,real,other,0.0,0.0
elastic_net_coef,group_exp,num__cd_x_ph,real,real,other,0.0,0.0
elastic_net_coef,group_exp,num__cd_x_sa_log,real,real,other,0.0,0.0
elastic_net_coef,group_exp,num__ce,real,real,solution_chemistry,0.0,0.0
elastic_net_coef,group_exp,num__ce_log1p,real,real,solution_chemistry,0.0,0.0
elastic_net_coef,group_exp,num__ce_log_x_rpm_log,real,real,solution_chemistry,0.0,0.0
elastic_net_coef,group_exp,num__ce_over_sa,real,real,solution_chemistry,0.0,0.0
elastic_net_coef,group_exp,num__cr_x_ce_log,real,real,other,0.0,0.0
elastic_net_coef,group_exp,num__cr_x_ph,real,real,other,0.0,0.0
elastic_net_coef,group_exp,num__cr_x_sa_log,real,real,other,0.0,0.0
elastic_net_coef,group_exp,num__fg_any,real,real,surface_functionality,0.0,0.0
elastic_net_coef,group_exp,num__fg_complexing,real,real,surface_functionality,0.0,0.0
elastic_net_coef,group_exp,num__fg_polar,real,real,surface_functionality,0.0,0.0
elastic_net_coef,group_exp,num__hg_x_ce_log,real,real,other,0.0,0.0
elastic_net_coef,group_exp,num__hg_x_ph,real,real,other,0.0,0.0
elastic_net_coef,group_exp,num__hg_x_sa_log,real,real,other,0.0,0.0
elastic_net_coef,group_exp,num__metal_cd,real,real,metal_identity,0.0,0.0
elastic_net_coef,group_exp,num__metal_cr,real,real,metal_identity,0.0,0.0
elastic_net_coef,group_exp,num__metal_hg,real,real,metal_identity,0.0,0.0
elastic_net_coef,group_exp,num__null_exp_random_effect,real,group_aware_random,null_feature,0.0,0.0
elastic_net_coef,group_exp,num__null_perm_ce,real,permuted_real,null_feature,0.0,0.0
elastic_net_coef,group_exp,num__null_perm_ph,real,permuted_real,null_feature,0.0,0.0
elastic_net_coef,group_exp,num__null_random_binary,real,random_noise,null_feature,0.0,0.0
elastic_net_coef,group_exp,num__null_random_normal,real,random_noise,null_feature,0.0,0.0
elastic_net_coef,group_exp,num__null_random_uniform,real,random_noise,null_feature,0.0,0.0
elastic_net_coef,group_exp,num__null_study_random_effect,real,group_aware_random,null_feature,0.0,0.0
elastic_net_coef,group_exp,num__ph_missing,real,real,solution_chemistry,0.0,0.0
elastic_net_coef,group_exp,num__ph_x_ce_log,real,real,solution_chemistry,0.0,0.0
elastic_net_coef,group_exp,num__ph_x_temp,real,real,solution_chemistry,0.0,0.0
elastic_net_coef,group_exp,num__ret_other,real,real,polymer_identity,0.0,0.0
elastic_net_coef,group_exp,num__ret_pa,real,real,polymer_identity,0.0,0.0
elastic_net_coef,group_exp,num__ret_pa_x_fg_any,real,real,polymer_identity,0.0,0.0
elastic_net_coef,group_exp,num__ret_pe,real,real,polymer_identity,0.0,0.0
elastic_net_coef,group_exp,num__ret_pe_x_fg_any,real,real,polymer_identity,0.0,0.0
elastic_net_coef,group_exp,num__ret_pet,real,real,polymer_identity,0.0,0.0
elastic_net_coef,group_exp,num__ret_pla,real,real,polymer_identity,0.0,0.0
elastic_net_coef,group_exp,num__ret_pp,real,real,polymer_identity,0.0,0.0
elastic_net_coef,group_exp,num__ret_ps,real,real,polymer_identity,0.0,0.0
elastic_net_coef,group_exp,num__ret_ps_x_fg_any,real,real,polymer_identity,0.0,0.0
elastic_net_coef,group_exp,num__ret_pvc,real,real,polymer_identity,0.0,0.0
elastic_net_coef,group_exp,num__rpm,real,real,solution_chemistry,0.0,0.0
elastic_net_coef,group_exp,num__rpm_log1p,real,real,solution_chemistry,0.0,0.0
elastic_net_coef,group_exp,num__rpm_missing,real,real,solution_chemistry,0.0,0.0
elastic_net_coef,group_exp,num__sa,real,real,surface_area_porosity,0.0,0.0
elastic_net_coef,group_exp,num__sa_log1p,real,real,surface_area_porosity,0.0,0.0
elastic_net_coef,group_exp,num__sa_missing,real,real,surface_area_porosity,0.0,0.0
elastic_net_coef,group_exp,num__temp_log1p,real,real,solution_chemistry,0.0,0.0
elastic_net_coef,group_exp,num__temp_missing,real,real,solution_chemistry,0.0,0.0
elastic_net_coef,group_exp,num__temp_x_ce_log,real,real,solution_chemistry,0.0,0.0
elastic_net_coef,leave_one_study_out,num__ce_over_rpm,real,real,solution_chemistry,0.01988463576522583,0.8356882214604682
elastic_net_coef,leave_one_study_out,num__temp,real,real,solution_chemistry,0.0023263133974068865,0.11698160224392982
elastic_net_coef,leave_one_study_out,num__ph,real,real,solution_chemistry,0.0006022005593504048,0.039211764518072234
elastic_net_coef,leave_one_study_out,num__ph_x_temp,real,real,solution_chemistry,0.00021327672405013816,0.008118411777529764
elastic_net_coef,leave_one_study_out,num__aged_x_fg_any,real,real,other,0.0,0.0
elastic_net_coef,leave_one_study_out,num__aged_x_fg_complexing,real,real,other,0.0,0.0
elastic_net_coef,leave_one_study_out,num__ags_aged,real,real,aging_state,0.0,0.0
elastic_net_coef,leave_one_study_out,num__ags_virgin,real,real,aging_state,0.0,0.0
elastic_net_coef,leave_one_study_out,num__cd_x_ce_log,real,real,other,0.0,0.0
elastic_net_coef,leave_one_study_out,num__cd_x_ph,real,real,other,0.0,0.0
elastic_net_coef,leave_one_study_out,num__cd_x_sa_log,real,real,other,0.0,0.0
elastic_net_coef,leave_one_study_out,num__ce,real,real,solution_chemistry,0.0,0.0
elastic_net_coef,leave_one_study_out,num__ce_log1p,real,real,solution_chemistry,0.0,0.0
elastic_net_coef,leave_one_study_out,num__ce_log_x_rpm_log,real,real,solution_chemistry,0.0,0.0
elastic_net_coef,leave_one_study_out,num__ce_over_sa,real,real,solution_chemistry,0.0,0.0
elastic_net_coef,leave_one_study_out,num__cr_x_ce_log,real,real,other,0.0,0.0
elastic_net_coef,leave_one_study_out,num__cr_x_ph,real,real,other,0.0,0.0
elastic_net_coef,leave_one_study_out,num__cr_x_sa_log,real,real,other,0.0,0.0
elastic_net_coef,leave_one_study_out,num__fg_any,real,real,surface_functionality,0.0,0.0
elastic_net_coef,leave_one_study_out,num__fg_complexing,real,real,surface_functionality,0.0,0.0
elastic_net_coef,leave_one_study_out,num__fg_polar,real,real,surface_functionality,0.0,0.0
elastic_net_coef,leave_one_study_out,num__hg_x_ce_log,real,real,other,0.0,0.0
elastic_net_coef,leave_one_study_out,num__hg_x_ph,real,real,other,0.0,0.0
elastic_net_coef,leave_one_study_out,num__hg_x_sa_log,real,real,other,0.0,0.0
elastic_net_coef,leave_one_study_out,num__metal_cd,real,real,metal_identity,0.0,0.0
elastic_net_coef,leave_one_study_out,num__metal_cr,real,real,metal_identity,0.0,0.0
elastic_net_coef,leave_one_study_out,num__metal_hg,real,real,metal_identity,0.0,0.0
elastic_net_coef,leave_one_study_out,num__null_exp_random_effect,real,group_aware_random,null_feature,0.0,0.0
elastic_net_coef,leave_one_study_out,num__null_perm_ce,real,permuted_real,null_feature,0.0,0.0
elastic_net_coef,leave_one_study_out,num__null_perm_ph,real,permuted_real,null_feature,0.0,0.0
elastic_net_coef,leave_one_study_out,num__null_random_binary,real,random_noise,null_feature,0.0,0.0
elastic_net_coef,leave_one_study_out,num__null_random_normal,real,random_noise,null_feature,0.0,0.0
elastic_net_coef,leave_one_study_out,num__null_random_uniform,real,random_noise,null_feature,0.0,0.0
elastic_net_coef,leave_one_study_out,num__null_study_random_effect,real,group_aware_random,null_feature,0.0,0.0
elastic_net_coef,leave_one_study_out,num__ph_missing,real,real,solution_chemistry,0.0,0.0
elastic_net_coef,leave_one_study_out,num__ph_x_ce_log,real,real,solution_chemistry,0.0,0.0
elastic_net_coef,leave_one_study_out,num__ret_other,real,real,polymer_identity,0.0,0.0
elastic_net_coef,leave_one_study_out,num__ret_pa,real,real,polymer_identity,0.0,0.0
elastic_net_coef,leave_one_study_out,num__ret_pa_x_fg_any,real,real,polymer_identity,0.0,0.0
elastic_net_coef,leave_one_study_out,num__ret_pe,real,real,polymer_identity,0.0,0.0
elastic_net_coef,leave_one_study_out,num__ret_pe_x_fg_any,real,real,polymer_identity,0.0,0.0
elastic_net_coef,leave_one_study_out,num__ret_pet,real,real,polymer_identity,0.0,0.0
elastic_net_coef,leave_one_study_out,num__ret_pla,real,real,polymer_identity,0.0,0.0
elastic_net_coef,leave_one_study_out,num__ret_pp,real,real,polymer_identity,0.0,0.0
elastic_net_coef,leave_one_study_out,num__ret_ps,real,real,polymer_identity,0.0,0.0
elastic_net_coef,leave_one_study_out,num__ret_ps_x_fg_any,real,real,polymer_identity,0.0,0.0
elastic_net_coef,leave_one_study_out,num__ret_pvc,real,real,polymer_identity,0.0,0.0
elastic_net_coef,leave_one_study_out,num__rpm,real,real,solution_chemistry,0.0,0.0
elastic_net_coef,leave_one_study_out,num__rpm_log1p,real,real,solution_chemistry,0.0,0.0
elastic_net_coef,leave_one_study_out,num__rpm_missing,real,real,solution_chemistry,0.0,0.0
elastic_net_coef,leave_one_study_out,num__sa,real,real,surface_area_porosity,0.0,0.0
elastic_net_coef,leave_one_study_out,num__sa_log1p,real,real,surface_area_porosity,0.0,0.0
elastic_net_coef,leave_one_study_out,num__sa_missing,real,real,surface_area_porosity,0.0,0.0
elastic_net_coef,leave_one_study_out,num__temp_log1p,real,real,solution_chemistry,0.0,0.0
elastic_net_coef,leave_one_study_out,num__temp_missing,real,real,solution_chemistry,0.0,0.0
elastic_net_coef,leave_one_study_out,num__temp_x_ce_log,real,real,solution_chemistry,0.0,0.0
elastic_net_coef,random_cv,num__ce_over_rpm,real,real,solution_chemistry,0.02001528408085883,0.8965624042415498
elastic_net_coef,random_cv,num__temp,real,real,solution_chemistry,0.002064071552932703,0.08749446273055142
elastic_net_coef,random_cv,num__ph,real,real,solution_chemistry,0.0003573126714847872,0.015943133027898876
elastic_net_coef,random_cv,num__aged_x_fg_any,real,real,other,0.0,0.0
elastic_net_coef,random_cv,num__aged_x_fg_complexing,real,real,other,0.0,0.0
elastic_net_coef,random_cv,num__ags_aged,real,real,aging_state,0.0,0.0
elastic_net_coef,random_cv,num__ags_virgin,real,real,aging_state,0.0,0.0
elastic_net_coef,random_cv,num__cd_x_ce_log,real,real,other,0.0,0.0
elastic_net_coef,random_cv,num__cd_x_ph,real,real,other,0.0,0.0
elastic_net_coef,random_cv,num__cd_x_sa_log,real,real,other,0.0,0.0
elastic_net_coef,random_cv,num__ce,real,real,solution_chemistry,0.0,0.0
elastic_net_coef,random_cv,num__ce_log1p,real,real,solution_chemistry,0.0,0.0
elastic_net_coef,random_cv,num__ce_log_x_rpm_log,real,real,solution_chemistry,0.0,0.0
elastic_net_coef,random_cv,num__ce_over_sa,real,real,solution_chemistry,0.0,0.0
elastic_net_coef,random_cv,num__cr_x_ce_log,real,real,other,0.0,0.0
elastic_net_coef,random_cv,num__cr_x_ph,real,real,other,0.0,0.0
elastic_net_coef,random_cv,num__cr_x_sa_log,real,real,other,0.0,0.0
elastic_net_coef,random_cv,num__fg_any,real,real,surface_functionality,0.0,0.0
elastic_net_coef,random_cv,num__fg_complexing,real,real,surface_functionality,0.0,0.0
elastic_net_coef,random_cv,num__fg_polar,real,real,surface_functionality,0.0,0.0
elastic_net_coef,random_cv,num__hg_x_ce_log,real,real,other,0.0,0.0
elastic_net_coef,random_cv,num__hg_x_ph,real,real,other,0.0,0.0
elastic_net_coef,random_cv,num__hg_x_sa_log,real,real,other,0.0,0.0
elastic_net_coef,random_cv,num__metal_cd,real,real,metal_identity,0.0,0.0
elastic_net_coef,random_cv,num__metal_cr,real,real,metal_identity,0.0,0.0
elastic_net_coef,random_cv,num__metal_hg,real,real,metal_identity,0.0,0.0
elastic_net_coef,random_cv,num__null_exp_random_effect,real,group_aware_random,null_feature,0.0,0.0
elastic_net_coef,random_cv,num__null_perm_ce,real,permuted_real,null_feature,0.0,0.0
elastic_net_coef,random_cv,num__null_perm_ph,real,permuted_real,null_feature,0.0,0.0
elastic_net_coef,random_cv,num__null_random_binary,real,random_noise,null_feature,0.0,0.0
elastic_net_coef,random_cv,num__null_random_normal,real,random_noise,null_feature,0.0,0.0
elastic_net_coef,random_cv,num__null_random_uniform,real,random_noise,null_feature,0.0,0.0
elastic_net_coef,random_cv,num__null_study_random_effect,real,group_aware_random,null_feature,0.0,0.0
elastic_net_coef,random_cv,num__ph_missing,real,real,solution_chemistry,0.0,0.0
elastic_net_coef,random_cv,num__ph_x_ce_log,real,real,solution_chemistry,0.0,0.0
elastic_net_coef,random_cv,num__ph_x_temp,real,real,solution_chemistry,0.0,0.0
elastic_net_coef,random_cv,num__ret_other,real,real,polymer_identity,0.0,0.0
elastic_net_coef,random_cv,num__ret_pa,real,real,polymer_identity,0.0,0.0
elastic_net_coef,random_cv,num__ret_pa_x_fg_any,real,real,polymer_identity,0.0,0.0
elastic_net_coef,random_cv,num__ret_pe,real,real,polymer_identity,0.0,0.0
elastic_net_coef,random_cv,num__ret_pe_x_fg_any,real,real,polymer_identity,0.0,0.0
elastic_net_coef,random_cv,num__ret_pet,real,real,polymer_identity,0.0,0.0
elastic_net_coef,random_cv,num__ret_pla,real,real,polymer_identity,0.0,0.0
elastic_net_coef,random_cv,num__ret_pp,real,real,polymer_identity,0.0,0.0
elastic_net_coef,random_cv,num__ret_ps,real,real,polymer_identity,0.0,0.0
elastic_net_coef,random_cv,num__ret_ps_x_fg_any,real,real,polymer_identity,0.0,0.0
elastic_net_coef,random_cv,num__ret_pvc,real,real,polymer_identity,0.0,0.0
elastic_net_coef,random_cv,num__rpm,real,real,solution_chemistry,0.0,0.0
elastic_net_coef,random_cv,num__rpm_log1p,real,real,solution_chemistry,0.0,0.0
elastic_net_coef,random_cv,num__rpm_missing,real,real,solution_chemistry,0.0,0.0
elastic_net_coef,random_cv,num__sa,real,real,surface_area_porosity,0.0,0.0
elastic_net_coef,random_cv,num__sa_log1p,real,real,surface_area_porosity,0.0,0.0
elastic_net_coef,random_cv,num__sa_missing,real,real,surface_area_porosity,0.0,0.0
elastic_net_coef,random_cv,num__temp_log1p,real,real,solution_chemistry,0.0,0.0
elastic_net_coef,random_cv,num__temp_missing,real,real,solution_chemistry,0.0,0.0
elastic_net_coef,random_cv,num__temp_x_ce_log,real,real,solution_chemistry,0.0,0.0
elastic_net_permutation,group_aut,ph_x_temp,real,real,solution_chemistry,0.0149435827271791,0.25212806505028473
elastic_net_permutation,group_aut,temp,real,real,solution_chemistry,0.0010034837821374077,0.18422602481814337
elastic_net_permutation,group_aut,temp_x_ce_log,real,real,solution_chemistry,0.0018187480535278122,0.12565714879011497
elastic_net_permutation,group_aut,ce,real,real,solution_chemistry,0.003985810317935005,0.10969248050071645
elastic_net_permutation,group_aut,rpm,real,real,solution_chemistry,0.0016379761085802244,0.09167444252087978
elastic_net_permutation,group_aut,ce_log_x_rpm_log,real,real,solution_chemistry,0.0003561478654463096,0.04636285569259194
elastic_net_permutation,group_aut,ce_over_rpm,real,real,solution_chemistry,0.0023174947187295618,0.045707237105088075
elastic_net_permutation,group_aut,null_perm_ce,null,permuted_real,null_feature,0.00015718359814747006,0.0332284482043921
elastic_net_permutation,group_aut,ph_x_ce_log,real,real,solution_chemistry,0.0014653281438733834,0.02429389911533508
elastic_net_permutation,group_aut,sa,real,real,surface_area_porosity,6.0696247171803115e-05,0.01611899654029619
elastic_net_permutation,group_aut,ce_over_sa,real,real,solution_chemistry,0.00014587987717611383,0.01037779393399452
elastic_net_permutation,group_aut,hg_x_ph,real,real,other,0.0003278123064987432,0.006697286042970629
elastic_net_permutation,group_aut,cd_x_sa_log,real,real,other,2.7628010285010166e-05,0.005649275105726711
elastic_net_permutation,group_aut,null_exp_random_effect,null,group_aware_random,null_feature,5.6072186948548094e-05,0.005595320338974803
elastic_net_permutation,group_aut,sa_log1p,real,real,surface_area_porosity,2.5295360517854083e-05,0.005495547277095807
elastic_net_permutation,group_aut,ce_log1p,real,real,solution_chemistry,1.7637201782951805e-05,0.005475651046019787
elastic_net_permutation,group_aut,cd_x_ph,real,real,other,0.00021603369424681883,0.0034149813087848506
elastic_net_permutation,group_aut,null_perm_ph,null,permuted_real,null_feature,6.401511264013949e-05,0.002996594385865129
elastic_net_permutation,group_aut,ph,real,real,solution_chemistry,0.0001193971650041381,0.002582644565884153
elastic_net_permutation,group_aut,ret_ps_x_fg_any,real,real,polymer_identity,3.193193151010298e-05,0.0024095793234249975
elastic_net_permutation,group_aut,null_random_normal,null,random_noise,null_feature,9.49707606655359e-06,0.0022484502891294846
elastic_net_permutation,group_aut,null_random_uniform,null,random_noise,null_feature,2.1826929722559286e-05,0.0020410369659249737
elastic_net_permutation,group_aut,cd_x_ce_log,real,real,other,0.00014382101311969652,0.0016044160512312545
elastic_net_permutation,group_aut,temp_missing,real,real,solution_chemistry,7.314639257287592e-06,0.001597736896781375
elastic_net_permutation,group_aut,null_study_random_effect,null,group_aware_random,null_feature,7.217338793576556e-05,0.0015005671744997531
elastic_net_permutation,group_aut,rpm_log1p,real,real,solution_chemistry,5.9362124133923726e-05,0.0007277450123382709
elastic_net_permutation,group_aut,aged_x_fg_complexing,real,real,other,3.7101390981031373e-06,0.0006766964870132975
elastic_net_permutation,group_aut,aged_x_fg_any,real,real,other,8.224190431205259e-07,0.0006154681116300814
elastic_net_permutation,group_aut,ags_aged,real,real,aging_state,8.224190431205259e-07,0.0006154681116300814
elastic_net_permutation,group_aut,ags_virgin,real,real,aging_state,8.224190431205259e-07,0.0006154681116300814
elastic_net_permutation,group_aut,metal_hg,real,real,metal_identity,3.5336942113497474e-05,0.0006112140458022829
elastic_net_permutation,group_aut,metal_cd,real,real,metal_identity,4.735607603954084e-05,0.0005892023828258325
elastic_net_permutation,group_aut,null_random_binary,null,random_noise,null_feature,3.272912471066203e-06,0.000564874464927725
elastic_net_permutation,group_aut,ret_other,real,real,polymer_identity,5.062055726472448e-05,0.0005601959252874206
elastic_net_permutation,group_aut,ret_pa,real,real,polymer_identity,2.16581918142722e-06,0.0004983468651080811
elastic_net_permutation,group_aut,ret_pa_x_fg_any,real,real,polymer_identity,2.16581918142722e-06,0.0004983468651080811
elastic_net_permutation,group_aut,ret_pla,real,real,polymer_identity,2.1024310232853336e-06,0.0004977544255782898
elastic_net_permutation,group_aut,fg_complexing,real,real,surface_functionality,8.483274027720755e-07,0.0004754334998326087
elastic_net_permutation,group_aut,fg_polar,real,real,surface_functionality,4.051284746964256e-07,0.0004679021700970634
elastic_net_permutation,group_aut,fg_any,real,real,surface_functionality,3.9631824445995893e-07,0.00046584954228311127
elastic_net_permutation,group_aut,ret_ps,real,real,polymer_identity,3.0180190287503188e-05,0.0003668141422433342
elastic_net_permutation,group_aut,metal_cr,real,real,metal_identity,1.395617537101046e-06,0.00033041502803796873
elastic_net_permutation,group_aut,sa_missing,real,real,surface_area_porosity,2.7801497826562827e-05,0.0003267886458357203
elastic_net_permutation,group_aut,hg_x_sa_log,real,real,other,2.443436291704071e-05,0.000270404580327663
elastic_net_permutation,group_aut,cr_x_sa_log,real,real,other,2.382618859691599e-05,0.00026367417682347766
elastic_net_permutation,group_aut,hg_x_ce_log,real,real,other,1.0469152536884962e-06,0.0002478591187807756
elastic_net_permutation,group_aut,rpm_missing,real,real,solution_chemistry,2.055755584159158e-05,0.00022937741789318716
elastic_net_permutation,group_aut,ret_pe_x_fg_any,real,real,polymer_identity,6.279121578300906e-07,0.00014857633626813802
elastic_net_permutation,group_aut,ret_pe,real,real,polymer_identity,6.258385198931737e-07,0.00014808539865890575
elastic_net_permutation,group_aut,ret_pvc,real,real,polymer_identity,5.576109178129229e-07,0.0001320154140697752
elastic_net_permutation,group_aut,temp_log1p,real,real,solution_chemistry,1.1081788022049288e-06,8.465195374391387e-05
elastic_net_permutation,group_aut,cr_x_ph,real,real,other,2.797440041257815e-07,7.098198971119431e-05
elastic_net_permutation,group_aut,cr_x_ce_log,real,real,other,2.3091928978979938e-07,5.380011013091407e-05
elastic_net_permutation,group_aut,ph_missing,real,real,solution_chemistry,4.394066825508247e-08,3.480797296114506e-05
elastic_net_permutation,group_aut,ret_pp,real,real,polymer_identity,2.5624184206796128e-06,2.8357182056280146e-05
elastic_net_permutation,group_aut,ret_pet,real,real,polymer_identity,1.4076511853589046e-07,6.945467214421735e-06
elastic_net_permutation,group_exp,ce_over_rpm,real,real,solution_chemistry,0.05005904215849395,0.7734888634673471
elastic_net_permutation,group_exp,temp,real,real,solution_chemistry,0.0013548435906250524,0.08861107512176453
elastic_net_permutation,group_exp,temp_x_ce_log,real,real,solution_chemistry,0.000807372317004682,0.0473020733684448
elastic_net_permutation,group_exp,ce_log_x_rpm_log,real,real,solution_chemistry,0.00030360760800992594,0.024156934349273965
elastic_net_permutation,group_exp,ce,real,real,solution_chemistry,0.0003203845186371379,0.023484320517718614
elastic_net_permutation,group_exp,ph_x_temp,real,real,solution_chemistry,0.0001243958615380758,0.007415621123614324
elastic_net_permutation,group_exp,ph,real,real,solution_chemistry,0.00019883801585441008,0.005661638074466094
elastic_net_permutation,group_exp,rpm,real,real,solution_chemistry,5.077523202797974e-05,0.004629819228122997
elastic_net_permutation,group_exp,sa,real,real,surface_area_porosity,7.235814044377786e-05,0.0028953992550173726
elastic_net_permutation,group_exp,ph_x_ce_log,real,real,solution_chemistry,9.615666826759074e-05,0.0028534412625442285
elastic_net_permutation,group_exp,ce_over_sa,real,real,solution_chemistry,9.918911129590756e-05,0.002719581904609734
elastic_net_permutation,group_exp,null_random_normal,null,random_noise,null_feature,1.776806488802629e-05,0.0018710465350634115
elastic_net_permutation,group_exp,sa_missing,real,real,surface_area_porosity,8.983351975180298e-06,0.0016726531322302153
elastic_net_permutation,group_exp,null_study_random_effect,null,group_aware_random,null_feature,1.0767138158627175e-05,0.0013168540822503945
elastic_net_permutation,group_exp,ce_log1p,real,real,solution_chemistry,1.666140183127274e-05,0.0013070474743085508
elastic_net_permutation,group_exp,cd_x_ce_log,real,real,other,6.072974873396308e-05,0.0012506066950970052
elastic_net_permutation,group_exp,metal_cd,real,real,metal_identity,6.684106244425614e-06,0.0011664942551744004
elastic_net_permutation,group_exp,null_perm_ph,null,permuted_real,null_feature,1.1988690806756795e-05,0.0011471184800366768
elastic_net_permutation,group_exp,temp_log1p,real,real,solution_chemistry,7.207229757761891e-06,0.0008837914888432874
elastic_net_permutation,group_exp,cd_x_sa_log,real,real,other,1.3418460069165584e-05,0.0006693421531759315
elastic_net_permutation,group_exp,null_exp_random_effect,null,group_aware_random,null_feature,1.3053892041958726e-05,0.0005596579462674615
elastic_net_permutation,group_exp,cd_x_ph,real,real,other,3.213819908983506e-05,0.0005467668669541132
elastic_net_permutation,group_exp,sa_log1p,real,real,surface_area_porosity,1.0007535171241421e-05,0.00042313862535908926
elastic_net_permutation,group_exp,temp_missing,real,real,solution_chemistry,4.807102881905223e-06,0.00040473047079741723
elastic_net_permutation,group_exp,null_random_binary,null,random_noise,null_feature,6.911898491153146e-06,0.000373234021682697
elastic_net_permutation,group_exp,hg_x_ph,real,real,other,2.1650643383961387e-05,0.00036834218424932035
elastic_net_permutation,group_exp,null_perm_ce,null,permuted_real,null_feature,1.802527025956735e-05,0.0003314821791507147
elastic_net_permutation,group_exp,rpm_log1p,real,real,solution_chemistry,9.703712842294987e-06,0.00032799153039734407
elastic_net_permutation,group_exp,ret_pet,real,real,polymer_identity,3.374748205853262e-06,0.0003054279027715545
elastic_net_permutation,group_exp,ret_ps,real,real,polymer_identity,2.998414840087449e-06,0.0002601004558490565
elastic_net_permutation,group_exp,ret_ps_x_fg_any,real,real,polymer_identity,2.968921743216057e-06,0.00025747579605964286
elastic_net_permutation,group_exp,ret_pa,real,real,polymer_identity,3.8503403334222416e-06,0.00023292666369411244
elastic_net_permutation,group_exp,ret_pa_x_fg_any,real,real,polymer_identity,3.8503403334222416e-06,0.00023292666369411244
elastic_net_permutation,group_exp,hg_x_sa_log,real,real,other,4.587242657820845e-06,0.0002286398130199639
elastic_net_permutation,group_exp,cr_x_ce_log,real,real,other,1.1867220835646287e-05,0.00020202604911237775
elastic_net_permutation,group_exp,ret_pvc,real,real,polymer_identity,5.301169447502474e-07,0.00010024597998049018
elastic_net_permutation,group_exp,cr_x_sa_log,real,real,other,3.2564597819995097e-06,5.8118681704499384e-05
elastic_net_permutation,group_exp,ph_missing,real,real,solution_chemistry,5.22431652851818e-07,4.849166823123172e-05
elastic_net_permutation,group_exp,cr_x_ph,real,real,other,4.7200764462296264e-07,4.843156401593199e-05
elastic_net_permutation,group_exp,ret_pla,real,real,polymer_identity,2.2393743420945355e-07,4.1961701328923505e-05
elastic_net_permutation,group_exp,rpm_missing,real,real,solution_chemistry,4.0375331079811615e-07,3.65375781696987e-05
elastic_net_permutation,group_exp,hg_x_ce_log,real,real,other,3.670998110227863e-07,3.147469110477826e-05
elastic_net_permutation,group_exp,null_random_uniform,null,random_noise,null_feature,1.5332369983855899e-06,2.6084946065648385e-05
elastic_net_permutation,group_exp,metal_cr,real,real,metal_identity,1.116750583853854e-06,2.2095702232237926e-05
elastic_net_permutation,group_exp,ret_pe_x_fg_any,real,real,polymer_identity,3.519232619098034e-07,8.618685241644529e-06
elastic_net_permutation,group_exp,ret_pe,real,real,polymer_identity,3.5180088203912163e-07,8.616434693073905e-06
elastic_net_permutation,group_exp,ret_other,real,real,polymer_identity,2.0548508220308292e-07,3.778841695618304e-06
elastic_net_permutation,group_exp,aged_x_fg_any,real,real,other,1.1330175711421475e-07,2.08360334180789e-06
elastic_net_permutation,group_exp,ags_aged,real,real,aging_state,1.1330175711421475e-07,2.08360334180789e-06
elastic_net_permutation,group_exp,ags_virgin,real,real,aging_state,1.1330175711421475e-07,2.08360334180789e-06
elastic_net_permutation,group_exp,fg_polar,real,real,surface_functionality,5.498941849424455e-08,7.035773480848741e-07
elastic_net_permutation,group_exp,aged_x_fg_complexing,real,real,other,0.0,0.0
elastic_net_permutation,group_exp,fg_any,real,real,surface_functionality,0.0,0.0
elastic_net_permutation,group_exp,fg_complexing,real,real,surface_functionality,0.0,0.0
elastic_net_permutation,group_exp,metal_hg,real,real,metal_identity,0.0,0.0
elastic_net_permutation,group_exp,ret_pp,real,real,polymer_identity,0.0,0.0
elastic_net_permutation,leave_one_study_out,ce_over_rpm,real,real,solution_chemistry,0.009518518247864488,0.7721386875587117
elastic_net_permutation,leave_one_study_out,temp,real,real,solution_chemistry,0.0003130486565477344,0.03897816720062805
elastic_net_permutation,leave_one_study_out,ce,real,real,solution_chemistry,0.0004241815785322429,0.03124400027613498
elastic_net_permutation,leave_one_study_out,temp_x_ce_log,real,real,solution_chemistry,0.00034267883166376684,0.02715446983207975
elastic_net_permutation,leave_one_study_out,ce_log_x_rpm_log,real,real,solution_chemistry,6.410250183654002e-05,0.025122293572912277
elastic_net_permutation,leave_one_study_out,ret_pla,real,real,polymer_identity,1.3320130601885463e-05,0.020582513020806516
elastic_net_permutation,leave_one_study_out,null_random_binary,null,random_noise,null_feature,4.38688463661463e-06,0.01657294208632837
elastic_net_permutation,leave_one_study_out,rpm,real,real,solution_chemistry,0.00028736169958624687,0.007163832390665743
elastic_net_permutation,leave_one_study_out,null_perm_ce,null,permuted_real,null_feature,2.4077540972473225e-05,0.004041595279938884
elastic_net_permutation,leave_one_study_out,ret_pa,real,real,polymer_identity,4.899036638580089e-07,0.002915362395463872
elastic_net_permutation,leave_one_study_out,ret_pa_x_fg_any,real,real,polymer_identity,4.899036638580089e-07,0.002915362395463872
elastic_net_permutation,leave_one_study_out,ce_over_sa,real,real,solution_chemistry,5.236586086473155e-05,0.0013561189136196824
elastic_net_permutation,leave_one_study_out,rpm_log1p,real,real,solution_chemistry,4.422674449970523e-05,0.0011025581531459243
elastic_net_permutation,leave_one_study_out,sa,real,real,surface_area_porosity,2.641778746012267e-05,0.0008428562654616066
elastic_net_permutation,leave_one_study_out,ce_log1p,real,real,solution_chemistry,1.121219124655452e-05,0.0007814316347957755
elastic_net_permutation,leave_one_study_out,cd_x_ce_log,real,real,other,3.111178272401372e-05,0.0007756110774488927
elastic_net_permutation,leave_one_study_out,null_exp_random_effect,null,group_aware_random,null_feature,1.4126289287883555e-05,0.0004481713945424566
elastic_net_permutation,leave_one_study_out,sa_log1p,real,real,surface_area_porosity,7.576707333199339e-06,0.0003712484682451115
elastic_net_permutation,leave_one_study_out,cd_x_sa_log,real,real,other,7.577256113467306e-06,0.0003710867843465983
elastic_net_permutation,leave_one_study_out,null_random_normal,null,random_noise,null_feature,8.203342621430727e-06,0.0002772602269493907
elastic_net_permutation,leave_one_study_out,null_random_uniform,null,random_noise,null_feature,5.856912012536966e-06,0.00027573820684887585
elastic_net_permutation,leave_one_study_out,cr_x_ce_log,real,real,other,6.212744093627902e-07,0.00021636306526034228
elastic_net_permutation,leave_one_study_out,ret_ps_x_fg_any,real,real,polymer_identity,1.68465894240968e-06,0.00019665957050331268
elastic_net_permutation,leave_one_study_out,aged_x_fg_any,real,real,other,5.097516766210542e-07,0.00013538031765140935
elastic_net_permutation,leave_one_study_out,ags_aged,real,real,aging_state,5.097516766210542e-07,0.00013538031765140935
elastic_net_permutation,leave_one_study_out,ags_virgin,real,real,aging_state,5.097516766210542e-07,0.00013538031765140935
elastic_net_permutation,leave_one_study_out,hg_x_ce_log,real,real,other,3.9335301070856897e-07,8.814416197996395e-05
elastic_net_permutation,leave_one_study_out,ret_ps,real,real,polymer_identity,2.7514591851091306e-07,6.508452528725399e-05
elastic_net_permutation,leave_one_study_out,null_perm_ph,null,permuted_real,null_feature,1.0273021459134242e-07,6.04258321202824e-05
elastic_net_permutation,leave_one_study_out,aged_x_fg_complexing,real,real,other,5.797592280541659e-08,3.41445468835351e-05
elastic_net_permutation,leave_one_study_out,temp_log1p,real,real,solution_chemistry,2.3557221557250944e-07,5.873823749230642e-06
elastic_net_permutation,leave_one_study_out,rpm_missing,real,real,solution_chemistry,2.009271477556295e-07,5.009047522089301e-06
elastic_net_permutation,leave_one_study_out,temp_missing,real,real,solution_chemistry,2.0081820170827683e-07,5.006331533062288e-06
elastic_net_permutation,leave_one_study_out,ret_pe,real,real,polymer_identity,4.698651957368366e-09,2.767240852486942e-06
elastic_net_permutation,leave_one_study_out,ret_pe_x_fg_any,real,real,polymer_identity,4.698651957368366e-09,2.767240852486942e-06
elastic_net_permutation,leave_one_study_out,cr_x_sa_log,real,real,other,3.4360377791823374e-09,2.0263182689903854e-06
elastic_net_permutation,leave_one_study_out,ret_pvc,real,real,polymer_identity,1.488313147844584e-10,1.9338129126221156e-08
elastic_net_permutation,leave_one_study_out,cd_x_ph,real,real,other,0.0,0.0
elastic_net_permutation,leave_one_study_out,cr_x_ph,real,real,other,0.0,0.0
elastic_net_permutation,leave_one_study_out,fg_any,real,real,surface_functionality,0.0,0.0
elastic_net_permutation,leave_one_study_out,fg_complexing,real,real,surface_functionality,0.0,0.0
elastic_net_permutation,leave_one_study_out,fg_polar,real,real,surface_functionality,0.0,0.0
elastic_net_permutation,leave_one_study_out,hg_x_ph,real,real,other,0.0,0.0
elastic_net_permutation,leave_one_study_out,hg_x_sa_log,real,real,other,0.0,0.0
elastic_net_permutation,leave_one_study_out,metal_cd,real,real,metal_identity,0.0,0.0
elastic_net_permutation,leave_one_study_out,metal_cr,real,real,metal_identity,0.0,0.0
elastic_net_permutation,leave_one_study_out,metal_hg,real,real,metal_identity,0.0,0.0
elastic_net_permutation,leave_one_study_out,null_study_random_effect,null,group_aware_random,null_feature,0.0,0.0
elastic_net_permutation,leave_one_study_out,ph,real,real,solution_chemistry,0.0,0.0
elastic_net_permutation,leave_one_study_out,ph_missing,real,real,solution_chemistry,0.0,0.0
elastic_net_permutation,leave_one_study_out,ph_x_ce_log,real,real,solution_chemistry,0.0,0.0
elastic_net_permutation,leave_one_study_out,ph_x_temp,real,real,solution_chemistry,0.0,0.0
elastic_net_permutation,leave_one_study_out,ret_other,real,real,polymer_identity,0.0,0.0
elastic_net_permutation,leave_one_study_out,ret_pet,real,real,polymer_identity,0.0,0.0
elastic_net_permutation,leave_one_study_out,ret_pp,real,real,polymer_identity,0.0,0.0
elastic_net_permutation,leave_one_study_out,sa_missing,real,real,surface_area_porosity,0.0,0.0
elastic_net_permutation,random_cv,ce_over_rpm,real,real,solution_chemistry,0.05692773900050944,0.9045631189178721
elastic_net_permutation,random_cv,temp,real,real,solution_chemistry,0.0015565769726822937,0.03384562138795418
elastic_net_permutation,random_cv,temp_x_ce_log,real,real,solution_chemistry,0.0009251696473077146,0.01873486126037444
elastic_net_permutation,random_cv,ce,real,real,solution_chemistry,0.0006026101283647423,0.011558162293967883
elastic_net_permutation,random_cv,ph_x_temp,real,real,solution_chemistry,0.00019790770703531413,0.00433760688168249
elastic_net_permutation,random_cv,ph,real,real,solution_chemistry,0.00019823948244244383,0.004279004875997186
elastic_net_permutation,random_cv,ph_x_ce_log,real,real,solution_chemistry,0.0001841199125608236,0.0034702886007896045
elastic_net_permutation,random_cv,ce_log_x_rpm_log,real,real,solution_chemistry,8.673851844159808e-05,0.0028009369816920284
elastic_net_permutation,random_cv,cd_x_ce_log,real,real,other,9.543456634219701e-05,0.0020237582713662845
elastic_net_permutation,random_cv,null_perm_ce,null,permuted_real,null_feature,6.992744851654612e-05,0.0015078625451061347
elastic_net_permutation,random_cv,ce_over_sa,real,real,solution_chemistry,6.899597917810215e-05,0.0013076512461253679
elastic_net_permutation,random_cv,ce_log1p,real,real,solution_chemistry,4.1399589177194176e-05,0.0011804837865821694
elastic_net_permutation,random_cv,rpm_log1p,real,real,solution_chemistry,4.100131556215469e-05,0.0010094531309325363
elastic_net_permutation,random_cv,sa,real,real,surface_area_porosity,6.063727453428092e-05,0.0009798434698852958
elastic_net_permutation,random_cv,null_random_normal,null,random_noise,null_feature,2.7875312893491285e-05,0.0008484269807484708
elastic_net_permutation,random_cv,cd_x_ph,real,real,other,3.809988932229317e-05,0.0006728958604612881
elastic_net_permutation,random_cv,null_exp_random_effect,null,group_aware_random,null_feature,2.7160409491855386e-05,0.0005918673982391018
elastic_net_permutation,random_cv,rpm,real,real,solution_chemistry,1.4660635916261544e-05,0.0004929267138696852
elastic_net_permutation,random_cv,sa_missing,real,real,surface_area_porosity,1.7847279320210387e-05,0.00048184636200540517
elastic_net_permutation,random_cv,hg_x_ph,real,real,other,2.9198065463977854e-05,0.00046143301471300867
elastic_net_permutation,random_cv,cd_x_sa_log,real,real,other,1.927886620135322e-05,0.00042553923266004467
elastic_net_permutation,random_cv,null_random_uniform,null,random_noise,null_feature,1.4215802048462844e-05,0.0003961589981824543
elastic_net_permutation,random_cv,cr_x_ce_log,real,real,other,1.7645229740640792e-05,0.0003944623185263079
elastic_net_permutation,random_cv,null_perm_ph,null,permuted_real,null_feature,1.8753195827415266e-05,0.00034827224253903075
elastic_net_permutation,random_cv,sa_log1p,real,real,surface_area_porosity,1.6560421459861362e-05,0.00033013004586797493
elastic_net_permutation,random_cv,metal_cd,real,real,metal_identity,1.2755835104503918e-05,0.0002931225593261082
elastic_net_permutation,random_cv,null_random_binary,null,random_noise,null_feature,9.550491919559552e-06,0.00028474517123701565
elastic_net_permutation,random_cv,null_study_random_effect,null,group_aware_random,null_feature,1.0812206762531585e-05,0.00027414054635900993
elastic_net_permutation,random_cv,ret_ps,real,real,polymer_identity,1.0804152135797106e-05,0.00022977492575446907
elastic_net_permutation,random_cv,ret_ps_x_fg_any,real,real,polymer_identity,1.059502635766929e-05,0.00022463400831765435
elastic_net_permutation,random_cv,ret_other,real,real,polymer_identity,1.3707978832042666e-05,0.00019302584190584394
elastic_net_permutation,random_cv,hg_x_sa_log,real,real,other,1.2014125953691372e-05,0.00016765699816095157
elastic_net_permutation,random_cv,cr_x_sa_log,real,real,other,1.0643624743991165e-05,0.00015578669229500237
elastic_net_permutation,random_cv,temp_missing,real,real,solution_chemistry,6.220210054293703e-06,0.00014048512802477574
elastic_net_permutation,random_cv,temp_log1p,real,real,solution_chemistry,5.313756756991268e-06,0.00011326405879974385
elastic_net_permutation,random_cv,metal_cr,real,real,metal_identity,6.5088433432788e-06,0.00010433664212798368
elastic_net_permutation,random_cv,ph_missing,real,real,solution_chemistry,2.7366923452309953e-06,7.231676448923654e-05
elastic_net_permutation,random_cv,ret_pla,real,real,polymer_identity,3.989634145471488e-06,6.619288360160762e-05
elastic_net_permutation,random_cv,aged_x_fg_any,real,real,other,3.151722056961385e-06,6.384572847113032e-05
elastic_net_permutation,random_cv,ags_aged,real,real,aging_state,3.151722056961385e-06,6.384572847113032e-05
elastic_net_permutation,random_cv,ags_virgin,real,real,aging_state,3.151722056961385e-06,6.384572847113032e-05
elastic_net_permutation,random_cv,ret_pet,real,real,polymer_identity,2.1579451724592266e-06,6.241606722895239e-05
elastic_net_permutation,random_cv,aged_x_fg_complexing,real,real,other,3.0444792513735958e-06,6.219194187816955e-05
elastic_net_permutation,random_cv,hg_x_ce_log,real,real,other,3.108175856502508e-06,5.842816098173913e-05
elastic_net_permutation,random_cv,ret_pa,real,real,polymer_identity,2.687681759285058e-06,5.558031811270758e-05
elastic_net_permutation,random_cv,ret_pa_x_fg_any,real,real,polymer_identity,2.687681759285058e-06,5.558031811270758e-05
elastic_net_permutation,random_cv,rpm_missing,real,real,solution_chemistry,2.966463833806721e-06,4.9737140401224164e-05
elastic_net_permutation,random_cv,ret_pe,real,real,polymer_identity,1.6793554867788884e-06,4.033922883568475e-05
elastic_net_permutation,random_cv,ret_pe_x_fg_any,real,real,polymer_identity,1.491839373391664e-06,3.23814836361611e-05
elastic_net_permutation,random_cv,ret_pvc,real,real,polymer_identity,4.125221544359903e-07,1.2353151265929068e-05
elastic_net_permutation,random_cv,metal_hg,real,real,metal_identity,5.763749129498545e-07,8.266950781717778e-06
elastic_net_permutation,random_cv,ret_pp,real,real,polymer_identity,1.785195856266834e-07,5.181115259865354e-06
elastic_net_permutation,random_cv,cr_x_ph,real,real,other,1.741073606649953e-07,3.1995201409827685e-06
elastic_net_permutation,random_cv,fg_polar,real,real,surface_functionality,9.571291382422704e-09,4.1011963895801897e-07
elastic_net_permutation,random_cv,fg_any,real,real,surface_functionality,8.150961557558862e-09,3.02259772016452e-07
elastic_net_permutation,random_cv,fg_complexing,real,real,surface_functionality,0.0,0.0
lightgbm_builtin_gain,group_aut,num__null_exp_random_effect,real,group_aware_random,null_feature,1376.2,0.09228835333696049
lightgbm_builtin_gain,group_aut,num__ph_x_ce_log,real,real,solution_chemistry,1002.4,0.0672093321249236
lightgbm_builtin_gain,group_aut,num__null_random_normal,real,random_noise,null_feature,965.6,0.06475718112608202
lightgbm_builtin_gain,group_aut,num__null_perm_ce,real,permuted_real,null_feature,889.8,0.059673819608412185
lightgbm_builtin_gain,group_aut,num__null_random_uniform,real,random_noise,null_feature,794.0,0.05325312243932131
lightgbm_builtin_gain,group_aut,num__ce_over_sa,real,real,solution_chemistry,769.6,0.05160872386587243
lightgbm_builtin_gain,group_aut,num__null_perm_ph,real,permuted_real,null_feature,742.4,0.049785991046709645
lightgbm_builtin_gain,group_aut,num__ce_over_rpm,real,real,solution_chemistry,699.8,0.046928939940410294
lightgbm_builtin_gain,group_aut,num__sa,real,real,surface_area_porosity,684.4,0.045888047427016486
lightgbm_builtin_gain,group_aut,num__temp_x_ce_log,real,real,solution_chemistry,681.4,0.04568899915178433
lightgbm_builtin_gain,group_aut,num__ce,real,real,solution_chemistry,637.8,0.04277381117409424
lightgbm_builtin_gain,group_aut,num__hg_x_ce_log,real,real,other,567.2,0.03805436765305848
lightgbm_builtin_gain,group_aut,num__ce_log_x_rpm_log,real,real,solution_chemistry,475.6,0.031896235540788305
lightgbm_builtin_gain,group_aut,num__null_study_random_effect,real,group_aware_random,null_feature,467.4,0.03134435082952219
lightgbm_builtin_gain,group_aut,num__cr_x_sa_log,real,real,other,381.4,0.02558358423597108
lightgbm_builtin_gain,group_aut,num__cd_x_ce_log,real,real,other,374.8,0.025130238056712606
lightgbm_builtin_gain,group_aut,num__rpm,real,real,solution_chemistry,347.2,0.02328699542571574
lightgbm_builtin_gain,group_aut,num__sa_log1p,real,real,surface_area_porosity,326.2,0.02187475349406278
lightgbm_builtin_gain,group_aut,num__cd_x_sa_log,real,real,other,315.0,0.02112235391652508
lightgbm_builtin_gain,group_aut,num__cr_x_ce_log,real,real,other,314.2,0.021073180278119205
lightgbm_builtin_gain,group_aut,num__cd_x_ph,real,real,other,155.4,0.010421413037011952
lightgbm_builtin_gain,group_aut,num__ret_other,real,real,polymer_identity,154.4,0.010350968256481765
lightgbm_builtin_gain,group_aut,num__ags_aged,real,real,aging_state,145.6,0.009765032107247608
lightgbm_builtin_gain,group_aut,num__null_random_binary,real,random_noise,null_feature,137.0,0.00918790970495599
lightgbm_builtin_gain,group_aut,num__temp,real,real,solution_chemistry,132.0,0.008851711603191832
lightgbm_builtin_gain,group_aut,num__rpm_missing,real,real,solution_chemistry,130.6,0.008763105796244305
lightgbm_builtin_gain,group_aut,num__hg_x_ph,real,real,other,97.0,0.0065075177818
lightgbm_builtin_gain,group_aut,num__ret_ps,real,real,polymer_identity,96.4,0.006465662016219048
lightgbm_builtin_gain,group_aut,num__ret_pa,real,real,polymer_identity,95.2,0.006386871525821504
lightgbm_builtin_gain,group_aut,num__ret_pla,real,real,polymer_identity,92.2,0.006185701766109766
lightgbm_builtin_gain,group_aut,num__ph,real,real,solution_chemistry,88.8,0.005953758791318398
lightgbm_builtin_gain,group_aut,num__ph_x_temp,real,real,solution_chemistry,79.4,0.0053207128439824395
lightgbm_builtin_gain,group_aut,num__aged_x_fg_complexing,real,real,other,75.0,0.005030825943240567
lightgbm_builtin_gain,group_aut,num__ph_missing,real,real,solution_chemistry,73.0,0.004895966231978968
lightgbm_builtin_gain,group_aut,num__ret_pp,real,real,polymer_identity,70.6,0.004737391296647934
lightgbm_builtin_gain,group_aut,num__sa_missing,real,real,surface_area_porosity,64.2,0.004305770854685983
lightgbm_builtin_gain,group_aut,num__ce_log1p,real,real,solution_chemistry,57.2,0.0038362041972860037
lightgbm_builtin_gain,group_aut,num__temp_missing,real,real,solution_chemistry,51.6,0.0034612696505209838
lightgbm_builtin_gain,group_aut,num__rpm_log1p,real,real,solution_chemistry,48.6,0.0032594485782019428
lightgbm_builtin_gain,group_aut,num__ret_pe_x_fg_any,real,real,polymer_identity,37.4,0.0025091161119943015
lightgbm_builtin_gain,group_aut,num__ret_pe,real,real,polymer_identity,34.2,0.0022938050394241
lightgbm_builtin_gain,group_aut,num__metal_cd,real,real,metal_identity,29.4,0.0019717599526017336
lightgbm_builtin_gain,group_aut,num__ret_ps_x_fg_any,real,real,polymer_identity,27.0,0.0018116013854902091
lightgbm_builtin_gain,group_aut,num__temp_log1p,real,real,solution_chemistry,25.6,0.0017171667078661732
lightgbm_builtin_gain,group_aut,num__metal_cr,real,real,metal_identity,18.0,0.001207400594790948
lightgbm_builtin_gain,group_aut,num__hg_x_sa_log,real,real,other,15.0,0.001005664367994772
lightgbm_builtin_gain,group_aut,num__ags_virgin,real,real,aging_state,12.0,0.0008047428116255105
lightgbm_builtin_gain,group_aut,num__fg_polar,real,real,surface_functionality,11.6,0.0007776121605731691
lightgbm_builtin_gain,group_aut,num__fg_complexing,real,real,surface_functionality,9.2,0.0006170801085256675
lightgbm_builtin_gain,group_aut,num__ret_pet,real,real,polymer_identity,8.2,0.0005499356365774348
lightgbm_builtin_gain,group_aut,num__ret_pvc,real,real,polymer_identity,8.0,0.0005366180014448327
lightgbm_builtin_gain,group_aut,num__ret_pa_x_fg_any,real,real,polymer_identity,7.4,0.0004962877203047989
lightgbm_builtin_gain,group_aut,num__metal_hg,real,real,metal_identity,6.0,0.0004025119161363798
lightgbm_builtin_gain,group_aut,num__fg_any,real,real,surface_functionality,4.2,0.0002817568903369154
lightgbm_builtin_gain,group_aut,num__aged_x_fg_any,real,real,other,1.6,0.00010731793930357611
lightgbm_builtin_gain,group_aut,num__cr_x_ph,real,real,other,0.0,0.0
lightgbm_builtin_gain,group_exp,num__null_exp_random_effect,real,group_aware_random,null_feature,1294.0,0.0866883270129227
lightgbm_builtin_gain,group_exp,num__null_random_normal,real,random_noise,null_feature,1033.2,0.06921516748906367
lightgbm_builtin_gain,group_exp,num__ph_x_ce_log,real,real,solution_chemistry,910.0,0.060961119630493055
lightgbm_builtin_gain,group_exp,num__null_perm_ce,real,permuted_real,null_feature,908.4,0.06085170704404226
lightgbm_builtin_gain,group_exp,num__null_random_uniform,real,random_noise,null_feature,872.2,0.058431882039966646
lightgbm_builtin_gain,group_exp,num__ce_over_sa,real,real,solution_chemistry,821.2,0.055010728574517734
lightgbm_builtin_gain,group_exp,num__null_perm_ph,real,permuted_real,null_feature,693.0,0.04642690327272433
lightgbm_builtin_gain,group_exp,num__temp_x_ce_log,real,real,solution_chemistry,682.0,0.045684728488633516
lightgbm_builtin_gain,group_exp,num__hg_x_ce_log,real,real,other,675.2,0.0452324606324459
lightgbm_builtin_gain,group_exp,num__ce_over_rpm,real,real,solution_chemistry,653.0,0.04374907267873643
lightgbm_builtin_gain,group_exp,num__sa,real,real,surface_area_porosity,648.0,0.04340749905006075
lightgbm_builtin_gain,group_exp,num__null_study_random_effect,real,group_aware_random,null_feature,559.4,0.03747666309360293
lightgbm_builtin_gain,group_exp,num__ce,real,real,solution_chemistry,531.0,0.03557205237766316
lightgbm_builtin_gain,group_exp,num__ce_log_x_rpm_log,real,real,solution_chemistry,514.2,0.03444845866955954
lightgbm_builtin_gain,group_exp,num__cd_x_sa_log,real,real,other,416.8,0.027922658483879682
lightgbm_builtin_gain,group_exp,num__rpm,real,real,solution_chemistry,343.6,0.023017561081114492
lightgbm_builtin_gain,group_exp,num__cr_x_sa_log,real,real,other,335.8,0.02249322329882796
lightgbm_builtin_gain,group_exp,num__cr_x_ce_log,real,real,other,317.8,0.02128930631438456
lightgbm_builtin_gain,group_exp,num__cd_x_ce_log,real,real,other,294.0,0.01969684455983896
lightgbm_builtin_gain,group_exp,num__sa_log1p,real,real,surface_area_porosity,283.2,0.018969544264269163
lightgbm_builtin_gain,group_exp,num__cd_x_ph,real,real,other,204.0,0.013665044133703971
lightgbm_builtin_gain,group_exp,num__hg_x_ph,real,real,other,147.2,0.009860887435757859
lightgbm_builtin_gain,group_exp,num__rpm_missing,real,real,solution_chemistry,143.4,0.00960552443513758
lightgbm_builtin_gain,group_exp,num__ret_other,real,real,polymer_identity,130.0,0.008708800480227132
lightgbm_builtin_gain,group_exp,num__ret_ps,real,real,polymer_identity,124.0,0.008306854094545978
lightgbm_builtin_gain,group_exp,num__temp,real,real,solution_chemistry,119.6,0.008012533519538572
lightgbm_builtin_gain,group_exp,num__null_random_binary,real,random_noise,null_feature,119.2,0.007985370942741562
lightgbm_builtin_gain,group_exp,num__aged_x_fg_complexing,real,real,other,117.4,0.007863903359052571
lightgbm_builtin_gain,group_exp,num__ret_pla,real,real,polymer_identity,98.8,0.006618175222771271
lightgbm_builtin_gain,group_exp,num__ret_pp,real,real,polymer_identity,93.6,0.006270034976718261
lightgbm_builtin_gain,group_exp,num__ags_aged,real,real,aging_state,87.4,0.00585565983154632
lightgbm_builtin_gain,group_exp,num__ph_x_temp,real,real,solution_chemistry,83.2,0.005574622149022535
lightgbm_builtin_gain,group_exp,num__ph,real,real,solution_chemistry,71.4,0.004783018911918227
lightgbm_builtin_gain,group_exp,num__ret_pa,real,real,polymer_identity,65.2,0.004368214404582679
lightgbm_builtin_gain,group_exp,num__sa_missing,real,real,surface_area_porosity,63.2,0.004233845461007046
lightgbm_builtin_gain,group_exp,num__rpm_log1p,real,real,solution_chemistry,53.8,0.0036039176747208615
lightgbm_builtin_gain,group_exp,num__temp_missing,real,real,solution_chemistry,50.4,0.0033764721393078484
lightgbm_builtin_gain,group_exp,num__ce_log1p,real,real,solution_chemistry,49.8,0.003336305324721861
lightgbm_builtin_gain,group_exp,num__ph_missing,real,real,solution_chemistry,47.2,0.0031619245207815698
lightgbm_builtin_gain,group_exp,num__ret_pe,real,real,polymer_identity,37.8,0.0025310468550095626
lightgbm_builtin_gain,group_exp,num__ret_ps_x_fg_any,real,real,polymer_identity,34.2,0.0022908482026077937
lightgbm_builtin_gain,group_exp,num__ret_pe_x_fg_any,real,real,polymer_identity,28.2,0.0018901203024493884
lightgbm_builtin_gain,group_exp,num__temp_log1p,real,real,solution_chemistry,26.8,0.0017958457624310056
lightgbm_builtin_gain,group_exp,num__metal_cd,real,real,metal_identity,26.2,0.0017554885628669533
lightgbm_builtin_gain,group_exp,num__hg_x_sa_log,real,real,other,20.2,0.0013534036434710353
lightgbm_builtin_gain,group_exp,num__metal_hg,real,real,metal_identity,17.6,0.0011793714314791044
lightgbm_builtin_gain,group_exp,num__metal_cr,real,real,metal_identity,16.6,0.001111990981860472
lightgbm_builtin_gain,group_exp,num__fg_complexing,real,real,surface_functionality,14.8,0.0009911721647441307
lightgbm_builtin_gain,group_exp,num__fg_polar,real,real,surface_functionality,11.4,0.0007638817066541688
lightgbm_builtin_gain,group_exp,num__ret_pet,real,real,polymer_identity,9.2,0.0006162125350505771
lightgbm_builtin_gain,group_exp,num__ret_pa_x_fg_any,real,real,polymer_identity,8.8,0.0005896790502910338
lightgbm_builtin_gain,group_exp,num__ret_pvc,real,real,polymer_identity,7.8,0.0005226756532349576
lightgbm_builtin_gain,group_exp,num__fg_any,real,real,surface_functionality,7.4,0.0004960874594802136
lightgbm_builtin_gain,group_exp,num__ags_virgin,real,real,aging_state,5.4,0.0003617465966510989
lightgbm_builtin_gain,group_exp,num__aged_x_fg_any,real,real,other,0.2,1.3412017167381974e-05
lightgbm_builtin_gain,group_exp,num__cr_x_ph,real,real,other,0.0,0.0
lightgbm_builtin_gain,leave_one_study_out,num__null_exp_random_effect,real,group_aware_random,null_feature,1342.4782608695652,0.08950558668842419
lightgbm_builtin_gain,leave_one_study_out,num__ph_x_ce_log,real,real,solution_chemistry,984.6521739130435,0.06564766561556941
lightgbm_builtin_gain,leave_one_study_out,num__null_random_normal,real,random_noise,null_feature,905.3478260869565,0.060361051329550934
lightgbm_builtin_gain,leave_one_study_out,num__null_perm_ce,real,permuted_real,null_feature,876.7391304347826,0.058454267977537874
lightgbm_builtin_gain,leave_one_study_out,num__temp_x_ce_log,real,real,solution_chemistry,848.8695652173913,0.05659356411015809
lightgbm_builtin_gain,leave_one_study_out,num__null_random_uniform,real,random_noise,null_feature,818.1739130434783,0.05454871729355037
lightgbm_builtin_gain,leave_one_study_out,num__ce_over_sa,real,real,solution_chemistry,775.9130434782609,0.05173240805802521
lightgbm_builtin_gain,leave_one_study_out,num__ce_over_rpm,real,real,solution_chemistry,665.7826086956521,0.04438901012963532
lightgbm_builtin_gain,leave_one_study_out,num__null_perm_ph,real,permuted_real,null_feature,663.1739130434783,0.04421566076852051
lightgbm_builtin_gain,leave_one_study_out,num__hg_x_ce_log,real,real,other,660.7391304347826,0.0440524913715174
lightgbm_builtin_gain,leave_one_study_out,num__sa,real,real,surface_area_porosity,615.2608695652174,0.041020723069746017
lightgbm_builtin_gain,leave_one_study_out,num__ce,real,real,solution_chemistry,561.5652173913044,0.0374403334862554
lightgbm_builtin_gain,leave_one_study_out,num__null_study_random_effect,real,group_aware_random,null_feature,540.1304347826087,0.03601104097343608
lightgbm_builtin_gain,leave_one_study_out,num__ce_log_x_rpm_log,real,real,solution_chemistry,503.4347826086956,0.0335650919564927
lightgbm_builtin_gain,leave_one_study_out,num__cr_x_sa_log,real,real,other,397.4347826086956,0.026497413681298793
lightgbm_builtin_gain,leave_one_study_out,num__cd_x_sa_log,real,real,other,367.04347826086956,0.024471528039906855
lightgbm_builtin_gain,leave_one_study_out,num__rpm,real,real,solution_chemistry,359.9130434782609,0.023996286510144155
lightgbm_builtin_gain,leave_one_study_out,num__cr_x_ce_log,real,real,other,340.4782608695652,0.022700236738849754
lightgbm_builtin_gain,leave_one_study_out,num__cd_x_ce_log,real,real,other,299.0869565217391,0.01994078121884697
lightgbm_builtin_gain,leave_one_study_out,num__sa_log1p,real,real,surface_area_porosity,278.7826086956522,0.018586981879702594
lightgbm_builtin_gain,leave_one_study_out,num__cd_x_ph,real,real,other,178.08695652173913,0.011873460278008452
lightgbm_builtin_gain,leave_one_study_out,num__rpm_missing,real,real,solution_chemistry,169.2173913043478,0.011281944549296074
lightgbm_builtin_gain,leave_one_study_out,num__ret_other,real,real,polymer_identity,166.2173913043478,0.011081778464313989
lightgbm_builtin_gain,leave_one_study_out,num__temp,real,real,solution_chemistry,141.30434782608697,0.009420813274409943
lightgbm_builtin_gain,leave_one_study_out,num__ret_pla,real,real,polymer_identity,128.2608695652174,0.008551333615948804
lightgbm_builtin_gain,leave_one_study_out,num__ret_pp,real,real,polymer_identity,118.69565217391305,0.007913219628999445
lightgbm_builtin_gain,leave_one_study_out,num__ags_aged,real,real,aging_state,111.82608695652173,0.007455575751592616
lightgbm_builtin_gain,leave_one_study_out,num__hg_x_ph,real,real,other,109.43478260869566,0.007296573190631878
lightgbm_builtin_gain,leave_one_study_out,num__null_random_binary,real,random_noise,null_feature,108.17391304347827,0.007212162918140236
lightgbm_builtin_gain,leave_one_study_out,num__aged_x_fg_complexing,real,real,other,98.0,0.0065339372787227325
lightgbm_builtin_gain,leave_one_study_out,num__ret_pa,real,real,polymer_identity,98.0,0.0065336957005669724
lightgbm_builtin_gain,leave_one_study_out,num__ret_ps,real,real,polymer_identity,97.65217391304348,0.006510683445508447
lightgbm_builtin_gain,leave_one_study_out,num__ph,real,real,solution_chemistry,76.82608695652173,0.005122393404606632
lightgbm_builtin_gain,leave_one_study_out,num__temp_missing,real,real,solution_chemistry,66.65217391304348,0.004443770167807775
lightgbm_builtin_gain,leave_one_study_out,num__sa_missing,real,real,surface_area_porosity,65.78260869565217,0.004385673331358897
lightgbm_builtin_gain,leave_one_study_out,num__ph_missing,real,real,solution_chemistry,57.21739130434783,0.003815051403108383
lightgbm_builtin_gain,leave_one_study_out,num__ph_x_temp,real,real,solution_chemistry,56.21739130434783,0.0037481582569206915
lightgbm_builtin_gain,leave_one_study_out,num__ce_log1p,real,real,solution_chemistry,50.130434782608695,0.0033423510897149264
lightgbm_builtin_gain,leave_one_study_out,num__rpm_log1p,real,real,solution_chemistry,49.608695652173914,0.003307472856332619
lightgbm_builtin_gain,leave_one_study_out,num__temp_log1p,real,real,solution_chemistry,38.04347826086956,0.0025363778375270757
lightgbm_builtin_gain,leave_one_study_out,num__metal_cd,real,real,metal_identity,27.652173913043477,0.0018436745431211201
lightgbm_builtin_gain,leave_one_study_out,num__ret_pe,real,real,polymer_identity,25.130434782608695,0.0016754529106489898
lightgbm_builtin_gain,leave_one_study_out,num__ret_ps_x_fg_any,real,real,polymer_identity,23.91304347826087,0.0015943538848980745
lightgbm_builtin_gain,leave_one_study_out,num__metal_cr,real,real,metal_identity,23.47826086956522,0.0015654086406776577
lightgbm_builtin_gain,leave_one_study_out,num__ret_pe_x_fg_any,real,real,polymer_identity,23.17391304347826,0.001545108719848704
lightgbm_builtin_gain,leave_one_study_out,num__hg_x_sa_log,real,real,other,15.956521739130435,0.0010638889050199089
lightgbm_builtin_gain,leave_one_study_out,num__ret_pvc,real,real,polymer_identity,13.652173913043478,0.0009101801576839469
lightgbm_builtin_gain,leave_one_study_out,num__fg_polar,real,real,surface_functionality,12.478260869565217,0.0008319243209969745
lightgbm_builtin_gain,leave_one_study_out,num__ags_virgin,real,real,aging_state,9.956521739130435,0.0006638385762374589
lightgbm_builtin_gain,leave_one_study_out,num__ret_pa_x_fg_any,real,real,polymer_identity,9.347826086956522,0.0006232236359448165
lightgbm_builtin_gain,leave_one_study_out,num__metal_hg,real,real,metal_identity,8.478260869565217,0.0005652324899390828
lightgbm_builtin_gain,leave_one_study_out,num__fg_complexing,real,real,surface_functionality,7.391304347826087,0.0004928291163620807
lightgbm_builtin_gain,leave_one_study_out,num__ret_pet,real,real,polymer_identity,4.217391304347826,0.00028119465043757003
lightgbm_builtin_gain,leave_one_study_out,num__fg_any,real,real,surface_functionality,3.130434782608696,0.00020872081656513804
lightgbm_builtin_gain,leave_one_study_out,num__aged_x_fg_any,real,real,other,0.5652173913043478,3.770129093326984e-05
lightgbm_builtin_gain,leave_one_study_out,num__cr_x_ph,real,real,other,0.0,0.0
lightgbm_builtin_gain,random_cv,num__null_exp_random_effect,real,group_aware_random,null_feature,1269.3333333333333,0.08501030233256292
lightgbm_builtin_gain,random_cv,num__null_random_normal,real,random_noise,null_feature,962.9333333333333,0.06448843026439766
lightgbm_builtin_gain,random_cv,num__null_perm_ce,real,permuted_real,null_feature,914.1333333333333,0.06122273850969503
lightgbm_builtin_gain,random_cv,num__ph_x_ce_log,real,real,solution_chemistry,885.5333333333333,0.059304516125660636
lightgbm_builtin_gain,random_cv,num__null_random_uniform,real,random_noise,null_feature,868.0,0.058130585576072084
lightgbm_builtin_gain,random_cv,num__temp_x_ce_log,real,real,solution_chemistry,779.2,0.05218353390539828
lightgbm_builtin_gain,random_cv,num__ce_over_sa,real,real,solution_chemistry,768.0666666666667,0.05143805526043941
lightgbm_builtin_gain,random_cv,num__null_perm_ph,real,permuted_real,null_feature,693.8666666666667,0.046468648654643153
lightgbm_builtin_gain,random_cv,num__hg_x_ce_log,real,real,other,669.8,0.0448575903640994
lightgbm_builtin_gain,random_cv,num__sa,real,real,surface_area_porosity,666.7333333333333,0.04465216284218975
lightgbm_builtin_gain,random_cv,num__ce_over_rpm,real,real,solution_chemistry,655.4666666666667,0.043897067988104665
lightgbm_builtin_gain,random_cv,num__ce,real,real,solution_chemistry,548.8666666666667,0.03675795141696641
lightgbm_builtin_gain,random_cv,num__null_study_random_effect,real,group_aware_random,null_feature,539.2666666666667,0.0361163787916988
lightgbm_builtin_gain,random_cv,num__ce_log_x_rpm_log,real,real,solution_chemistry,480.2,0.03215954245197529
lightgbm_builtin_gain,random_cv,num__cd_x_sa_log,real,real,other,387.0,0.02591826028039301
lightgbm_builtin_gain,random_cv,num__cr_x_sa_log,real,real,other,368.73333333333335,0.02469466899807432
lightgbm_builtin_gain,random_cv,num__rpm,real,real,solution_chemistry,324.4,0.021725734417503598
lightgbm_builtin_gain,random_cv,num__cr_x_ce_log,real,real,other,320.8,0.02148439523516789
lightgbm_builtin_gain,random_cv,num__cd_x_ce_log,real,real,other,314.2,0.021042151344961704
lightgbm_builtin_gain,random_cv,num__sa_log1p,real,real,surface_area_porosity,311.26666666666665,0.020846348791497896
lightgbm_builtin_gain,random_cv,num__cd_x_ph,real,real,other,210.13333333333333,0.014072783159466857
lightgbm_builtin_gain,random_cv,num__rpm_missing,real,real,solution_chemistry,163.06666666666666,0.010920395806258911
lightgbm_builtin_gain,random_cv,num__hg_x_ph,real,real,other,145.46666666666667,0.009742045263341787
lightgbm_builtin_gain,random_cv,num__ret_pla,real,real,polymer_identity,135.2,0.009054763616233637
lightgbm_builtin_gain,random_cv,num__ret_other,real,real,polymer_identity,124.66666666666667,0.008348894727432861
lightgbm_builtin_gain,random_cv,num__aged_x_fg_complexing,real,real,other,122.33333333333333,0.008192873766720314
lightgbm_builtin_gain,random_cv,num__null_random_binary,real,random_noise,null_feature,121.2,0.008116891781706721
lightgbm_builtin_gain,random_cv,num__temp,real,real,solution_chemistry,114.73333333333333,0.007684397658650202
lightgbm_builtin_gain,random_cv,num__ret_ps,real,real,polymer_identity,108.66666666666667,0.0072777458372963
lightgbm_builtin_gain,random_cv,num__ret_pp,real,real,polymer_identity,97.86666666666666,0.006554221250069903
lightgbm_builtin_gain,random_cv,num__ags_aged,real,real,aging_state,94.0,0.0062955246576410495
lightgbm_builtin_gain,random_cv,num__ph_x_temp,real,real,solution_chemistry,73.93333333333334,0.004951462263824581
lightgbm_builtin_gain,random_cv,num__ph,real,real,solution_chemistry,71.93333333333334,0.0048173700257295605
lightgbm_builtin_gain,random_cv,num__ret_pa,real,real,polymer_identity,69.93333333333334,0.004683544995361538
lightgbm_builtin_gain,random_cv,num__rpm_log1p,real,real,solution_chemistry,61.666666666666664,0.0041298140363128805
lightgbm_builtin_gain,random_cv,num__sa_missing,real,real,surface_area_porosity,59.53333333333333,0.003987070988686437
lightgbm_builtin_gain,random_cv,num__ph_missing,real,real,solution_chemistry,56.6,0.0037907380724843875
lightgbm_builtin_gain,random_cv,num__temp_missing,real,real,solution_chemistry,55.4,0.0037101678864007726
lightgbm_builtin_gain,random_cv,num__ce_log1p,real,real,solution_chemistry,47.46666666666667,0.0031788628734225797
lightgbm_builtin_gain,random_cv,num__temp_log1p,real,real,solution_chemistry,38.53333333333333,0.0025806390366974277
lightgbm_builtin_gain,random_cv,num__ret_pe_x_fg_any,real,real,polymer_identity,35.13333333333333,0.002353006215573761
lightgbm_builtin_gain,random_cv,num__ret_pe,real,real,polymer_identity,29.866666666666667,0.0020002245392684967
lightgbm_builtin_gain,random_cv,num__ret_ps_x_fg_any,real,real,polymer_identity,27.933333333333334,0.001870899887841296
lightgbm_builtin_gain,random_cv,num__metal_cd,real,real,metal_identity,26.266666666666666,0.0017591337203296073
lightgbm_builtin_gain,random_cv,num__metal_cr,real,real,metal_identity,20.333333333333332,0.001361810215995191
lightgbm_builtin_gain,random_cv,num__hg_x_sa_log,real,real,other,17.333333333333332,0.0011607603596115936
lightgbm_builtin_gain,random_cv,num__fg_polar,real,real,surface_functionality,13.333333333333334,0.0008929826472668813
lightgbm_builtin_gain,random_cv,num__metal_hg,real,real,metal_identity,11.933333333333334,0.0007992780956724728
lightgbm_builtin_gain,random_cv,num__fg_complexing,real,real,surface_functionality,11.6,0.0007768006220851869
lightgbm_builtin_gain,random_cv,num__ret_pvc,real,real,polymer_identity,9.066666666666666,0.0006072202465509179
lightgbm_builtin_gain,random_cv,num__fg_any,real,real,surface_functionality,8.733333333333333,0.0005847399042004982
lightgbm_builtin_gain,random_cv,num__ags_virgin,real,real,aging_state,7.133333333333334,0.00047773515894168026
lightgbm_builtin_gain,random_cv,num__ret_pet,real,real,polymer_identity,6.466666666666667,0.0004330362753589745
lightgbm_builtin_gain,random_cv,num__ret_pa_x_fg_any,real,real,polymer_identity,6.266666666666667,0.00041970590423679057
lightgbm_builtin_gain,random_cv,num__aged_x_fg_any,real,real,other,0.2,1.3394951826067917e-05
lightgbm_builtin_gain,random_cv,num__cr_x_ph,real,real,other,0.0,0.0
lightgbm_permutation,group_aut,null_study_random_effect,null,group_aware_random,null_feature,0.06540945820759651,0.20066668469727222
lightgbm_permutation,group_aut,temp_x_ce_log,real,real,solution_chemistry,0.041896280414745454,0.10684109892294857
lightgbm_permutation,group_aut,ret_pe_x_fg_any,real,real,polymer_identity,0.010130584000974576,0.10146078590834254
lightgbm_permutation,group_aut,hg_x_ce_log,real,real,other,0.03398158617811557,0.09061016700434135
lightgbm_permutation,group_aut,ags_aged,real,real,aging_state,0.03370530855916994,0.0808244897965916
lightgbm_permutation,group_aut,ret_other,real,real,polymer_identity,0.03380613935154647,0.07378812361760276
lightgbm_permutation,group_aut,sa,real,real,surface_area_porosity,0.0077065884696504,0.0500802046984295
lightgbm_permutation,group_aut,aged_x_fg_complexing,real,real,other,0.0036484012266452545,0.040207804538111624
lightgbm_permutation,group_aut,ce,real,real,solution_chemistry,0.009855317771017617,0.03701728390000186
lightgbm_permutation,group_aut,ce_log_x_rpm_log,real,real,solution_chemistry,0.01385784581297611,0.03156991414832725
lightgbm_permutation,group_aut,ce_over_sa,real,real,solution_chemistry,0.007676579334160573,0.02730946694377958
lightgbm_permutation,group_aut,cr_x_ce_log,real,real,other,0.008496944329235333,0.019910778918915226
lightgbm_permutation,group_aut,ret_pla,real,real,polymer_identity,0.006842478430855868,0.01985607625920145
lightgbm_permutation,group_aut,sa_log1p,real,real,surface_area_porosity,0.0014844701040773716,0.014298825672804435
lightgbm_permutation,group_aut,ph_x_ce_log,real,real,solution_chemistry,0.006137549459414818,0.014151113998253504
lightgbm_permutation,group_aut,null_perm_ce,null,permuted_real,null_feature,0.0033363788826847748,0.01072552153074227
lightgbm_permutation,group_aut,ce_over_rpm,real,real,solution_chemistry,0.002334019829445957,0.009063120082646366
lightgbm_permutation,group_aut,null_exp_random_effect,null,group_aware_random,null_feature,0.002761588176375138,0.00749088674300958
lightgbm_permutation,group_aut,sa_missing,real,real,surface_area_porosity,0.002911340556400567,0.0072795627525920805
lightgbm_permutation,group_aut,ret_pa,real,real,polymer_identity,0.0011569180613749581,0.007235366354954695
lightgbm_permutation,group_aut,rpm_log1p,real,real,solution_chemistry,0.002556357191667001,0.006878165997195471
lightgbm_permutation,group_aut,ret_ps,real,real,polymer_identity,0.0016680425047484889,0.004283781296267622
lightgbm_permutation,group_aut,ret_pp,real,real,polymer_identity,0.0019091254524510304,0.00426049435892118
lightgbm_permutation,group_aut,ce_log1p,real,real,solution_chemistry,0.0009947492393591472,0.0035119334163514807
lightgbm_permutation,group_aut,null_random_uniform,null,random_noise,null_feature,0.00027688180627365665,0.0030255343661994014
lightgbm_permutation,group_aut,null_perm_ph,null,permuted_real,null_feature,0.0004668046146923444,0.002501086918926753
lightgbm_permutation,group_aut,temp,real,real,solution_chemistry,0.0006210705987793718,0.002485356304551891
lightgbm_permutation,group_aut,ph_x_temp,real,real,solution_chemistry,0.0012185964332388788,0.002177664579740528
lightgbm_permutation,group_aut,ags_virgin,real,real,aging_state,0.0005549430177273063,0.001917999793908312
lightgbm_permutation,group_aut,hg_x_ph,real,real,other,0.0007958257201469386,0.0018887606613273305
lightgbm_permutation,group_aut,temp_missing,real,real,solution_chemistry,0.0004649425728122392,0.001832663890445937
lightgbm_permutation,group_aut,cd_x_ph,real,real,other,0.0007390313665968118,0.0016246599940395526
lightgbm_permutation,group_aut,ret_pa_x_fg_any,real,real,polymer_identity,0.00015430821702200448,0.0015563363579101837
lightgbm_permutation,group_aut,ph_missing,real,real,solution_chemistry,0.0002173623518168072,0.0015128182023065554
lightgbm_permutation,group_aut,metal_hg,real,real,metal_identity,0.0005378942525260056,0.0014590535112577754
lightgbm_permutation,group_aut,ret_pe,real,real,polymer_identity,0.00015169780382384368,0.001250793730935399
lightgbm_permutation,group_aut,ret_ps_x_fg_any,real,real,polymer_identity,0.00046456409994337985,0.001159544661677962
lightgbm_permutation,group_aut,temp_log1p,real,real,solution_chemistry,0.0004836106790134736,0.0011081036783810315
lightgbm_permutation,group_aut,fg_complexing,real,real,surface_functionality,0.00022667628481899959,0.0010456557373576334
lightgbm_permutation,group_aut,aged_x_fg_any,real,real,other,8.762516146972876e-05,0.0008625338420015786
lightgbm_permutation,group_aut,null_random_normal,null,random_noise,null_feature,7.662116395994788e-05,0.0007755964821844154
lightgbm_permutation,group_aut,fg_polar,real,real,surface_functionality,0.0003285117174609442,0.0007174750694766077
lightgbm_permutation,group_aut,hg_x_sa_log,real,real,other,9.334267010757624e-05,0.0005846970523119336
lightgbm_permutation,group_aut,rpm,real,real,solution_chemistry,0.00019532348736940987,0.00042658975379604675
lightgbm_permutation,group_aut,ph,real,real,solution_chemistry,3.4925295048189306e-05,0.0003735426526948561
lightgbm_permutation,group_aut,cr_x_sa_log,real,real,other,0.00010423037444969197,0.00018626248065481754
lightgbm_permutation,group_aut,ret_pvc,real,real,polymer_identity,9.41709028250859e-06,0.00010102118852267462
lightgbm_permutation,group_aut,null_random_binary,null,random_noise,null_feature,4.0198465910488145e-05,8.779411993244776e-05
lightgbm_permutation,group_aut,cr_x_ph,real,real,other,2.8660150975334806e-06,1.6803411854191374e-05
lightgbm_permutation,group_aut,cd_x_ce_log,real,real,other,0.0,0.0
lightgbm_permutation,group_aut,cd_x_sa_log,real,real,other,0.0,0.0
lightgbm_permutation,group_aut,fg_any,real,real,surface_functionality,0.0,0.0
lightgbm_permutation,group_aut,metal_cd,real,real,metal_identity,0.0,0.0
lightgbm_permutation,group_aut,metal_cr,real,real,metal_identity,0.0,0.0
lightgbm_permutation,group_aut,ret_pet,real,real,polymer_identity,0.0,0.0
lightgbm_permutation,group_aut,rpm_missing,real,real,solution_chemistry,0.0,0.0
lightgbm_permutation,group_exp,aged_x_fg_complexing,real,real,other,0.5092836628202819,0.22798832382765327
lightgbm_permutation,group_exp,hg_x_ce_log,real,real,other,0.43687357527067333,0.20121832415727745
lightgbm_permutation,group_exp,rpm_missing,real,real,solution_chemistry,0.29127257652113137,0.12693221430208027
lightgbm_permutation,group_exp,temp_x_ce_log,real,real,solution_chemistry,0.12020831720185383,0.04417364051800361
lightgbm_permutation,group_exp,rpm,real,real,solution_chemistry,0.11443654927941774,0.04297495893316942
lightgbm_permutation,group_exp,null_study_random_effect,null,group_aware_random,null_feature,0.11910240679460768,0.0419315981330737
lightgbm_permutation,group_exp,ret_pp,real,real,polymer_identity,0.08467345282351303,0.037063021747292896
lightgbm_permutation,group_exp,ce,real,real,solution_chemistry,0.0912260050003967,0.03265028769978033
lightgbm_permutation,group_exp,cr_x_ce_log,real,real,other,0.06513306283233988,0.027572881438691077
lightgbm_permutation,group_exp,sa,real,real,surface_area_porosity,0.06625598007244815,0.025783775934595243
lightgbm_permutation,group_exp,null_exp_random_effect,null,group_aware_random,null_feature,0.05191002053819358,0.021167810284397792
lightgbm_permutation,group_exp,sa_missing,real,real,surface_area_porosity,0.03822348832692617,0.02015231363451175
lightgbm_permutation,group_exp,ce_log_x_rpm_log,real,real,solution_chemistry,0.04392786713651679,0.01883214693836746
lightgbm_permutation,group_exp,ags_aged,real,real,aging_state,0.024155443704260024,0.018391007337352758
lightgbm_permutation,group_exp,ret_other,real,real,polymer_identity,0.04840222303842248,0.016166700805448034
lightgbm_permutation,group_exp,ce_over_sa,real,real,solution_chemistry,0.041924524345458986,0.015653823354664826
lightgbm_permutation,group_exp,ph_x_ce_log,real,real,solution_chemistry,0.03281462489154981,0.011321579433783297
lightgbm_permutation,group_exp,ret_pla,real,real,polymer_identity,0.022299350130543353,0.01075233984867351
lightgbm_permutation,group_exp,ret_pe_x_fg_any,real,real,polymer_identity,0.02089314204675295,0.006433473086662098
lightgbm_permutation,group_exp,cd_x_sa_log,real,real,other,0.014874999726889177,0.005613557024968284
lightgbm_permutation,group_exp,null_perm_ce,null,permuted_real,null_feature,0.012329837345564799,0.005441191185471187
lightgbm_permutation,group_exp,cd_x_ph,real,real,other,0.011468015620248342,0.0038539816613444725
lightgbm_permutation,group_exp,rpm_log1p,real,real,solution_chemistry,0.01297095153055077,0.0036420422666457093
lightgbm_permutation,group_exp,null_random_normal,null,random_noise,null_feature,0.009225598250848241,0.00336569404780611
lightgbm_permutation,group_exp,ret_ps,real,real,polymer_identity,0.00708324885226398,0.002976804707371657
lightgbm_permutation,group_exp,sa_log1p,real,real,surface_area_porosity,0.007522996822986632,0.0028974936644056573
lightgbm_permutation,group_exp,ph_x_temp,real,real,solution_chemistry,0.006968764865752548,0.0028544542446994835
lightgbm_permutation,group_exp,ret_pe,real,real,polymer_identity,0.008235086274633041,0.002726490470503792
lightgbm_permutation,group_exp,ce_over_rpm,real,real,solution_chemistry,0.006688889623754727,0.0026075991590984336
lightgbm_permutation,group_exp,metal_cd,real,real,metal_identity,0.005293969257614976,0.0014964306646562072
lightgbm_permutation,group_exp,temp,real,real,solution_chemistry,0.003631502038077438,0.0014810665088110346
lightgbm_permutation,group_exp,cd_x_ce_log,real,real,other,0.0035529254826309684,0.0014595433691649336
lightgbm_permutation,group_exp,ph_missing,real,real,solution_chemistry,0.0038424378533098804,0.0012683167382822518
lightgbm_permutation,group_exp,ret_ps_x_fg_any,real,real,polymer_identity,0.00313578210902695,0.0012634511821194238
lightgbm_permutation,group_exp,ret_pa,real,real,polymer_identity,0.0022647079938382378,0.0012612031542913803
lightgbm_permutation,group_exp,cr_x_sa_log,real,real,other,0.0033120211663419754,0.0011826536198531461
lightgbm_permutation,group_exp,aged_x_fg_any,real,real,other,0.0023266510131738174,0.001111775375400122
lightgbm_permutation,group_exp,ags_virgin,real,real,aging_state,0.0022376862151964783,0.001066385265253785
lightgbm_permutation,group_exp,hg_x_ph,real,real,other,0.002240638043666273,0.0009539274754251405
lightgbm_permutation,group_exp,null_random_uniform,null,random_noise,null_feature,0.002973416947383458,0.0007944759188583401
lightgbm_permutation,group_exp,ce_log1p,real,real,solution_chemistry,0.0020129918779638848,0.0006675973012078045
lightgbm_permutation,group_exp,metal_cr,real,real,metal_identity,0.001747247270058756,0.0006351633223059628
lightgbm_permutation,group_exp,fg_polar,real,real,surface_functionality,0.0015812754652955185,0.000544199883955475
lightgbm_permutation,group_exp,null_perm_ph,null,permuted_real,null_feature,0.0010978802396393605,0.0005245535000153879
lightgbm_permutation,group_exp,temp_log1p,real,real,solution_chemistry,0.0006598346082367045,0.00029575180312428156
lightgbm_permutation,group_exp,fg_complexing,real,real,surface_functionality,0.0006279573521474934,0.00023355207654497553
lightgbm_permutation,group_exp,temp_missing,real,real,solution_chemistry,0.00046027265194458655,0.00022373357043309092
lightgbm_permutation,group_exp,ph,real,real,solution_chemistry,0.00036993166773948815,0.00016844181482594011
lightgbm_permutation,group_exp,cr_x_ph,real,real,other,0.00017712028429822554,9.589194293408159e-05
lightgbm_permutation,group_exp,null_random_binary,null,random_noise,null_feature,7.950115459526951e-05,8.95071089791025e-05
lightgbm_permutation,group_exp,ret_pa_x_fg_any,real,real,polymer_identity,6.797859004328167e-05,1.8163397109462198e-05
lightgbm_permutation,group_exp,hg_x_sa_log,real,real,other,3.4325587163095415e-05,1.089046280902293e-05
lightgbm_permutation,group_exp,ret_pet,real,real,polymer_identity,6.426801204728605e-06,7.23567347854466e-06
lightgbm_permutation,group_exp,ret_pvc,real,real,polymer_identity,1.9353034452702646e-05,6.527704336824506e-06
lightgbm_permutation,group_exp,fg_any,real,real,surface_functionality,6.091335741920111e-08,3.131803067647069e-08
lightgbm_permutation,group_exp,metal_hg,real,real,metal_identity,0.0,0.0
lightgbm_permutation,leave_one_study_out,temp_x_ce_log,real,real,solution_chemistry,0.018346281312390907,0.1220671050218534
lightgbm_permutation,leave_one_study_out,ce,real,real,solution_chemistry,0.01138818868582374,0.10195365731731973
lightgbm_permutation,leave_one_study_out,null_perm_ce,null,permuted_real,null_feature,0.00537615988229228,0.0880182305811065
lightgbm_permutation,leave_one_study_out,ce_log_x_rpm_log,real,real,solution_chemistry,0.0035713696659389494,0.07035855392882465
lightgbm_permutation,leave_one_study_out,sa,real,real,surface_area_porosity,0.022221786369725396,0.055064533503499505
lightgbm_permutation,leave_one_study_out,aged_x_fg_complexing,real,real,other,0.0035937483017308733,0.05026886067101949
lightgbm_permutation,leave_one_study_out,ret_pa,real,real,polymer_identity,0.0012472794306286957,0.04747127987516214
lightgbm_permutation,leave_one_study_out,null_random_normal,null,random_noise,null_feature,0.0013609334121567724,0.04696884880520479
lightgbm_permutation,leave_one_study_out,null_exp_random_effect,null,group_aware_random,null_feature,0.003219164587555223,0.046665609576994525
lightgbm_permutation,leave_one_study_out,ce_over_rpm,real,real,solution_chemistry,0.005436744472167508,0.040665049567668345
lightgbm_permutation,leave_one_study_out,ce_over_sa,real,real,solution_chemistry,0.0035966877794490486,0.03885714109737899
lightgbm_permutation,leave_one_study_out,ret_pp,real,real,polymer_identity,0.01851486632867293,0.03766433546002736
lightgbm_permutation,leave_one_study_out,null_perm_ph,null,permuted_real,null_feature,0.0010405388302073047,0.027885582324782592
lightgbm_permutation,leave_one_study_out,cd_x_ce_log,real,real,other,0.0010393110704968705,0.024980056785792012
lightgbm_permutation,leave_one_study_out,null_random_uniform,null,random_noise,null_feature,0.0006895861238254407,0.022986117223013854
lightgbm_permutation,leave_one_study_out,cr_x_ce_log,real,real,other,0.001131627430255377,0.02067091236058678
lightgbm_permutation,leave_one_study_out,ph_x_ce_log,real,real,solution_chemistry,0.0019316622653699975,0.019768352051672693
lightgbm_permutation,leave_one_study_out,hg_x_ce_log,real,real,other,0.000611498669238136,0.01907251391442717
lightgbm_permutation,leave_one_study_out,ret_pe_x_fg_any,real,real,polymer_identity,0.0026397181766142446,0.017701168654193272
lightgbm_permutation,leave_one_study_out,ags_aged,real,real,aging_state,0.0009619926839754216,0.015599633039291535
lightgbm_permutation,leave_one_study_out,null_random_binary,null,random_noise,null_feature,0.0005056858415502896,0.013232533349286537
lightgbm_permutation,leave_one_study_out,ret_other,real,real,polymer_identity,0.0016274411589376077,0.010324219454526714
lightgbm_permutation,leave_one_study_out,ret_pet,real,real,polymer_identity,8.662149974015713e-05,0.010231121994877506
lightgbm_permutation,leave_one_study_out,metal_hg,real,real,metal_identity,0.00024996067799742066,0.009200338921369611
lightgbm_permutation,leave_one_study_out,ret_pla,real,real,polymer_identity,0.00042394162242004595,0.008601497151588193
lightgbm_permutation,leave_one_study_out,sa_log1p,real,real,surface_area_porosity,0.0010986341237083559,0.0081378751232836
lightgbm_permutation,leave_one_study_out,ret_ps,real,real,polymer_identity,0.00040783060296017146,0.005856569451340347
lightgbm_permutation,leave_one_study_out,ce_log1p,real,real,solution_chemistry,0.0001732767988692802,0.003745636168166777
lightgbm_permutation,leave_one_study_out,rpm,real,real,solution_chemistry,0.0003603445806958358,0.0026485241752063422
lightgbm_permutation,leave_one_study_out,cd_x_sa_log,real,real,other,0.0008938653683199839,0.0025384678042900902
lightgbm_permutation,leave_one_study_out,ret_pe,real,real,polymer_identity,8.920614356086677e-05,0.00200452980906612
lightgbm_permutation,leave_one_study_out,ret_pvc,real,real,polymer_identity,1.6501000266064602e-05,0.0018242175492689595
lightgbm_permutation,leave_one_study_out,temp_log1p,real,real,solution_chemistry,1.6318153602274324e-05,0.0015191021207077598
lightgbm_permutation,leave_one_study_out,metal_cd,real,real,metal_identity,3.949342371952753e-05,0.0014536401737102844
lightgbm_permutation,leave_one_study_out,ret_ps_x_fg_any,real,real,polymer_identity,0.00011847486357146681,0.0008864134474982988
lightgbm_permutation,leave_one_study_out,rpm_log1p,real,real,solution_chemistry,0.00010075360923851016,0.0007405366532561566
lightgbm_permutation,leave_one_study_out,cd_x_ph,real,real,other,1.556917562887479e-05,0.0005730569050282942
lightgbm_permutation,leave_one_study_out,sa_missing,real,real,surface_area_porosity,0.00039998939568930956,0.00045565688986858694
lightgbm_permutation,leave_one_study_out,ret_pa_x_fg_any,real,real,polymer_identity,2.1432910416992975e-05,0.0004442471491191592
lightgbm_permutation,leave_one_study_out,hg_x_ph,real,real,other,8.607029187250048e-06,0.0003168001713839087
lightgbm_permutation,leave_one_study_out,ags_virgin,real,real,aging_state,1.6864248161028815e-05,0.00029779481230403587
lightgbm_permutation,leave_one_study_out,aged_x_fg_any,real,real,other,1.7930486933284332e-05,0.00017759548406669914
lightgbm_permutation,leave_one_study_out,cr_x_sa_log,real,real,other,1.3230336755734957e-05,8.118180464829908e-05
lightgbm_permutation,leave_one_study_out,hg_x_sa_log,real,real,other,6.770454874296588e-07,2.0901676318388207e-05
lightgbm_permutation,leave_one_study_out,cr_x_ph,real,real,other,0.0,0.0
lightgbm_permutation,leave_one_study_out,fg_any,real,real,surface_functionality,0.0,0.0
lightgbm_permutation,leave_one_study_out,fg_complexing,real,real,surface_functionality,0.0,0.0
lightgbm_permutation,leave_one_study_out,fg_polar,real,real,surface_functionality,0.0,0.0
lightgbm_permutation,leave_one_study_out,metal_cr,real,real,metal_identity,0.0,0.0
lightgbm_permutation,leave_one_study_out,null_study_random_effect,null,group_aware_random,null_feature,0.0,0.0
lightgbm_permutation,leave_one_study_out,ph,real,real,solution_chemistry,0.0,0.0
lightgbm_permutation,leave_one_study_out,ph_missing,real,real,solution_chemistry,0.0,0.0
lightgbm_permutation,leave_one_study_out,ph_x_temp,real,real,solution_chemistry,0.0,0.0
lightgbm_permutation,leave_one_study_out,rpm_missing,real,real,solution_chemistry,0.0,0.0
lightgbm_permutation,leave_one_study_out,temp,real,real,solution_chemistry,0.0,0.0
lightgbm_permutation,leave_one_study_out,temp_missing,real,real,solution_chemistry,0.0,0.0
lightgbm_permutation,random_cv,hg_x_ce_log,real,real,other,0.8422152135712329,0.20877309618150694
lightgbm_permutation,random_cv,aged_x_fg_complexing,real,real,other,0.5096952625554835,0.12625416516282736
lightgbm_permutation,random_cv,rpm_missing,real,real,solution_chemistry,0.5048591772242833,0.12358010283677735
lightgbm_permutation,random_cv,null_study_random_effect,null,group_aware_random,null_feature,0.2653683221697412,0.06348754994255414
lightgbm_permutation,random_cv,temp_x_ce_log,real,real,solution_chemistry,0.2477937733554107,0.06183663157139688
lightgbm_permutation,random_cv,ret_other,real,real,polymer_identity,0.22101964550912143,0.05761375421071755
lightgbm_permutation,random_cv,null_exp_random_effect,null,group_aware_random,null_feature,0.15815602134694193,0.038176621132667884
lightgbm_permutation,random_cv,ret_pp,real,real,polymer_identity,0.14627696138927535,0.03619541087743378
lightgbm_permutation,random_cv,rpm,real,real,solution_chemistry,0.15186557665843642,0.03602725587611434
lightgbm_permutation,random_cv,ret_pla,real,real,polymer_identity,0.1432354972058373,0.03557413804441942
lightgbm_permutation,random_cv,cr_x_ce_log,real,real,other,0.1166299063516525,0.029723515084163366
lightgbm_permutation,random_cv,ce,real,real,solution_chemistry,0.1177630492737746,0.027970905249610496
lightgbm_permutation,random_cv,ags_aged,real,real,aging_state,0.10635123441171608,0.025695171814923937
lightgbm_permutation,random_cv,sa,real,real,surface_area_porosity,0.09696590931652421,0.023486134525129376
lightgbm_permutation,random_cv,ph_x_ce_log,real,real,solution_chemistry,0.07922173367511244,0.018854281379121443
lightgbm_permutation,random_cv,ce_log_x_rpm_log,real,real,solution_chemistry,0.04201993991035709,0.009927100585163705
lightgbm_permutation,random_cv,cd_x_sa_log,real,real,other,0.02751848441594451,0.00654389505489487
lightgbm_permutation,random_cv,ret_pe_x_fg_any,real,real,polymer_identity,0.022018550397174205,0.005857851425518166
lightgbm_permutation,random_cv,null_perm_ce,null,permuted_real,null_feature,0.024234147322938583,0.005722926155753465
lightgbm_permutation,random_cv,ce_over_sa,real,real,solution_chemistry,0.024561799235555272,0.005452101529085612
lightgbm_permutation,random_cv,cd_x_ph,real,real,other,0.019315192432237213,0.004482814114054447
lightgbm_permutation,random_cv,ret_pe,real,real,polymer_identity,0.017065326924635606,0.004457616790040881
lightgbm_permutation,random_cv,sa_missing,real,real,surface_area_porosity,0.01718461280535129,0.004289215979873112
lightgbm_permutation,random_cv,sa_log1p,real,real,surface_area_porosity,0.014790684994388363,0.004028498831903955
lightgbm_permutation,random_cv,ce_over_rpm,real,real,solution_chemistry,0.01519949994118145,0.003910195518071591
lightgbm_permutation,random_cv,cr_x_sa_log,real,real,other,0.011294608514481079,0.0031316452939315624
lightgbm_permutation,random_cv,cd_x_ce_log,real,real,other,0.011596854450578826,0.002819038274232923
lightgbm_permutation,random_cv,ags_virgin,real,real,aging_state,0.01079025371978782,0.0027445374450624656
lightgbm_permutation,random_cv,null_random_normal,null,random_noise,null_feature,0.011206325069674247,0.002557234546737285
lightgbm_permutation,random_cv,rpm_log1p,real,real,solution_chemistry,0.008480484097066582,0.002273929167964933
lightgbm_permutation,random_cv,ph_x_temp,real,real,solution_chemistry,0.008190949107136473,0.002058595072636639
lightgbm_permutation,random_cv,temp,real,real,solution_chemistry,0.00797460372514648,0.0019088472599610698
lightgbm_permutation,random_cv,metal_cd,real,real,metal_identity,0.006678015507726032,0.001523888559636306
lightgbm_permutation,random_cv,ret_pa,real,real,polymer_identity,0.005731185910322267,0.0015049264517259413
lightgbm_permutation,random_cv,null_random_binary,null,random_noise,null_feature,0.0059490191890720695,0.0014812419424505847
lightgbm_permutation,random_cv,ce_log1p,real,real,solution_chemistry,0.0058930348543108245,0.001293661153544423
lightgbm_permutation,random_cv,null_random_uniform,null,random_noise,null_feature,0.004667267247395527,0.001136616211250458
lightgbm_permutation,random_cv,hg_x_ph,real,real,other,0.002549832394553872,0.0008189756310673409
lightgbm_permutation,random_cv,temp_log1p,real,real,solution_chemistry,0.0028792439162423277,0.0007748504348474857
lightgbm_permutation,random_cv,fg_polar,real,real,surface_functionality,0.0028058369414738025,0.0007220234270248933
lightgbm_permutation,random_cv,ph_missing,real,real,solution_chemistry,0.002652191861578915,0.000696972307221018
lightgbm_permutation,random_cv,null_perm_ph,null,permuted_real,null_feature,0.0031026232736928745,0.0006878281131313501
lightgbm_permutation,random_cv,metal_cr,real,real,metal_identity,0.002615232497040964,0.000629942632130726
lightgbm_permutation,random_cv,aged_x_fg_any,real,real,other,0.00243939450139499,0.0006179058320880624
lightgbm_permutation,random_cv,ret_ps,real,real,polymer_identity,0.0025254065416247837,0.0005805167365200176
lightgbm_permutation,random_cv,temp_missing,real,real,solution_chemistry,0.0016171262649005641,0.0004048150592963828
lightgbm_permutation,random_cv,fg_any,real,real,surface_functionality,0.0013170759742428323,0.0003227177987862579
lightgbm_permutation,random_cv,metal_hg,real,real,metal_identity,0.0014125180578922457,0.00031752931842539433
lightgbm_permutation,random_cv,hg_x_sa_log,real,real,other,0.001297470184240643,0.00029558397370233987
lightgbm_permutation,random_cv,ret_pvc,real,real,polymer_identity,0.0006969892840346318,0.0001887658006291273
lightgbm_permutation,random_cv,ret_pa_x_fg_any,real,real,polymer_identity,0.0007742151831403862,0.00018200204769521264
lightgbm_permutation,random_cv,ph,real,real,solution_chemistry,0.0005032392120774931,0.00012298314173487827
lightgbm_permutation,random_cv,ret_ps_x_fg_any,real,real,polymer_identity,0.0004911681092978819,0.00012152655600342329
lightgbm_permutation,random_cv,fg_complexing,real,real,surface_functionality,0.00033920236307018864,7.576968199577917e-05
lightgbm_permutation,random_cv,ret_pet,real,real,polymer_identity,0.0002535198787037436,6.351835714665863e-05
lightgbm_permutation,random_cv,cr_x_ph,real,real,other,8.96314599882612e-05,2.0661897695001715e-05
lightgbm_shap,group_aut,null_study_random_effect,null,group_aware_random,null_feature,0.13291535336857904,0.14446039180175088
lightgbm_shap,group_aut,cr_x_ce_log,real,real,other,0.08467241245353596,0.08912548833869537
lightgbm_shap,group_aut,temp_x_ce_log,real,real,solution_chemistry,0.06950167815894387,0.07413806311232606
lightgbm_shap,group_aut,ph_x_ce_log,real,real,solution_chemistry,0.04810402662671791,0.06231328856777234
lightgbm_shap,group_aut,ags_aged,real,real,aging_state,0.04410366004540956,0.04689468190911476
lightgbm_shap,group_aut,aged_x_fg_complexing,real,real,other,0.04547368802709904,0.04436070258695183
lightgbm_shap,group_aut,ret_other,real,real,polymer_identity,0.027697414536618635,0.041571223605298954
lightgbm_shap,group_aut,hg_x_ce_log,real,real,other,0.03645338344695046,0.03910259537373945
lightgbm_shap,group_aut,rpm,real,real,solution_chemistry,0.02973874501866019,0.03090995001562693
lightgbm_shap,group_aut,null_exp_random_effect,null,group_aware_random,null_feature,0.025138455215458416,0.03085441383868261
lightgbm_shap,group_aut,ce_log_x_rpm_log,real,real,solution_chemistry,0.02506018256142879,0.028270583298542085
lightgbm_shap,group_aut,ret_pp,real,real,polymer_identity,0.024049825778010847,0.024703794357150963
lightgbm_shap,group_aut,cd_x_sa_log,real,real,other,0.01538085207696925,0.02462421622183609
lightgbm_shap,group_aut,sa_missing,real,real,surface_area_porosity,0.020158405340866138,0.024368988839066998
lightgbm_shap,group_aut,ce_over_sa,real,real,solution_chemistry,0.018500646154792903,0.0214387779571955
lightgbm_shap,group_aut,cd_x_ce_log,real,real,other,0.014529678914423402,0.02097203029282369
lightgbm_shap,group_aut,rpm_missing,real,real,solution_chemistry,0.02012816777525177,0.020235317477484076
lightgbm_shap,group_aut,ce_over_rpm,real,real,solution_chemistry,0.015131045121067038,0.020141721482252663
lightgbm_shap,group_aut,ce,real,real,solution_chemistry,0.01689656960053756,0.018806082167729946
lightgbm_shap,group_aut,fg_polar,real,real,surface_functionality,0.006564302694352188,0.014912110263787779
lightgbm_shap,group_aut,ret_pla,real,real,polymer_identity,0.012052924553049717,0.013994275166650527
lightgbm_shap,group_aut,temp,real,real,solution_chemistry,0.01247521613832627,0.013659516450917786
lightgbm_shap,group_aut,ret_pa,real,real,polymer_identity,0.012959314841491109,0.01307760592128578
lightgbm_shap,group_aut,sa,real,real,surface_area_porosity,0.010553289362087135,0.013038986302848322
lightgbm_shap,group_aut,ph_missing,real,real,solution_chemistry,0.013336712068720691,0.012998112062212333
lightgbm_shap,group_aut,ret_pe_x_fg_any,real,real,polymer_identity,0.010534849550479838,0.010495471462421819
lightgbm_shap,group_aut,null_perm_ce,null,permuted_real,null_feature,0.008322666179646405,0.008997198718999823
lightgbm_shap,group_aut,cr_x_sa_log,real,real,other,0.007521672954795171,0.008734393937432732
lightgbm_shap,group_aut,sa_log1p,real,real,surface_area_porosity,0.006842371134329191,0.008486736072568554
lightgbm_shap,group_aut,metal_cd,real,real,metal_identity,0.006454184307144441,0.0077550039095115415
lightgbm_shap,group_aut,null_random_normal,null,random_noise,null_feature,0.0051395018346767326,0.0066126250230131274
lightgbm_shap,group_aut,temp_missing,real,real,solution_chemistry,0.005297296171899695,0.006320665779005213
lightgbm_shap,group_aut,rpm_log1p,real,real,solution_chemistry,0.0055416167185942345,0.006151500256486394
lightgbm_shap,group_aut,null_random_uniform,null,random_noise,null_feature,0.004467751913525404,0.005350456013997144
lightgbm_shap,group_aut,null_perm_ph,null,permuted_real,null_feature,0.004806786541508531,0.0052897012724147105
lightgbm_shap,group_aut,fg_any,real,real,surface_functionality,0.002019059484448539,0.004463945577638001
lightgbm_shap,group_aut,cd_x_ph,real,real,other,0.003245909211575882,0.003803462207570348
lightgbm_shap,group_aut,ret_ps,real,real,polymer_identity,0.0034210290775769556,0.0035063366992810823
lightgbm_shap,group_aut,metal_cr,real,real,metal_identity,0.003205616030896443,0.0034471597971454616
lightgbm_shap,group_aut,hg_x_ph,real,real,other,0.003214406513050583,0.0031778070700890235
lightgbm_shap,group_aut,ph,real,real,solution_chemistry,0.002475391435761731,0.0030267436573538017
lightgbm_shap,group_aut,ph_x_temp,real,real,solution_chemistry,0.0020632538162251857,0.002540627390075596
lightgbm_shap,group_aut,ags_virgin,real,real,aging_state,0.0015745713264293721,0.0020835513079122923
lightgbm_shap,group_aut,temp_log1p,real,real,solution_chemistry,0.0015606883679949964,0.0017282194796332407
lightgbm_shap,group_aut,ce_log1p,real,real,solution_chemistry,0.0014327814082399195,0.0016540248528847414
lightgbm_shap,group_aut,ret_pe,real,real,polymer_identity,0.0014361232889671931,0.0015618337466287197
lightgbm_shap,group_aut,metal_hg,real,real,metal_identity,0.001053029090081734,0.0012299206775211618
lightgbm_shap,group_aut,null_random_binary,null,random_noise,null_feature,0.0010393878119839394,0.0011561174119275584
lightgbm_shap,group_aut,ret_ps_x_fg_any,real,real,polymer_identity,0.0008382971663729855,0.000879059339326466
lightgbm_shap,group_aut,ret_pa_x_fg_any,real,real,polymer_identity,0.0008049037236933738,0.000878114762682091
lightgbm_shap,group_aut,aged_x_fg_any,real,real,other,0.0006190981573212852,0.0005835254227164707
lightgbm_shap,group_aut,ret_pvc,real,real,polymer_identity,0.00030628333217841755,0.00043643591420441924
lightgbm_shap,group_aut,fg_complexing,real,real,surface_functionality,0.00023067776211735538,0.0003262738083365514
lightgbm_shap,group_aut,hg_x_sa_log,real,real,other,0.00016554591221654746,0.00022325167299530282
lightgbm_shap,group_aut,ret_pet,real,real,polymer_identity,8.865722999738208e-05,0.00012691934648290736
lightgbm_shap,group_aut,cr_x_ph,real,real,other,0.0,0.0
lightgbm_shap,group_exp,ret_other,real,real,polymer_identity,0.06306093983339994,0.07723322628928536
lightgbm_shap,group_exp,hg_x_ce_log,real,real,other,0.05742265457594301,0.07275226122211305
lightgbm_shap,group_exp,aged_x_fg_complexing,real,real,other,0.055807705654348824,0.07125087602282451
lightgbm_shap,group_exp,rpm_missing,real,real,solution_chemistry,0.055549329681776435,0.07116553758695376
lightgbm_shap,group_exp,cr_x_ce_log,real,real,other,0.05586391954351592,0.07070859522240179
lightgbm_shap,group_exp,null_study_random_effect,null,group_aware_random,null_feature,0.055471548314350305,0.06790941471908234
lightgbm_shap,group_exp,temp_x_ce_log,real,real,solution_chemistry,0.05014018947082014,0.06412967984369536
lightgbm_shap,group_exp,ph_x_ce_log,real,real,solution_chemistry,0.03426600527750621,0.0422223684283463
lightgbm_shap,group_exp,sa,real,real,surface_area_porosity,0.03171575625168628,0.040877494834622156
lightgbm_shap,group_exp,null_exp_random_effect,null,group_aware_random,null_feature,0.030870560985513735,0.038460958420386486
lightgbm_shap,group_exp,rpm,real,real,solution_chemistry,0.029677815585239752,0.03820245728990716
lightgbm_shap,group_exp,ret_pp,real,real,polymer_identity,0.02809715998982338,0.0358093608456867
lightgbm_shap,group_exp,ce_log_x_rpm_log,real,real,solution_chemistry,0.023744659313427882,0.030394999356193542
lightgbm_shap,group_exp,ce_over_sa,real,real,solution_chemistry,0.020862891821161755,0.026701332222232903
lightgbm_shap,group_exp,ce_over_rpm,real,real,solution_chemistry,0.01577270290870863,0.01936811221994902
lightgbm_shap,group_exp,ret_pa,real,real,polymer_identity,0.014745642259312658,0.018623897950073503
lightgbm_shap,group_exp,ce,real,real,solution_chemistry,0.013936678495705613,0.017627259151883613
lightgbm_shap,group_exp,cd_x_ph,real,real,other,0.013691053888221899,0.017540314444822156
lightgbm_shap,group_exp,cd_x_sa_log,real,real,other,0.013086830574803431,0.015971732406802032
lightgbm_shap,group_exp,sa_missing,real,real,surface_area_porosity,0.012342522619552643,0.015504513160314728
lightgbm_shap,group_exp,sa_log1p,real,real,surface_area_porosity,0.011183393272780012,0.014232318914226109
lightgbm_shap,group_exp,ags_aged,real,real,aging_state,0.00958290276963368,0.01168372897601183
lightgbm_shap,group_exp,ret_pla,real,real,polymer_identity,0.007349295258499686,0.009523567518355567
lightgbm_shap,group_exp,cd_x_ce_log,real,real,other,0.00706053573266241,0.008811855173721649
lightgbm_shap,group_exp,null_perm_ce,null,permuted_real,null_feature,0.0062148859769713665,0.007817337321849287
lightgbm_shap,group_exp,null_random_normal,null,random_noise,null_feature,0.005735164453378484,0.007335749777258936
lightgbm_shap,group_exp,ret_ps,real,real,polymer_identity,0.005454209626368422,0.007064502117789982
lightgbm_shap,group_exp,cr_x_sa_log,real,real,other,0.005307143811733301,0.006705261445395605
lightgbm_shap,group_exp,ret_pe_x_fg_any,real,real,polymer_identity,0.005402939023672058,0.00656749515976021
lightgbm_shap,group_exp,null_random_uniform,null,random_noise,null_feature,0.004749522166975747,0.006012345915970412
lightgbm_shap,group_exp,rpm_log1p,real,real,solution_chemistry,0.004808393424089742,0.005820735961996748
lightgbm_shap,group_exp,null_perm_ph,null,permuted_real,null_feature,0.0045488732936069375,0.005675952243204029
lightgbm_shap,group_exp,hg_x_ph,real,real,other,0.004540455426492918,0.005601236368906045
lightgbm_shap,group_exp,temp,real,real,solution_chemistry,0.004183349513221442,0.005425399549306241
lightgbm_shap,group_exp,temp_missing,real,real,solution_chemistry,0.0036300471721132815,0.004580513873112794
lightgbm_shap,group_exp,ret_pe,real,real,polymer_identity,0.003481142448118605,0.0043781248748014055
lightgbm_shap,group_exp,ce_log1p,real,real,solution_chemistry,0.0026645596203901784,0.0035169870851043325
lightgbm_shap,group_exp,ret_pa_x_fg_any,real,real,polymer_identity,0.002320142135275764,0.002843068060381704
lightgbm_shap,group_exp,ph_missing,real,real,solution_chemistry,0.0021242559115066655,0.0026679146150901966
lightgbm_shap,group_exp,temp_log1p,real,real,solution_chemistry,0.0021165494948719105,0.002540780063211684
lightgbm_shap,group_exp,metal_cd,real,real,metal_identity,0.0018544021892017374,0.0023852692791267545
lightgbm_shap,group_exp,ph_x_temp,real,real,solution_chemistry,0.001677720151769996,0.00208841423165503
lightgbm_shap,group_exp,metal_hg,real,real,metal_identity,0.0015967103284488943,0.0020449728988412817
lightgbm_shap,group_exp,fg_complexing,real,real,surface_functionality,0.0014339717192758917,0.0018548300010681746
lightgbm_shap,group_exp,fg_polar,real,real,surface_functionality,0.001402834713887134,0.0017526361417004878
lightgbm_shap,group_exp,ph,real,real,solution_chemistry,0.0011825786245343176,0.0014672551661815815
lightgbm_shap,group_exp,null_random_binary,null,random_noise,null_feature,0.001098913440296234,0.0014015333984074394
lightgbm_shap,group_exp,fg_any,real,real,surface_functionality,0.0010366527552537065,0.001347583339076321
lightgbm_shap,group_exp,metal_cr,real,real,metal_identity,0.0009636711665191745,0.0012534797584642086
lightgbm_shap,group_exp,ret_ps_x_fg_any,real,real,polymer_identity,0.000966535394642964,0.0012481915308378208
lightgbm_shap,group_exp,ret_pvc,real,real,polymer_identity,0.0006997357033676592,0.0008205599880880831
lightgbm_shap,group_exp,hg_x_sa_log,real,real,other,0.0004936821065723913,0.0006422104380153987
lightgbm_shap,group_exp,ret_pet,real,real,polymer_identity,0.00023838953582457529,0.0002969236199720334
lightgbm_shap,group_exp,ags_virgin,real,real,aging_state,0.00010513889733816334,0.00013418244502827223
lightgbm_shap,group_exp,aged_x_fg_any,real,real,other,2.484103874053718e-06,2.6911105058099446e-06
lightgbm_shap,group_exp,cr_x_ph,real,real,other,0.0,0.0
lightgbm_shap,leave_one_study_out,temp_x_ce_log,real,real,solution_chemistry,0.06505733855164932,0.07924081554907998
lightgbm_shap,leave_one_study_out,cr_x_ce_log,real,real,other,0.06282459192845397,0.07787812234223154
lightgbm_shap,leave_one_study_out,null_study_random_effect,null,group_aware_random,null_feature,0.07673830301157862,0.07738438575774718
lightgbm_shap,leave_one_study_out,ret_other,real,real,polymer_identity,0.0763687827293104,0.07512809702445554
lightgbm_shap,leave_one_study_out,ph_x_ce_log,real,real,solution_chemistry,0.04942612483626688,0.058221178133409525
lightgbm_shap,leave_one_study_out,aged_x_fg_complexing,real,real,other,0.04320129306925741,0.05459145047695141
lightgbm_shap,leave_one_study_out,rpm,real,real,solution_chemistry,0.043371255000511165,0.053033804886619816
lightgbm_shap,leave_one_study_out,rpm_missing,real,real,solution_chemistry,0.03513870514504376,0.04896355403951895
lightgbm_shap,leave_one_study_out,sa,real,real,surface_area_porosity,0.030849168096737566,0.03943832290296934
lightgbm_shap,leave_one_study_out,hg_x_ce_log,real,real,other,0.029177906334312866,0.039249405160713284
lightgbm_shap,leave_one_study_out,ce_log_x_rpm_log,real,real,solution_chemistry,0.029380690582835264,0.03683575970532714
lightgbm_shap,leave_one_study_out,ret_pp,real,real,polymer_identity,0.027323915927915613,0.033757527560190924
lightgbm_shap,leave_one_study_out,null_exp_random_effect,null,group_aware_random,null_feature,0.024350557042397487,0.03015887371293884
lightgbm_shap,leave_one_study_out,ags_aged,real,real,aging_state,0.01886556027036579,0.02419652115717075
lightgbm_shap,leave_one_study_out,ce,real,real,solution_chemistry,0.02214352831146064,0.024174322854382365
lightgbm_shap,leave_one_study_out,cd_x_sa_log,real,real,other,0.01979790378614348,0.022600632631512695
lightgbm_shap,leave_one_study_out,ret_pla,real,real,polymer_identity,0.014352012992211135,0.020526136500792012
lightgbm_shap,leave_one_study_out,sa_missing,real,real,surface_area_porosity,0.013173163580533666,0.01800912055371915
lightgbm_shap,leave_one_study_out,ce_over_sa,real,real,solution_chemistry,0.014677481964615583,0.01760552046956387
lightgbm_shap,leave_one_study_out,ret_pa,real,real,polymer_identity,0.012323231970800333,0.01703044994091839
lightgbm_shap,leave_one_study_out,ce_over_rpm,real,real,solution_chemistry,0.012994462961168228,0.01460449191658222
lightgbm_shap,leave_one_study_out,cr_x_sa_log,real,real,other,0.007692341535391041,0.010765583764191627
lightgbm_shap,leave_one_study_out,cd_x_ce_log,real,real,other,0.007725428758729049,0.009214798148653787
lightgbm_shap,leave_one_study_out,sa_log1p,real,real,surface_area_porosity,0.0067632157186651495,0.008506080432799512
lightgbm_shap,leave_one_study_out,fg_polar,real,real,surface_functionality,0.005264239510625681,0.008163671623350955
lightgbm_shap,leave_one_study_out,null_perm_ce,null,permuted_real,null_feature,0.006390791076410019,0.007975076184394674
lightgbm_shap,leave_one_study_out,temp_missing,real,real,solution_chemistry,0.005451817427062672,0.007899418169911979
lightgbm_shap,leave_one_study_out,temp,real,real,solution_chemistry,0.005479457457973871,0.006959021075388089
lightgbm_shap,leave_one_study_out,cd_x_ph,real,real,other,0.005068474698124647,0.006662241913012468
lightgbm_shap,leave_one_study_out,ph_missing,real,real,solution_chemistry,0.0056453801515497,0.005888174909459722
lightgbm_shap,leave_one_study_out,null_random_normal,null,random_noise,null_feature,0.004341650716427056,0.005720870403309684
lightgbm_shap,leave_one_study_out,rpm_log1p,real,real,solution_chemistry,0.004306284335319393,0.0056470180544932105
lightgbm_shap,leave_one_study_out,null_random_uniform,null,random_noise,null_feature,0.004137093751400022,0.0056268204047034455
lightgbm_shap,leave_one_study_out,null_perm_ph,null,permuted_real,null_feature,0.004087983308693365,0.005350557992775638
lightgbm_shap,leave_one_study_out,ret_pe_x_fg_any,real,real,polymer_identity,0.004656339502603971,0.005319575747600362
lightgbm_shap,leave_one_study_out,ret_ps,real,real,polymer_identity,0.0033343929991440924,0.004364755548484714
lightgbm_shap,leave_one_study_out,ret_pe,real,real,polymer_identity,0.002484760308029012,0.003509445311502699
lightgbm_shap,leave_one_study_out,ph_x_temp,real,real,solution_chemistry,0.002337580498347678,0.003321883572799765
lightgbm_shap,leave_one_study_out,ph,real,real,solution_chemistry,0.0023648932085407175,0.003133751367196894
lightgbm_shap,leave_one_study_out,metal_cr,real,real,metal_identity,0.0028291414691450616,0.002966077693531327
lightgbm_shap,leave_one_study_out,hg_x_ph,real,real,other,0.0019599237587936626,0.0025705017126488173
lightgbm_shap,leave_one_study_out,ags_virgin,real,real,aging_state,0.0018938539176063987,0.002437222704318597
lightgbm_shap,leave_one_study_out,ce_log1p,real,real,solution_chemistry,0.0019290160674187331,0.002413528695552485
lightgbm_shap,leave_one_study_out,temp_log1p,real,real,solution_chemistry,0.0019797526007722297,0.0022868572237883223
lightgbm_shap,leave_one_study_out,metal_cd,real,real,metal_identity,0.001556814800856475,0.0018022788926192427
lightgbm_shap,leave_one_study_out,ret_pa_x_fg_any,real,real,polymer_identity,0.0012675771346584784,0.0017904685719356249
lightgbm_shap,leave_one_study_out,ret_pvc,real,real,polymer_identity,0.0009049583834599183,0.0013393646454623906
lightgbm_shap,leave_one_study_out,null_random_binary,null,random_noise,null_feature,0.00105827531609586,0.0013143923902092756
lightgbm_shap,leave_one_study_out,fg_complexing,real,real,surface_functionality,0.0008952257565128834,0.0013051235312378487
lightgbm_shap,leave_one_study_out,metal_hg,real,real,metal_identity,0.0007780668306225924,0.0010553038208257618
lightgbm_shap,leave_one_study_out,ret_ps_x_fg_any,real,real,polymer_identity,0.0006120468986015204,0.0008664699670253715
lightgbm_shap,leave_one_study_out,hg_x_sa_log,real,real,other,0.0004951844376051973,0.0006722905272669788
lightgbm_shap,leave_one_study_out,fg_any,real,real,surface_functionality,0.00019497620903903665,0.00024123592780198895
lightgbm_shap,leave_one_study_out,ret_pet,real,real,polymer_identity,0.00021695534094514873,0.00021382264585019268
lightgbm_shap,leave_one_study_out,aged_x_fg_any,real,real,other,5.8200746198854536e-05,6.7823149101586e-05
lightgbm_shap,leave_one_study_out,cr_x_ph,real,real,other,0.0,0.0
lightgbm_shap,random_cv,temp_x_ce_log,real,real,solution_chemistry,0.06170331150894503,0.07837166576881407
lightgbm_shap,random_cv,ret_other,real,real,polymer_identity,0.06112860891075159,0.07771577422112004
lightgbm_shap,random_cv,cr_x_ce_log,real,real,other,0.059877595811616516,0.07599758957655824
lightgbm_shap,random_cv,hg_x_ce_log,real,real,other,0.05796057568545465,0.07354927366067086
lightgbm_shap,random_cv,rpm_missing,real,real,solution_chemistry,0.05552915930244021,0.07044497289676835
lightgbm_shap,random_cv,null_study_random_effect,null,group_aware_random,null_feature,0.05179501134411934,0.06582111412379267
lightgbm_shap,random_cv,aged_x_fg_complexing,real,real,other,0.05184594943302634,0.06574038787035669
lightgbm_shap,random_cv,ph_x_ce_log,real,real,solution_chemistry,0.03533053324174226,0.04453324311070583
lightgbm_shap,random_cv,sa,real,real,surface_area_porosity,0.03446189772291356,0.04386649946456284
lightgbm_shap,random_cv,rpm,real,real,solution_chemistry,0.027623972092319673,0.035025240485239056
lightgbm_shap,random_cv,ret_pp,real,real,polymer_identity,0.027439882963413865,0.03492565953667238
lightgbm_shap,random_cv,null_exp_random_effect,null,group_aware_random,null_feature,0.023992460264260596,0.030474237574799657
lightgbm_shap,random_cv,ce_log_x_rpm_log,real,real,solution_chemistry,0.022821078507908703,0.02900269766884459
lightgbm_shap,random_cv,ret_pa,real,real,polymer_identity,0.01800909260553012,0.022965356711212123
lightgbm_shap,random_cv,ags_aged,real,real,aging_state,0.015739148053196848,0.02000291104739284
lightgbm_shap,random_cv,ce_over_sa,real,real,solution_chemistry,0.014932419200902996,0.01889377753929158
lightgbm_shap,random_cv,ce,real,real,solution_chemistry,0.013594081479794387,0.01735045550814833
lightgbm_shap,random_cv,ce_over_rpm,real,real,solution_chemistry,0.013382483936432812,0.017027175670055236
lightgbm_shap,random_cv,ret_pla,real,real,polymer_identity,0.01201481013692713,0.015329262989507302
lightgbm_shap,random_cv,cd_x_sa_log,real,real,other,0.011928959845203667,0.015232546947886264
lightgbm_shap,random_cv,cd_x_ph,real,real,other,0.00989636778761163,0.012613072606979324
lightgbm_shap,random_cv,sa_log1p,real,real,surface_area_porosity,0.007909282184333517,0.010096929330234058
lightgbm_shap,random_cv,null_perm_ce,null,permuted_real,null_feature,0.007835151431701274,0.009924600822040998
lightgbm_shap,random_cv,sa_missing,real,real,surface_area_porosity,0.007597227014855194,0.009611185072581192
lightgbm_shap,random_cv,cd_x_ce_log,real,real,other,0.007301013304303421,0.009289940387562482
lightgbm_shap,random_cv,cr_x_sa_log,real,real,other,0.0071062189136776276,0.009020990632828463
lightgbm_shap,random_cv,ret_pe_x_fg_any,real,real,polymer_identity,0.006232486807294042,0.007936087649661043
lightgbm_shap,random_cv,null_random_normal,null,random_noise,null_feature,0.005832021857922889,0.007399432747592816
lightgbm_shap,random_cv,null_random_uniform,null,random_noise,null_feature,0.005140839307135866,0.006514300990132531
lightgbm_shap,random_cv,null_perm_ph,null,permuted_real,null_feature,0.004732119462486064,0.006031223053655357
lightgbm_shap,random_cv,ret_pe,real,real,polymer_identity,0.004404062757134836,0.005567880574380915
lightgbm_shap,random_cv,rpm_log1p,real,real,solution_chemistry,0.004071883225786836,0.005161085163667827
lightgbm_shap,random_cv,ret_ps,real,real,polymer_identity,0.004060219224557839,0.005122645073868974
lightgbm_shap,random_cv,temp_missing,real,real,solution_chemistry,0.0037612643242572272,0.0047777190486737444
lightgbm_shap,random_cv,temp,real,real,solution_chemistry,0.0036739418898404045,0.004672724497863406
lightgbm_shap,random_cv,hg_x_ph,real,real,other,0.0031096471677375674,0.0039547941716299405
lightgbm_shap,random_cv,temp_log1p,real,real,solution_chemistry,0.002848721949503398,0.0036346370678798762
lightgbm_shap,random_cv,ph_missing,real,real,solution_chemistry,0.0028192762267259482,0.0035886311501748774
lightgbm_shap,random_cv,fg_polar,real,real,surface_functionality,0.002804664361178685,0.0035664108600548788
lightgbm_shap,random_cv,ph_x_temp,real,real,solution_chemistry,0.0024553524189653165,0.0030813249318644292
lightgbm_shap,random_cv,ret_pa_x_fg_any,real,real,polymer_identity,0.001543944991545549,0.00195829851859987
lightgbm_shap,random_cv,ags_virgin,real,real,aging_state,0.0014292270300475325,0.0018144491961733012
lightgbm_shap,random_cv,ce_log1p,real,real,solution_chemistry,0.0013626024779345397,0.0017293562403776174
lightgbm_shap,random_cv,ph,real,real,solution_chemistry,0.001352294600757166,0.0017259421957151655
lightgbm_shap,random_cv,null_random_binary,null,random_noise,null_feature,0.0011160427350356086,0.0014066092151826333
lightgbm_shap,random_cv,metal_cd,real,real,metal_identity,0.0010648372812099092,0.0013431221462679457
lightgbm_shap,random_cv,fg_any,real,real,surface_functionality,0.0009894836268069913,0.0012550342728447459
lightgbm_shap,random_cv,metal_cr,real,real,metal_identity,0.0009532062028846533,0.0012104149715237232
lightgbm_shap,random_cv,ret_ps_x_fg_any,real,real,polymer_identity,0.0006673008922246173,0.0008440829834658619
lightgbm_shap,random_cv,metal_hg,real,real,metal_identity,0.0006596930822636312,0.0008219806556412969
lightgbm_shap,random_cv,hg_x_sa_log,real,real,other,0.0005440798653189141,0.0006902291640196412
lightgbm_shap,random_cv,ret_pvc,real,real,polymer_identity,0.0005212659553860813,0.0006754323244753848
lightgbm_shap,random_cv,fg_complexing,real,real,surface_functionality,0.00036145799511315706,0.00045597544831256997
lightgbm_shap,random_cv,ret_pet,real,real,polymer_identity,0.00015667088870154966,0.0002006327074242655
lightgbm_shap,random_cv,aged_x_fg_any,real,real,other,2.6669404165046538e-05,3.298175424991878e-05
lightgbm_shap,random_cv,cr_x_ph,real,real,other,0.0,0.0
