feature,importance,importance_share,mechanism_group,feature_type,null_type,regime,split_id,model,method
num__ph,0.0015506850728393,0.0555739671955134,solution_chemistry,real,real,random_cv,random_cv_01,elastic_net,elastic_net_coef
num__temp,0.0030404099816048,0.1089632237635667,solution_chemistry,real,real,random_cv,random_cv_01,elastic_net,elastic_net_coef
num__ce,0.0,0.0,solution_chemistry,real,real,random_cv,random_cv_01,elastic_net,elastic_net_coef
num__rpm,0.0,0.0,solution_chemistry,real,real,random_cv,random_cv_01,elastic_net,elastic_net_coef
num__sa,0.0,0.0,surface_area_porosity,real,real,random_cv,random_cv_01,elastic_net,elastic_net_coef
num__fg_complexing,0.0,0.0,surface_functionality,real,real,random_cv,random_cv_01,elastic_net,elastic_net_coef
num__fg_polar,0.0,0.0,surface_functionality,real,real,random_cv,random_cv_01,elastic_net,elastic_net_coef
num__fg_any,0.0,0.0,surface_functionality,real,real,random_cv,random_cv_01,elastic_net,elastic_net_coef
num__ags_aged,0.0,0.0,aging_state,real,real,random_cv,random_cv_01,elastic_net,elastic_net_coef
num__ags_virgin,0.0,0.0,aging_state,real,real,random_cv,random_cv_01,elastic_net,elastic_net_coef
num__ph_missing,0.0,0.0,solution_chemistry,real,real,random_cv,random_cv_01,elastic_net,elastic_net_coef
num__temp_missing,0.0,0.0,solution_chemistry,real,real,random_cv,random_cv_01,elastic_net,elastic_net_coef
num__rpm_missing,0.0,0.0,solution_chemistry,real,real,random_cv,random_cv_01,elastic_net,elastic_net_coef
num__sa_missing,0.0,0.0,surface_area_porosity,real,real,random_cv,random_cv_01,elastic_net,elastic_net_coef
num__metal_cd,0.0,0.0,metal_identity,real,real,random_cv,random_cv_01,elastic_net,elastic_net_coef
num__metal_cr,0.0,0.0,metal_identity,real,real,random_cv,random_cv_01,elastic_net,elastic_net_coef
num__metal_hg,0.0,0.0,metal_identity,real,real,random_cv,random_cv_01,elastic_net,elastic_net_coef
num__ret_other,0.0,0.0,polymer_identity,real,real,random_cv,random_cv_01,elastic_net,elastic_net_coef
num__ret_pa,0.0,0.0,polymer_identity,real,real,random_cv,random_cv_01,elastic_net,elastic_net_coef
num__ret_pe,0.0,0.0,polymer_identity,real,real,random_cv,random_cv_01,elastic_net,elastic_net_coef
num__ret_pet,0.0,0.0,polymer_identity,real,real,random_cv,random_cv_01,elastic_net,elastic_net_coef
num__ret_pla,0.0,0.0,polymer_identity,real,real,random_cv,random_cv_01,elastic_net,elastic_net_coef
num__ret_pp,0.0,0.0,polymer_identity,real,real,random_cv,random_cv_01,elastic_net,elastic_net_coef
num__ret_ps,0.0,0.0,polymer_identity,real,real,random_cv,random_cv_01,elastic_net,elastic_net_coef
num__ret_pvc,0.0,0.0,polymer_identity,real,real,random_cv,random_cv_01,elastic_net,elastic_net_coef
num__ce_log1p,0.0,0.0,solution_chemistry,real,real,random_cv,random_cv_01,elastic_net,elastic_net_coef
num__rpm_log1p,0.0,0.0,solution_chemistry,real,real,random_cv,random_cv_01,elastic_net,elastic_net_coef
num__sa_log1p,0.0,0.0,surface_area_porosity,real,real,random_cv,random_cv_01,elastic_net,elastic_net_coef
num__temp_log1p,0.0,0.0,solution_chemistry,real,real,random_cv,random_cv_01,elastic_net,elastic_net_coef
num__ph_x_temp,0.0,0.0,solution_chemistry,real,real,random_cv,random_cv_01,elastic_net,elastic_net_coef
num__ph_x_ce_log,0.0,0.0,solution_chemistry,real,real,random_cv,random_cv_01,elastic_net,elastic_net_coef
num__temp_x_ce_log,0.0,0.0,solution_chemistry,real,real,random_cv,random_cv_01,elastic_net,elastic_net_coef
num__ce_log_x_rpm_log,0.0,0.0,solution_chemistry,real,real,random_cv,random_cv_01,elastic_net,elastic_net_coef
num__ce_over_rpm,0.0233119889090226,0.8354628090409199,solution_chemistry,real,real,random_cv,random_cv_01,elastic_net,elastic_net_coef
num__ce_over_sa,0.0,0.0,solution_chemistry,real,real,random_cv,random_cv_01,elastic_net,elastic_net_coef
num__cd_x_ph,0.0,0.0,other,real,real,random_cv,random_cv_01,elastic_net,elastic_net_coef
num__cd_x_ce_log,0.0,0.0,other,real,real,random_cv,random_cv_01,elastic_net,elastic_net_coef
num__cd_x_sa_log,0.0,0.0,other,real,real,random_cv,random_cv_01,elastic_net,elastic_net_coef
num__cr_x_ph,0.0,0.0,other,real,real,random_cv,random_cv_01,elastic_net,elastic_net_coef
num__cr_x_ce_log,0.0,0.0,other,real,real,random_cv,random_cv_01,elastic_net,elastic_net_coef
num__cr_x_sa_log,0.0,0.0,other,real,real,random_cv,random_cv_01,elastic_net,elastic_net_coef
num__hg_x_ph,0.0,0.0,other,real,real,random_cv,random_cv_01,elastic_net,elastic_net_coef
num__hg_x_ce_log,0.0,0.0,other,real,real,random_cv,random_cv_01,elastic_net,elastic_net_coef
num__hg_x_sa_log,0.0,0.0,other,real,real,random_cv,random_cv_01,elastic_net,elastic_net_coef
num__aged_x_fg_any,0.0,0.0,other,real,real,random_cv,random_cv_01,elastic_net,elastic_net_coef
num__aged_x_fg_complexing,0.0,0.0,other,real,real,random_cv,random_cv_01,elastic_net,elastic_net_coef
num__ret_ps_x_fg_any,0.0,0.0,polymer_identity,real,real,random_cv,random_cv_01,elastic_net,elastic_net_coef
num__ret_pe_x_fg_any,0.0,0.0,polymer_identity,real,real,random_cv,random_cv_01,elastic_net,elastic_net_coef
num__ret_pa_x_fg_any,0.0,0.0,polymer_identity,real,real,random_cv,random_cv_01,elastic_net,elastic_net_coef
num__null_random_normal,0.0,0.0,null_feature,real,random_noise,random_cv,random_cv_01,elastic_net,elastic_net_coef
num__null_random_uniform,0.0,0.0,null_feature,real,random_noise,random_cv,random_cv_01,elastic_net,elastic_net_coef
num__null_random_binary,0.0,0.0,null_feature,real,random_noise,random_cv,random_cv_01,elastic_net,elastic_net_coef
num__null_perm_ph,0.0,0.0,null_feature,real,permuted_real,random_cv,random_cv_01,elastic_net,elastic_net_coef
num__null_perm_ce,0.0,0.0,null_feature,real,permuted_real,random_cv,random_cv_01,elastic_net,elastic_net_coef
num__null_study_random_effect,0.0,0.0,null_feature,real,group_aware_random,random_cv,random_cv_01,elastic_net,elastic_net_coef
num__null_exp_random_effect,0.0,0.0,null_feature,real,group_aware_random,random_cv,random_cv_01,elastic_net,elastic_net_coef
ph,0.0008365719121962,0.0370837235992493,solution_chemistry,real,real,random_cv,random_cv_01,elastic_net,elastic_net_permutation
temp,0.0022139787638387,0.0981416843380052,solution_chemistry,real,real,random_cv,random_cv_01,elastic_net,elastic_net_permutation
ce,2.175114007174628e-06,9.641887979140936e-05,solution_chemistry,real,real,random_cv,random_cv_01,elastic_net,elastic_net_permutation
rpm,0.0,0.0,solution_chemistry,real,real,random_cv,random_cv_01,elastic_net,elastic_net_permutation
sa,5.296889186984233e-05,0.0023480154148409,surface_area_porosity,real,real,random_cv,random_cv_01,elastic_net,elastic_net_permutation
fg_complexing,0.0,0.0,surface_functionality,real,real,random_cv,random_cv_01,elastic_net,elastic_net_permutation
fg_polar,1.3738369395444038e-07,6.08997129759621e-06,surface_functionality,real,real,random_cv,random_cv_01,elastic_net,elastic_net_permutation
fg_any,9.646274489183427e-08,4.276019451576472e-06,surface_functionality,real,real,random_cv,random_cv_01,elastic_net,elastic_net_permutation
ags_aged,0.0,0.0,aging_state,real,real,random_cv,random_cv_01,elastic_net,elastic_net_permutation
ags_virgin,0.0,0.0,aging_state,real,real,random_cv,random_cv_01,elastic_net,elastic_net_permutation
ph_missing,0.0,0.0,solution_chemistry,real,real,random_cv,random_cv_01,elastic_net,elastic_net_permutation
temp_missing,6.524350180525662e-06,0.0002892126728521,solution_chemistry,real,real,random_cv,random_cv_01,elastic_net,elastic_net_permutation
rpm_missing,0.0,0.0,solution_chemistry,real,real,random_cv,random_cv_01,elastic_net,elastic_net_permutation
sa_missing,0.0,0.0,surface_area_porosity,real,real,random_cv,random_cv_01,elastic_net,elastic_net_permutation
metal_cd,0.0,0.0,metal_identity,real,real,random_cv,random_cv_01,elastic_net,elastic_net_permutation
metal_cr,0.0,0.0,metal_identity,real,real,random_cv,random_cv_01,elastic_net,elastic_net_permutation
metal_hg,0.0,0.0,metal_identity,real,real,random_cv,random_cv_01,elastic_net,elastic_net_permutation
ret_other,2.6880275438845303e-08,1.1915541152091528e-06,polymer_identity,real,real,random_cv,random_cv_01,elastic_net,elastic_net_permutation
ret_pa,0.0,0.0,polymer_identity,real,real,random_cv,random_cv_01,elastic_net,elastic_net_permutation
ret_pe,0.0,0.0,polymer_identity,real,real,random_cv,random_cv_01,elastic_net,elastic_net_permutation
ret_pet,6.546281241082141e-06,0.0002901848372005,polymer_identity,real,real,random_cv,random_cv_01,elastic_net,elastic_net_permutation
ret_pla,1.875731576161943e-06,8.314779674369008e-05,polymer_identity,real,real,random_cv,random_cv_01,elastic_net,elastic_net_permutation
ret_pp,1.3053999325940423e-09,5.7866023925795e-08,polymer_identity,real,real,random_cv,random_cv_01,elastic_net,elastic_net_permutation
ret_ps,0.0,0.0,polymer_identity,real,real,random_cv,random_cv_01,elastic_net,elastic_net_permutation
ret_pvc,1.977587327872676e-06,8.766287845796657e-05,polymer_identity,real,real,random_cv,random_cv_01,elastic_net,elastic_net_permutation
ce_log1p,7.913163512243137e-05,0.0035077626227409,solution_chemistry,real,real,random_cv,random_cv_01,elastic_net,elastic_net_permutation
rpm_log1p,1.5779352507738763e-06,6.994702289679985e-05,solution_chemistry,real,real,random_cv,random_cv_01,elastic_net,elastic_net_permutation
sa_log1p,1.8949052087435806e-07,8.39977292846767e-06,surface_area_porosity,real,real,random_cv,random_cv_01,elastic_net,elastic_net_permutation
temp_log1p,2.8250934193119197e-06,0.0001252312944965,solution_chemistry,real,real,random_cv,random_cv_01,elastic_net,elastic_net_permutation
ph_x_temp,0.0004497482101701,0.0199365267612448,solution_chemistry,real,real,random_cv,random_cv_01,elastic_net,elastic_net_permutation
ph_x_ce_log,1.3133452242430898e-05,0.0005821822437041,solution_chemistry,real,real,random_cv,random_cv_01,elastic_net,elastic_net_permutation
temp_x_ce_log,0.000501036254252,0.0222100332260823,solution_chemistry,real,real,random_cv,random_cv_01,elastic_net,elastic_net_permutation
ce_log_x_rpm_log,0.0002679539706306,0.0118779160994081,solution_chemistry,real,real,random_cv,random_cv_01,elastic_net,elastic_net_permutation
ce_over_rpm,0.0177288877203049,0.7858896077635503,solution_chemistry,real,real,random_cv,random_cv_01,elastic_net,elastic_net_permutation
ce_over_sa,9.984539737090126e-05,0.0044259663332936,solution_chemistry,real,real,random_cv,random_cv_01,elastic_net,elastic_net_permutation
cd_x_ph,0.0,0.0,other,real,real,random_cv,random_cv_01,elastic_net,elastic_net_permutation
cd_x_ce_log,0.0,0.0,other,real,real,random_cv,random_cv_01,elastic_net,elastic_net_permutation
cd_x_sa_log,2.973047100152115e-06,0.0001317898142434,other,real,real,random_cv,random_cv_01,elastic_net,elastic_net_permutation
cr_x_ph,1.7640240312921663e-08,7.819600281239949e-07,other,real,real,random_cv,random_cv_01,elastic_net,elastic_net_permutation
cr_x_ce_log,0.0,0.0,other,real,real,random_cv,random_cv_01,elastic_net,elastic_net_permutation
cr_x_sa_log,0.0,0.0,other,real,real,random_cv,random_cv_01,elastic_net,elastic_net_permutation
hg_x_ph,0.0,0.0,other,real,real,random_cv,random_cv_01,elastic_net,elastic_net_permutation
hg_x_ce_log,0.0,0.0,other,real,real,random_cv,random_cv_01,elastic_net,elastic_net_permutation
hg_x_sa_log,0.0,0.0,other,real,real,random_cv,random_cv_01,elastic_net,elastic_net_permutation
aged_x_fg_any,0.0,0.0,other,real,real,random_cv,random_cv_01,elastic_net,elastic_net_permutation
aged_x_fg_complexing,0.0,0.0,other,real,real,random_cv,random_cv_01,elastic_net,elastic_net_permutation
ret_ps_x_fg_any,0.0,0.0,polymer_identity,real,real,random_cv,random_cv_01,elastic_net,elastic_net_permutation
ret_pe_x_fg_any,0.0,0.0,polymer_identity,real,real,random_cv,random_cv_01,elastic_net,elastic_net_permutation
ret_pa_x_fg_any,0.0,0.0,polymer_identity,real,real,random_cv,random_cv_01,elastic_net,elastic_net_permutation
null_random_normal,4.852044306599135e-05,0.0021508237048607,null_feature,,random_noise,random_cv,random_cv_01,elastic_net,elastic_net_permutation
null_random_uniform,5.5638432149640594e-05,0.0024663513192979,null_feature,,random_noise,random_cv,random_cv_01,elastic_net,elastic_net_permutation
null_random_binary,1.2416668299219949e-05,0.0005504085046592,null_feature,,random_noise,random_cv,random_cv_01,elastic_net,elastic_net_permutation
null_perm_ph,0.0,0.0,null_feature,,permuted_real,random_cv,random_cv_01,elastic_net,elastic_net_permutation
null_perm_ce,0.0001446819358139,0.0064134891923904,null_feature,,permuted_real,random_cv,random_cv_01,elastic_net,elastic_net_permutation
null_study_random_effect,0.0,0.0,null_feature,,group_aware_random,random_cv,random_cv_01,elastic_net,elastic_net_permutation
null_exp_random_effect,2.754717424540143e-05,0.0012211165361444,null_feature,,group_aware_random,random_cv,random_cv_01,elastic_net,elastic_net_permutation
ph,0.0,0.0,solution_chemistry,real,real,random_cv,random_cv_01,lightgbm,lightgbm_permutation
temp,0.0096046141541579,0.002334915206158,solution_chemistry,real,real,random_cv,random_cv_01,lightgbm,lightgbm_permutation
ce,0.1021668373419704,0.0248371145624391,solution_chemistry,real,real,random_cv,random_cv_01,lightgbm,lightgbm_permutation
rpm,0.2596222698360152,0.0631150794782273,solution_chemistry,real,real,random_cv,random_cv_01,lightgbm,lightgbm_permutation
sa,0.1786229543818249,0.0434238633286948,surface_area_porosity,real,real,random_cv,random_cv_01,lightgbm,lightgbm_permutation
fg_complexing,0.0,0.0,surface_functionality,real,real,random_cv,random_cv_01,lightgbm,lightgbm_permutation
fg_polar,0.0,0.0,surface_functionality,real,real,random_cv,random_cv_01,lightgbm,lightgbm_permutation
fg_any,0.0,0.0,surface_functionality,real,real,random_cv,random_cv_01,lightgbm,lightgbm_permutation
ags_aged,0.2079218054970225,0.0505465162425779,aging_state,real,real,random_cv,random_cv_01,lightgbm,lightgbm_permutation
ags_virgin,0.0519888739161935,0.0126386766099712,aging_state,real,real,random_cv,random_cv_01,lightgbm,lightgbm_permutation
ph_missing,0.0022906022271299,0.0005568533920823,solution_chemistry,real,real,random_cv,random_cv_01,lightgbm,lightgbm_permutation
temp_missing,0.0003883703256095,9.441418096881378e-05,solution_chemistry,real,real,random_cv,random_cv_01,lightgbm,lightgbm_permutation
rpm_missing,0.4222965935666308,0.1026617750595029,solution_chemistry,real,real,random_cv,random_cv_01,lightgbm,lightgbm_permutation
sa_missing,0.0,0.0,surface_area_porosity,real,real,random_cv,random_cv_01,lightgbm,lightgbm_permutation
metal_cd,0.0,0.0,metal_identity,real,real,random_cv,random_cv_01,lightgbm,lightgbm_permutation
metal_cr,0.0,0.0,metal_identity,real,real,random_cv,random_cv_01,lightgbm,lightgbm_permutation
metal_hg,0.0,0.0,metal_identity,real,real,random_cv,random_cv_01,lightgbm,lightgbm_permutation
ret_other,0.1442280960918724,0.0350623532934275,polymer_identity,real,real,random_cv,random_cv_01,lightgbm,lightgbm_permutation
ret_pa,0.0110980188746673,0.0026979671033918,polymer_identity,real,real,random_cv,random_cv_01,lightgbm,lightgbm_permutation
ret_pe,0.0654695090339127,0.015915866033703,polymer_identity,real,real,random_cv,random_cv_01,lightgbm,lightgbm_permutation
ret_pet,0.0,0.0,polymer_identity,real,real,random_cv,random_cv_01,lightgbm,lightgbm_permutation
ret_pla,0.1659032815865069,0.040331666500123,polymer_identity,real,real,random_cv,random_cv_01,lightgbm,lightgbm_permutation
ret_pp,0.2291532842543767,0.0557079627935888,polymer_identity,real,real,random_cv,random_cv_01,lightgbm,lightgbm_permutation
ret_ps,0.0013892251695605,0.0003377254849722,polymer_identity,real,real,random_cv,random_cv_01,lightgbm,lightgbm_permutation
ret_pvc,0.0,0.0,polymer_identity,real,real,random_cv,random_cv_01,lightgbm,lightgbm_permutation
ce_log1p,0.0112472001217975,0.0027342335849815,solution_chemistry,real,real,random_cv,random_cv_01,lightgbm,lightgbm_permutation
rpm_log1p,0.0044938629691977,0.0010924737644591,solution_chemistry,real,real,random_cv,random_cv_01,lightgbm,lightgbm_permutation
sa_log1p,0.0171869995471893,0.0041782195460284,surface_area_porosity,real,real,random_cv,random_cv_01,lightgbm,lightgbm_permutation
temp_log1p,0.0072685485243561,0.001767009502289,solution_chemistry,real,real,random_cv,random_cv_01,lightgbm,lightgbm_permutation
ph_x_temp,0.0156329735512394,0.0038004304052603,solution_chemistry,real,real,random_cv,random_cv_01,lightgbm,lightgbm_permutation
ph_x_ce_log,0.084311023557747,0.020496303942258,solution_chemistry,real,real,random_cv,random_cv_01,lightgbm,lightgbm_permutation
temp_x_ce_log,0.1936311275412388,0.0470724025791131,solution_chemistry,real,real,random_cv,random_cv_01,lightgbm,lightgbm_permutation
ce_log_x_rpm_log,0.0638354777417175,0.0155186273263227,solution_chemistry,real,real,random_cv,random_cv_01,lightgbm,lightgbm_permutation
ce_over_rpm,0.0058106223134328,0.0014125825545008,solution_chemistry,real,real,random_cv,random_cv_01,lightgbm,lightgbm_permutation
ce_over_sa,0.0350771004755302,0.0085273654905537,solution_chemistry,real,real,random_cv,random_cv_01,lightgbm,lightgbm_permutation
cd_x_ph,0.0171109564969726,0.0041597332152478,other,real,real,random_cv,random_cv_01,lightgbm,lightgbm_permutation
cd_x_ce_log,0.0060697726244212,0.0014755828991368,other,real,real,random_cv,random_cv_01,lightgbm,lightgbm_permutation
cd_x_sa_log,0.0834170037052181,0.0202789645973585,other,real,real,random_cv,random_cv_01,lightgbm,lightgbm_permutation
cr_x_ph,0.0,0.0,other,real,real,random_cv,random_cv_01,lightgbm,lightgbm_permutation
cr_x_ce_log,0.1001088605321543,0.0243368132208094,other,real,real,random_cv,random_cv_01,lightgbm,lightgbm_permutation
cr_x_sa_log,0.0071586509792706,0.0017402930257059,other,real,real,random_cv,random_cv_01,lightgbm,lightgbm_permutation
hg_x_ph,0.0011727547965244,0.0002851007821396,other,real,real,random_cv,random_cv_01,lightgbm,lightgbm_permutation
hg_x_ce_log,0.7942177488018508,0.1930771053280957,other,real,real,random_cv,random_cv_01,lightgbm,lightgbm_permutation
hg_x_sa_log,0.0,0.0,other,real,real,random_cv,random_cv_01,lightgbm,lightgbm_permutation
aged_x_fg_any,0.0015060247672056,0.0003661198746101,other,real,real,random_cv,random_cv_01,lightgbm,lightgbm_permutation
aged_x_fg_complexing,0.4359438332102933,0.1059794666246842,other,real,real,random_cv,random_cv_01,lightgbm,lightgbm_permutation
ret_ps_x_fg_any,0.0,0.0,polymer_identity,real,real,random_cv,random_cv_01,lightgbm,lightgbm_permutation
ret_pe_x_fg_any,0.0103583717083053,0.002518156297022,polymer_identity,real,real,random_cv,random_cv_01,lightgbm,lightgbm_permutation
ret_pa_x_fg_any,0.0001816384741405,4.415694670155416e-05,polymer_identity,real,real,random_cv,random_cv_01,lightgbm,lightgbm_permutation
null_random_normal,0.0,0.0,null_feature,,random_noise,random_cv,random_cv_01,lightgbm,lightgbm_permutation
null_random_uniform,0.0,0.0,null_feature,,random_noise,random_cv,random_cv_01,lightgbm,lightgbm_permutation
null_random_binary,0.0,0.0,null_feature,,random_noise,random_cv,random_cv_01,lightgbm,lightgbm_permutation
null_perm_ph,0.0,0.0,null_feature,,permuted_real,random_cv,random_cv_01,lightgbm,lightgbm_permutation
null_perm_ce,0.0260726216898382,0.006338345286016,null_feature,,permuted_real,random_cv,random_cv_01,lightgbm,lightgbm_permutation
null_study_random_effect,0.2609298020830064,0.0634329451287407,null_feature,,group_aware_random,random_cv,random_cv_01,lightgbm,lightgbm_permutation
null_exp_random_effect,0.0785871849449981,0.0191048188081346,null_feature,,group_aware_random,random_cv,random_cv_01,lightgbm,lightgbm_permutation
num__ph,107.0,0.0071725432363587,solution_chemistry,real,real,random_cv,random_cv_01,lightgbm,lightgbm_builtin_gain
num__temp,132.0,0.008848371095321,solution_chemistry,real,real,random_cv,random_cv_01,lightgbm,lightgbm_builtin_gain
num__ce,566.0,0.037940742726907,solution_chemistry,real,real,random_cv,random_cv_01,lightgbm,lightgbm_builtin_gain
num__rpm,345.0,0.0231264244536801,solution_chemistry,real,real,random_cv,random_cv_01,lightgbm,lightgbm_builtin_gain
num__sa,720.0,0.048263842338115,surface_area_porosity,real,real,random_cv,random_cv_01,lightgbm,lightgbm_builtin_gain
num__fg_complexing,7.0,0.0004692318005094,surface_functionality,real,real,random_cv,random_cv_01,lightgbm,lightgbm_builtin_gain
num__fg_polar,24.0,0.0016087947446038,surface_functionality,real,real,random_cv,random_cv_01,lightgbm,lightgbm_builtin_gain
num__fg_any,0.0,0.0,surface_functionality,real,real,random_cv,random_cv_01,lightgbm,lightgbm_builtin_gain
num__ags_aged,78.0,0.0052285829199624,aging_state,real,real,random_cv,random_cv_01,lightgbm,lightgbm_builtin_gain
num__ags_virgin,6.0,0.0004021986861509,aging_state,real,real,random_cv,random_cv_01,lightgbm,lightgbm_builtin_gain
num__ph_missing,61.0,0.004089019975868,solution_chemistry,real,real,random_cv,random_cv_01,lightgbm,lightgbm_builtin_gain
num__temp_missing,43.0,0.0028824239174152,solution_chemistry,real,real,random_cv,random_cv_01,lightgbm,lightgbm_builtin_gain
num__rpm_missing,135.0,0.0090494704383965,solution_chemistry,real,real,random_cv,random_cv_01,lightgbm,lightgbm_builtin_gain
num__sa_missing,56.0,0.0037538544040756,surface_area_porosity,real,real,random_cv,random_cv_01,lightgbm,lightgbm_builtin_gain
num__metal_cd,16.0,0.0010725298297358,metal_identity,real,real,random_cv,random_cv_01,lightgbm,lightgbm_builtin_gain
num__metal_cr,15.0,0.0010054967153773,metal_identity,real,real,random_cv,random_cv_01,lightgbm,lightgbm_builtin_gain
num__metal_hg,6.0,0.0004021986861509,metal_identity,real,real,random_cv,random_cv_01,lightgbm,lightgbm_builtin_gain
num__ret_other,104.0,0.0069714438932832,polymer_identity,real,real,random_cv,random_cv_01,lightgbm,lightgbm_builtin_gain
num__ret_pa,85.0,0.0056978147204719,polymer_identity,real,real,random_cv,random_cv_01,lightgbm,lightgbm_builtin_gain
num__ret_pe,46.0,0.0030835232604906,polymer_identity,real,real,random_cv,random_cv_01,lightgbm,lightgbm_builtin_gain
num__ret_pet,2.0,0.0001340662287169,polymer_identity,real,real,random_cv,random_cv_01,lightgbm,lightgbm_builtin_gain
num__ret_pla,100.0,0.0067033114358493,polymer_identity,real,real,random_cv,random_cv_01,lightgbm,lightgbm_builtin_gain
num__ret_pp,109.0,0.0073066094650757,polymer_identity,real,real,random_cv,random_cv_01,lightgbm,lightgbm_builtin_gain
num__ret_ps,115.0,0.0077088081512267,polymer_identity,real,real,random_cv,random_cv_01,lightgbm,lightgbm_builtin_gain
num__ret_pvc,10.0,0.0006703311435849,polymer_identity,real,real,random_cv,random_cv_01,lightgbm,lightgbm_builtin_gain
num__ce_log1p,40.0,0.0026813245743397,solution_chemistry,real,real,random_cv,random_cv_01,lightgbm,lightgbm_builtin_gain
num__rpm_log1p,62.0,0.0041560530902265,solution_chemistry,real,real,random_cv,random_cv_01,lightgbm,lightgbm_builtin_gain
num__sa_log1p,315.0,0.0211154310229253,surface_area_porosity,real,real,random_cv,random_cv_01,lightgbm,lightgbm_builtin_gain
num__temp_log1p,66.0,0.0044241855476605,solution_chemistry,real,real,random_cv,random_cv_01,lightgbm,lightgbm_builtin_gain
num__ph_x_temp,75.0,0.0050274835768869,solution_chemistry,real,real,random_cv,random_cv_01,lightgbm,lightgbm_builtin_gain
num__ph_x_ce_log,895.0,0.0599946373508513,solution_chemistry,real,real,random_cv,random_cv_01,lightgbm,lightgbm_builtin_gain
num__temp_x_ce_log,750.0,0.0502748357688698,solution_chemistry,real,real,random_cv,random_cv_01,lightgbm,lightgbm_builtin_gain
num__ce_log_x_rpm_log,530.0,0.0355275506100013,solution_chemistry,real,real,random_cv,random_cv_01,lightgbm,lightgbm_builtin_gain
num__ce_over_rpm,512.0,0.0343209545515484,solution_chemistry,real,real,random_cv,random_cv_01,lightgbm,lightgbm_builtin_gain
num__ce_over_sa,688.0,0.0461187826786432,solution_chemistry,real,real,random_cv,random_cv_01,lightgbm,lightgbm_builtin_gain
num__cd_x_ph,215.0,0.014412119587076,other,real,real,random_cv,random_cv_01,lightgbm,lightgbm_builtin_gain
num__cd_x_ce_log,306.0,0.0205121329936988,other,real,real,random_cv,random_cv_01,lightgbm,lightgbm_builtin_gain
num__cd_x_sa_log,448.0,0.0300308352326049,other,real,real,random_cv,random_cv_01,lightgbm,lightgbm_builtin_gain
num__cr_x_ph,0.0,0.0,other,real,real,random_cv,random_cv_01,lightgbm,lightgbm_builtin_gain
num__cr_x_ce_log,324.0,0.0217187290521517,other,real,real,random_cv,random_cv_01,lightgbm,lightgbm_builtin_gain
num__cr_x_sa_log,375.0,0.0251374178844349,other,real,real,random_cv,random_cv_01,lightgbm,lightgbm_builtin_gain
num__hg_x_ph,143.0,0.0095857353532645,other,real,real,random_cv,random_cv_01,lightgbm,lightgbm_builtin_gain
num__hg_x_ce_log,727.0,0.0487330741386244,other,real,real,random_cv,random_cv_01,lightgbm,lightgbm_builtin_gain
num__hg_x_sa_log,13.0,0.0008714304866604,other,real,real,random_cv,random_cv_01,lightgbm,lightgbm_builtin_gain
num__aged_x_fg_any,0.0,0.0,other,real,real,random_cv,random_cv_01,lightgbm,lightgbm_builtin_gain
num__aged_x_fg_complexing,118.0,0.0079099074943021,other,real,real,random_cv,random_cv_01,lightgbm,lightgbm_builtin_gain
num__ret_ps_x_fg_any,45.0,0.0030164901461321,polymer_identity,real,real,random_cv,random_cv_01,lightgbm,lightgbm_builtin_gain
num__ret_pe_x_fg_any,26.0,0.0017428609733208,polymer_identity,real,real,random_cv,random_cv_01,lightgbm,lightgbm_builtin_gain
num__ret_pa_x_fg_any,4.0,0.0002681324574339,polymer_identity,real,real,random_cv,random_cv_01,lightgbm,lightgbm_builtin_gain
num__null_random_normal,874.0,0.0585869419493229,null_feature,real,random_noise,random_cv,random_cv_01,lightgbm,lightgbm_builtin_gain
num__null_random_uniform,935.0,0.062675961925191,null_feature,real,random_noise,random_cv,random_cv_01,lightgbm,lightgbm_builtin_gain
num__null_random_binary,103.0,0.0069044107789247,null_feature,real,random_noise,random_cv,random_cv_01,lightgbm,lightgbm_builtin_gain
num__null_perm_ph,622.0,0.0416945971309827,null_feature,real,permuted_real,random_cv,random_cv_01,lightgbm,lightgbm_builtin_gain
num__null_perm_ce,865.0,0.0579836439200965,null_feature,real,permuted_real,random_cv,random_cv_01,lightgbm,lightgbm_builtin_gain
num__null_study_random_effect,606.0,0.0406220673012468,null_feature,real,group_aware_random,random_cv,random_cv_01,lightgbm,lightgbm_builtin_gain
num__null_exp_random_effect,1348.0,0.0903606381552487,null_feature,real,group_aware_random,random_cv,random_cv_01,lightgbm,lightgbm_builtin_gain
ph,0.0010407437221139,0.0013734177663204,solution_chemistry,real,real,random_cv,random_cv_01,lightgbm,lightgbm_shap
temp,0.0029569545530942,0.0039021459665139,solution_chemistry,real,real,random_cv,random_cv_01,lightgbm,lightgbm_shap
ce,0.0095040123290208,0.012541972732242,solution_chemistry,real,real,random_cv,random_cv_01,lightgbm,lightgbm_shap
rpm,0.0217527979056641,0.028706086307331,solution_chemistry,real,real,random_cv,random_cv_01,lightgbm,lightgbm_shap
sa,0.0471749631293252,0.0622544543009315,surface_area_porosity,real,real,random_cv,random_cv_01,lightgbm,lightgbm_shap
fg_complexing,0.000259693868187,0.000342705091363,surface_functionality,real,real,random_cv,random_cv_01,lightgbm,lightgbm_shap
fg_polar,0.0053000338655596,0.0069941912868558,surface_functionality,real,real,random_cv,random_cv_01,lightgbm,lightgbm_shap
fg_any,0.0,0.0,surface_functionality,real,real,random_cv,random_cv_01,lightgbm,lightgbm_shap
ags_aged,0.0145180455607802,0.0191587431965707,aging_state,real,real,random_cv,random_cv_01,lightgbm,lightgbm_shap
ags_virgin,0.0043535907187923,0.0057452173031914,aging_state,real,real,random_cv,random_cv_01,lightgbm,lightgbm_shap
ph_missing,0.0016702962861264,0.0022042069970169,solution_chemistry,real,real,random_cv,random_cv_01,lightgbm,lightgbm_shap
temp_missing,0.0024201763640167,0.0031937864676404,solution_chemistry,real,real,random_cv,random_cv_01,lightgbm,lightgbm_shap
rpm_missing,0.0470328002992306,0.062066849079383,solution_chemistry,real,real,random_cv,random_cv_01,lightgbm,lightgbm_shap
sa_missing,0.0020985285474291,0.0027693238296124,surface_area_porosity,real,real,random_cv,random_cv_01,lightgbm,lightgbm_shap
metal_cd,0.0002360243166267,0.0003114695605181,metal_identity,real,real,random_cv,random_cv_01,lightgbm,lightgbm_shap
metal_cr,0.0003351785133103,0.000442318426033,metal_identity,real,real,random_cv,random_cv_01,lightgbm,lightgbm_shap
metal_hg,0.0002072450661285,0.0002734910139308,metal_identity,real,real,random_cv,random_cv_01,lightgbm,lightgbm_shap
ret_other,0.0678691625435286,0.0895635607901963,polymer_identity,real,real,random_cv,random_cv_01,lightgbm,lightgbm_shap
ret_pa,0.0247007966357384,0.0325964137192993,polymer_identity,real,real,random_cv,random_cv_01,lightgbm,lightgbm_shap
ret_pe,0.0117833050888721,0.0155498421092166,polymer_identity,real,real,random_cv,random_cv_01,lightgbm,lightgbm_shap
ret_pet,0.0002041435359895,0.0002693980787489,polymer_identity,real,real,random_cv,random_cv_01,lightgbm,lightgbm_shap
ret_pla,0.0142286993471943,0.0187769073786719,polymer_identity,real,real,random_cv,random_cv_01,lightgbm,lightgbm_shap
ret_pp,0.0292759875424654,0.0386340657772363,polymer_identity,real,real,random_cv,random_cv_01,lightgbm,lightgbm_shap
ret_ps,0.0029428050967421,0.0038834736321775,polymer_identity,real,real,random_cv,random_cv_01,lightgbm,lightgbm_shap
ret_pvc,0.0009799403757437,0.0012931786119712,polymer_identity,real,real,random_cv,random_cv_01,lightgbm,lightgbm_shap
ce_log1p,0.000890886274053,0.0011756583398554,solution_chemistry,real,real,random_cv,random_cv_01,lightgbm,lightgbm_shap
rpm_log1p,0.0022260039322372,0.0029375467595652,solution_chemistry,real,real,random_cv,random_cv_01,lightgbm,lightgbm_shap
sa_log1p,0.0069224785051188,0.0091352508440692,surface_area_porosity,real,real,random_cv,random_cv_01,lightgbm,lightgbm_shap
temp_log1p,0.0065383762598528,0.0086283702004268,solution_chemistry,real,real,random_cv,random_cv_01,lightgbm,lightgbm_shap
ph_x_temp,0.0021468478075263,0.0028330883557516,solution_chemistry,real,real,random_cv,random_cv_01,lightgbm,lightgbm_shap
ph_x_ce_log,0.0239951979428951,0.031665270191789,solution_chemistry,real,real,random_cv,random_cv_01,lightgbm,lightgbm_shap
temp_x_ce_log,0.0620431815680765,0.0818753032413755,solution_chemistry,real,real,random_cv,random_cv_01,lightgbm,lightgbm_shap
ce_log_x_rpm_log,0.0114176623364423,0.0150673215408548,solution_chemistry,real,real,random_cv,random_cv_01,lightgbm,lightgbm_shap
ce_over_rpm,0.0127056073657347,0.0167669585866409,solution_chemistry,real,real,random_cv,random_cv_01,lightgbm,lightgbm_shap
ce_over_sa,0.0126032712477079,0.0166319106976671,solution_chemistry,real,real,random_cv,random_cv_01,lightgbm,lightgbm_shap
cd_x_ph,0.0108985285439559,0.0143822464752566,other,real,real,random_cv,random_cv_01,lightgbm,lightgbm_shap
cd_x_ce_log,0.011069239994453,0.0146075258923169,other,real,real,random_cv,random_cv_01,lightgbm,lightgbm_shap
cd_x_sa_log,0.0151352458482887,0.0199732317418586,other,real,real,random_cv,random_cv_01,lightgbm,lightgbm_shap
cr_x_ph,0.0,0.0,other,real,real,random_cv,random_cv_01,lightgbm,lightgbm_shap
cr_x_ce_log,0.0543154924816041,0.0716774560111241,other,real,real,random_cv,random_cv_01,lightgbm,lightgbm_shap
cr_x_sa_log,0.0082187745160089,0.0108459082652356,other,real,real,random_cv,random_cv_01,lightgbm,lightgbm_shap
hg_x_ph,0.0020771867801189,0.0027411601599541,other,real,real,random_cv,random_cv_01,lightgbm,lightgbm_shap
hg_x_ce_log,0.0572789336137961,0.0755881619936978,other,real,real,random_cv,random_cv_01,lightgbm,lightgbm_shap
hg_x_sa_log,0.0002445153235929,0.0003226747204182,other,real,real,random_cv,random_cv_01,lightgbm,lightgbm_shap
aged_x_fg_any,0.0,0.0,other,real,real,random_cv,random_cv_01,lightgbm,lightgbm_shap
aged_x_fg_complexing,0.0426033124847598,0.0562214741510221,other,real,real,random_cv,random_cv_01,lightgbm,lightgbm_shap
ret_ps_x_fg_any,0.0007614689483756,0.0010048727270495,polymer_identity,real,real,random_cv,random_cv_01,lightgbm,lightgbm_shap
ret_pe_x_fg_any,0.0038311980755101,0.0050558416941591,polymer_identity,real,real,random_cv,random_cv_01,lightgbm,lightgbm_shap
ret_pa_x_fg_any,0.0006908094035403,0.0009116268374277,polymer_identity,real,real,random_cv,random_cv_01,lightgbm,lightgbm_shap
null_random_normal,0.0052897347792304,0.0069806000944797,null_feature,,random_noise,random_cv,random_cv_01,lightgbm,lightgbm_shap
null_random_uniform,0.0059417474234261,0.0078410287767542,null_feature,,random_noise,random_cv,random_cv_01,lightgbm,lightgbm_shap
null_random_binary,0.0005406408571732,0.0007134568699892,null_feature,,random_noise,random_cv,random_cv_01,lightgbm,lightgbm_shap
null_perm_ph,0.0040093651104637,0.0052909598754928,null_feature,,permuted_real,random_cv,random_cv_01,lightgbm,lightgbm_shap
null_perm_ce,0.0049034571147609,0.0064708486582303,null_feature,,permuted_real,random_cv,random_cv_01,lightgbm,lightgbm_shap
null_study_random_effect,0.0565862056042188,0.0746740032672355,null_feature,,group_aware_random,random_cv,random_cv_01,lightgbm,lightgbm_shap
null_exp_random_effect,0.0190452149218564,0.0251330236073273,null_feature,,group_aware_random,random_cv,random_cv_01,lightgbm,lightgbm_shap
num__ph,0.0,0.0,solution_chemistry,real,real,random_cv,random_cv_02,elastic_net,elastic_net_coef
num__temp,0.0043177057706597,0.183836757311596,solution_chemistry,real,real,random_cv,random_cv_02,elastic_net,elastic_net_coef
num__ce,0.0,0.0,solution_chemistry,real,real,random_cv,random_cv_02,elastic_net,elastic_net_coef
num__rpm,0.0,0.0,solution_chemistry,real,real,random_cv,random_cv_02,elastic_net,elastic_net_coef
num__sa,0.0,0.0,surface_area_porosity,real,real,random_cv,random_cv_02,elastic_net,elastic_net_coef
num__fg_complexing,0.0,0.0,surface_functionality,real,real,random_cv,random_cv_02,elastic_net,elastic_net_coef
num__fg_polar,0.0,0.0,surface_functionality,real,real,random_cv,random_cv_02,elastic_net,elastic_net_coef
num__fg_any,0.0,0.0,surface_functionality,real,real,random_cv,random_cv_02,elastic_net,elastic_net_coef
num__ags_aged,0.0,0.0,aging_state,real,real,random_cv,random_cv_02,elastic_net,elastic_net_coef
num__ags_virgin,0.0,0.0,aging_state,real,real,random_cv,random_cv_02,elastic_net,elastic_net_coef
num__ph_missing,0.0,0.0,solution_chemistry,real,real,random_cv,random_cv_02,elastic_net,elastic_net_coef
num__temp_missing,0.0,0.0,solution_chemistry,real,real,random_cv,random_cv_02,elastic_net,elastic_net_coef
num__rpm_missing,0.0,0.0,solution_chemistry,real,real,random_cv,random_cv_02,elastic_net,elastic_net_coef
num__sa_missing,0.0,0.0,surface_area_porosity,real,real,random_cv,random_cv_02,elastic_net,elastic_net_coef
num__metal_cd,0.0,0.0,metal_identity,real,real,random_cv,random_cv_02,elastic_net,elastic_net_coef
num__metal_cr,0.0,0.0,metal_identity,real,real,random_cv,random_cv_02,elastic_net,elastic_net_coef
num__metal_hg,0.0,0.0,metal_identity,real,real,random_cv,random_cv_02,elastic_net,elastic_net_coef
num__ret_other,0.0,0.0,polymer_identity,real,real,random_cv,random_cv_02,elastic_net,elastic_net_coef
num__ret_pa,0.0,0.0,polymer_identity,real,real,random_cv,random_cv_02,elastic_net,elastic_net_coef
num__ret_pe,0.0,0.0,polymer_identity,real,real,random_cv,random_cv_02,elastic_net,elastic_net_coef
num__ret_pet,0.0,0.0,polymer_identity,real,real,random_cv,random_cv_02,elastic_net,elastic_net_coef
num__ret_pla,0.0,0.0,polymer_identity,real,real,random_cv,random_cv_02,elastic_net,elastic_net_coef
num__ret_pp,0.0,0.0,polymer_identity,real,real,random_cv,random_cv_02,elastic_net,elastic_net_coef
num__ret_ps,0.0,0.0,polymer_identity,real,real,random_cv,random_cv_02,elastic_net,elastic_net_coef
num__ret_pvc,0.0,0.0,polymer_identity,real,real,random_cv,random_cv_02,elastic_net,elastic_net_coef
num__ce_log1p,0.0,0.0,solution_chemistry,real,real,random_cv,random_cv_02,elastic_net,elastic_net_coef
num__rpm_log1p,0.0,0.0,solution_chemistry,real,real,random_cv,random_cv_02,elastic_net,elastic_net_coef
num__sa_log1p,0.0,0.0,surface_area_porosity,real,real,random_cv,random_cv_02,elastic_net,elastic_net_coef
num__temp_log1p,0.0,0.0,solution_chemistry,real,real,random_cv,random_cv_02,elastic_net,elastic_net_coef
num__ph_x_temp,0.0,0.0,solution_chemistry,real,real,random_cv,random_cv_02,elastic_net,elastic_net_coef
num__ph_x_ce_log,0.0,0.0,solution_chemistry,real,real,random_cv,random_cv_02,elastic_net,elastic_net_coef
num__temp_x_ce_log,0.0,0.0,solution_chemistry,real,real,random_cv,random_cv_02,elastic_net,elastic_net_coef
num__ce_log_x_rpm_log,0.0,0.0,solution_chemistry,real,real,random_cv,random_cv_02,elastic_net,elastic_net_coef
num__ce_over_rpm,0.0191689235291676,0.816163242688404,solution_chemistry,real,real,random_cv,random_cv_02,elastic_net,elastic_net_coef
num__ce_over_sa,0.0,0.0,solution_chemistry,real,real,random_cv,random_cv_02,elastic_net,elastic_net_coef
num__cd_x_ph,0.0,0.0,other,real,real,random_cv,random_cv_02,elastic_net,elastic_net_coef
num__cd_x_ce_log,0.0,0.0,other,real,real,random_cv,random_cv_02,elastic_net,elastic_net_coef
num__cd_x_sa_log,0.0,0.0,other,real,real,random_cv,random_cv_02,elastic_net,elastic_net_coef
num__cr_x_ph,0.0,0.0,other,real,real,random_cv,random_cv_02,elastic_net,elastic_net_coef
num__cr_x_ce_log,0.0,0.0,other,real,real,random_cv,random_cv_02,elastic_net,elastic_net_coef
num__cr_x_sa_log,0.0,0.0,other,real,real,random_cv,random_cv_02,elastic_net,elastic_net_coef
num__hg_x_ph,0.0,0.0,other,real,real,random_cv,random_cv_02,elastic_net,elastic_net_coef
num__hg_x_ce_log,0.0,0.0,other,real,real,random_cv,random_cv_02,elastic_net,elastic_net_coef
num__hg_x_sa_log,0.0,0.0,other,real,real,random_cv,random_cv_02,elastic_net,elastic_net_coef
num__aged_x_fg_any,0.0,0.0,other,real,real,random_cv,random_cv_02,elastic_net,elastic_net_coef
num__aged_x_fg_complexing,0.0,0.0,other,real,real,random_cv,random_cv_02,elastic_net,elastic_net_coef
num__ret_ps_x_fg_any,0.0,0.0,polymer_identity,real,real,random_cv,random_cv_02,elastic_net,elastic_net_coef
num__ret_pe_x_fg_any,0.0,0.0,polymer_identity,real,real,random_cv,random_cv_02,elastic_net,elastic_net_coef
num__ret_pa_x_fg_any,0.0,0.0,polymer_identity,real,real,random_cv,random_cv_02,elastic_net,elastic_net_coef
num__null_random_normal,0.0,0.0,null_feature,real,random_noise,random_cv,random_cv_02,elastic_net,elastic_net_coef
num__null_random_uniform,0.0,0.0,null_feature,real,random_noise,random_cv,random_cv_02,elastic_net,elastic_net_coef
num__null_random_binary,0.0,0.0,null_feature,real,random_noise,random_cv,random_cv_02,elastic_net,elastic_net_coef
num__null_perm_ph,0.0,0.0,null_feature,real,permuted_real,random_cv,random_cv_02,elastic_net,elastic_net_coef
num__null_perm_ce,0.0,0.0,null_feature,real,permuted_real,random_cv,random_cv_02,elastic_net,elastic_net_coef
num__null_study_random_effect,0.0,0.0,null_feature,real,group_aware_random,random_cv,random_cv_02,elastic_net,elastic_net_coef
num__null_exp_random_effect,0.0,0.0,null_feature,real,group_aware_random,random_cv,random_cv_02,elastic_net,elastic_net_coef
ph,1.601933680817069e-07,1.9296368013757613e-06,solution_chemistry,real,real,random_cv,random_cv_02,elastic_net,elastic_net_permutation
temp,0.0015952301593225,0.0192156195912139,solution_chemistry,real,real,random_cv,random_cv_02,elastic_net,elastic_net_permutation
ce,0.0,0.0,solution_chemistry,real,real,random_cv,random_cv_02,elastic_net,elastic_net_permutation
rpm,0.0,0.0,solution_chemistry,real,real,random_cv,random_cv_02,elastic_net,elastic_net_permutation
sa,1.387678389208613e-05,0.0001671551900279,surface_area_porosity,real,real,random_cv,random_cv_02,elastic_net,elastic_net_permutation
fg_complexing,0.0,0.0,surface_functionality,real,real,random_cv,random_cv_02,elastic_net,elastic_net_permutation
fg_polar,0.0,0.0,surface_functionality,real,real,random_cv,random_cv_02,elastic_net,elastic_net_permutation
fg_any,0.0,0.0,surface_functionality,real,real,random_cv,random_cv_02,elastic_net,elastic_net_permutation
ags_aged,0.0,0.0,aging_state,real,real,random_cv,random_cv_02,elastic_net,elastic_net_permutation
ags_virgin,0.0,0.0,aging_state,real,real,random_cv,random_cv_02,elastic_net,elastic_net_permutation
ph_missing,2.902882056510237e-07,3.4967165703379463e-06,solution_chemistry,real,real,random_cv,random_cv_02,elastic_net,elastic_net_permutation
temp_missing,2.861716189350716e-07,3.4471295161528817e-06,solution_chemistry,real,real,random_cv,random_cv_02,elastic_net,elastic_net_permutation
rpm_missing,6.716512081617055e-07,8.090490289811936e-06,solution_chemistry,real,real,random_cv,random_cv_02,elastic_net,elastic_net_permutation
sa_missing,0.0,0.0,surface_area_porosity,real,real,random_cv,random_cv_02,elastic_net,elastic_net_permutation
metal_cd,0.0,0.0,metal_identity,real,real,random_cv,random_cv_02,elastic_net,elastic_net_permutation
metal_cr,0.0,0.0,metal_identity,real,real,random_cv,random_cv_02,elastic_net,elastic_net_permutation
metal_hg,0.0,0.0,metal_identity,real,real,random_cv,random_cv_02,elastic_net,elastic_net_permutation
ret_other,0.0,0.0,polymer_identity,real,real,random_cv,random_cv_02,elastic_net,elastic_net_permutation
ret_pa,1.34678932448562e-06,1.6222982732355838e-05,polymer_identity,real,real,random_cv,random_cv_02,elastic_net,elastic_net_permutation
ret_pe,8.939785461326011e-06,0.0001076857252528,polymer_identity,real,real,random_cv,random_cv_02,elastic_net,elastic_net_permutation
ret_pet,0.0,0.0,polymer_identity,real,real,random_cv,random_cv_02,elastic_net,elastic_net_permutation
ret_pla,9.64220315815556e-06,0.00011614681858,polymer_identity,real,real,random_cv,random_cv_02,elastic_net,elastic_net_permutation
ret_pp,0.0,0.0,polymer_identity,real,real,random_cv,random_cv_02,elastic_net,elastic_net_permutation
ret_ps,0.0,0.0,polymer_identity,real,real,random_cv,random_cv_02,elastic_net,elastic_net_permutation
ret_pvc,5.161291822819436e-07,6.217122945359604e-06,polymer_identity,real,real,random_cv,random_cv_02,elastic_net,elastic_net_permutation
ce_log1p,0.0,0.0,solution_chemistry,real,real,random_cv,random_cv_02,elastic_net,elastic_net_permutation
rpm_log1p,1.389641911941908e-06,1.673917095400338e-05,solution_chemistry,real,real,random_cv,random_cv_02,elastic_net,elastic_net_permutation
sa_log1p,0.0,0.0,surface_area_porosity,real,real,random_cv,random_cv_02,elastic_net,elastic_net_permutation
temp_log1p,2.3556819421566288e-06,2.8375772495171345e-05,solution_chemistry,real,real,random_cv,random_cv_02,elastic_net,elastic_net_permutation
ph_x_temp,2.500879766555997e-05,0.000301247778928,solution_chemistry,real,real,random_cv,random_cv_02,elastic_net,elastic_net_permutation
ph_x_ce_log,1.1587191955664267e-05,0.0001395755160778,solution_chemistry,real,real,random_cv,random_cv_02,elastic_net,elastic_net_permutation
temp_x_ce_log,0.000264948085165,0.0031914777853214,solution_chemistry,real,real,random_cv,random_cv_02,elastic_net,elastic_net_permutation
ce_log_x_rpm_log,0.0,0.0,solution_chemistry,real,real,random_cv,random_cv_02,elastic_net,elastic_net_permutation
ce_over_rpm,0.0810190680074237,0.9759291355966144,solution_chemistry,real,real,random_cv,random_cv_02,elastic_net,elastic_net_permutation
ce_over_sa,1.628537078333103e-05,0.0001961682381978,solution_chemistry,real,real,random_cv,random_cv_02,elastic_net,elastic_net_permutation
cd_x_ph,0.0,0.0,other,real,real,random_cv,random_cv_02,elastic_net,elastic_net_permutation
cd_x_ce_log,0.0,0.0,other,real,real,random_cv,random_cv_02,elastic_net,elastic_net_permutation
cd_x_sa_log,0.0,0.0,other,real,real,random_cv,random_cv_02,elastic_net,elastic_net_permutation
cr_x_ph,0.0,0.0,other,real,real,random_cv,random_cv_02,elastic_net,elastic_net_permutation
cr_x_ce_log,0.0,0.0,other,real,real,random_cv,random_cv_02,elastic_net,elastic_net_permutation
cr_x_sa_log,0.0,0.0,other,real,real,random_cv,random_cv_02,elastic_net,elastic_net_permutation
hg_x_ph,0.0,0.0,other,real,real,random_cv,random_cv_02,elastic_net,elastic_net_permutation
hg_x_ce_log,4.2899426473397283e-07,5.167524290940605e-06,other,real,real,random_cv,random_cv_02,elastic_net,elastic_net_permutation
hg_x_sa_log,0.0,0.0,other,real,real,random_cv,random_cv_02,elastic_net,elastic_net_permutation
aged_x_fg_any,0.0,0.0,other,real,real,random_cv,random_cv_02,elastic_net,elastic_net_permutation
aged_x_fg_complexing,0.0,0.0,other,real,real,random_cv,random_cv_02,elastic_net,elastic_net_permutation
ret_ps_x_fg_any,0.0,0.0,polymer_identity,real,real,random_cv,random_cv_02,elastic_net,elastic_net_permutation
ret_pe_x_fg_any,8.941570180298619e-06,0.0001077072233925,polymer_identity,real,real,random_cv,random_cv_02,elastic_net,elastic_net_permutation
ret_pa_x_fg_any,1.34678932448562e-06,1.6222982732355838e-05,polymer_identity,real,real,random_cv,random_cv_02,elastic_net,elastic_net_permutation
null_random_normal,0.0,0.0,null_feature,,random_noise,random_cv,random_cv_02,elastic_net,elastic_net_permutation
null_random_uniform,0.0,0.0,null_feature,,random_noise,random_cv,random_cv_02,elastic_net,elastic_net_permutation
null_random_binary,1.592067882383308e-05,0.0001917752783978,null_feature,,random_noise,random_cv,random_cv_02,elastic_net,elastic_net_permutation
null_perm_ph,0.0,0.0,null_feature,,permuted_real,random_cv,random_cv_02,elastic_net,elastic_net_permutation
null_perm_ce,0.0,0.0,null_feature,,permuted_real,random_cv,random_cv_02,elastic_net,elastic_net_permutation
null_study_random_effect,0.0,0.0,null_feature,,group_aware_random,random_cv,random_cv_02,elastic_net,elastic_net_permutation
null_exp_random_effect,1.912684694889144e-05,0.0002303957286673,null_feature,,group_aware_random,random_cv,random_cv_02,elastic_net,elastic_net_permutation
ph,0.0026060121897342,0.0005619835091053,solution_chemistry,real,real,random_cv,random_cv_02,lightgbm,lightgbm_permutation
temp,0.0,0.0,solution_chemistry,real,real,random_cv,random_cv_02,lightgbm,lightgbm_permutation
ce,0.0862654167508019,0.0186030371657612,solution_chemistry,real,real,random_cv,random_cv_02,lightgbm,lightgbm_permutation
rpm,0.14516800109309,0.0313053112281975,solution_chemistry,real,real,random_cv,random_cv_02,lightgbm,lightgbm_permutation
sa,0.1509261954335523,0.0325470591656443,surface_area_porosity,real,real,random_cv,random_cv_02,lightgbm,lightgbm_permutation
fg_complexing,0.0027919714208091,0.0006020854018139,surface_functionality,real,real,random_cv,random_cv_02,lightgbm,lightgbm_permutation
fg_polar,0.0017773457601552,0.0003832825537502,surface_functionality,real,real,random_cv,random_cv_02,lightgbm,lightgbm_permutation
fg_any,0.0007637456217515,0.0001647008583714,surface_functionality,real,real,random_cv,random_cv_02,lightgbm,lightgbm_permutation
ags_aged,0.1917592370150483,0.0413526572690648,aging_state,real,real,random_cv,random_cv_02,lightgbm,lightgbm_permutation
ags_virgin,0.0401911336605154,0.0086671714040458,aging_state,real,real,random_cv,random_cv_02,lightgbm,lightgbm_permutation
ph_missing,0.0017142513926441,0.0003696763265045,solution_chemistry,real,real,random_cv,random_cv_02,lightgbm,lightgbm_permutation
temp_missing,0.0008471446224554,0.000182685756238,solution_chemistry,real,real,random_cv,random_cv_02,lightgbm,lightgbm_permutation
rpm_missing,0.6357236773857287,0.1370930744092321,solution_chemistry,real,real,random_cv,random_cv_02,lightgbm,lightgbm_permutation
sa_missing,0.0314691183433596,0.0067862789071822,surface_area_porosity,real,real,random_cv,random_cv_02,lightgbm,lightgbm_permutation
metal_cd,0.0055143401626866,0.0011891610665656,metal_identity,real,real,random_cv,random_cv_02,lightgbm,lightgbm_permutation
metal_cr,0.001575219002543,0.0003396941526773,metal_identity,real,real,random_cv,random_cv_02,lightgbm,lightgbm_permutation
metal_hg,0.0067742256540222,0.0014608539129309,metal_identity,real,real,random_cv,random_cv_02,lightgbm,lightgbm_permutation
ret_other,0.2420347264574052,0.0521945083126269,polymer_identity,real,real,random_cv,random_cv_02,lightgbm,lightgbm_permutation
ret_pa,0.0061063055030502,0.0013168177062991,polymer_identity,real,real,random_cv,random_cv_02,lightgbm,lightgbm_permutation
ret_pe,0.0103159898424591,0.0022246312562919,polymer_identity,real,real,random_cv,random_cv_02,lightgbm,lightgbm_permutation
ret_pet,0.0015889399535027,0.0003426530598532,polymer_identity,real,real,random_cv,random_cv_02,lightgbm,lightgbm_permutation
ret_pla,0.1887191571697438,0.040697067572994,polymer_identity,real,real,random_cv,random_cv_02,lightgbm,lightgbm_permutation
ret_pp,0.1282514939105238,0.027657286055593,polymer_identity,real,real,random_cv,random_cv_02,lightgbm,lightgbm_permutation
ret_ps,0.0039917387655196,0.000860813839519,polymer_identity,real,real,random_cv,random_cv_02,lightgbm,lightgbm_permutation
ret_pvc,0.0014531902165142,0.0003133787863661,polymer_identity,real,real,random_cv,random_cv_02,lightgbm,lightgbm_permutation
ce_log1p,0.0148351295294537,0.0031991784934226,solution_chemistry,real,real,random_cv,random_cv_02,lightgbm,lightgbm_permutation
rpm_log1p,0.0004782543228256,0.0001031349905595,solution_chemistry,real,real,random_cv,random_cv_02,lightgbm,lightgbm_permutation
sa_log1p,0.0104407889359028,0.0022515440361871,surface_area_porosity,real,real,random_cv,random_cv_02,lightgbm,lightgbm_permutation
temp_log1p,0.0018075027218243,0.000389785867591,solution_chemistry,real,real,random_cv,random_cv_02,lightgbm,lightgbm_permutation
ph_x_temp,0.0305349980045995,0.0065848369385027,solution_chemistry,real,real,random_cv,random_cv_02,lightgbm,lightgbm_permutation
ph_x_ce_log,0.1086719606382832,0.0234349823924235,solution_chemistry,real,real,random_cv,random_cv_02,lightgbm,lightgbm_permutation
temp_x_ce_log,0.2486848441503399,0.0536285984875544,solution_chemistry,real,real,random_cv,random_cv_02,lightgbm,lightgbm_permutation
ce_log_x_rpm_log,0.0128208193197316,0.0027647948306962,solution_chemistry,real,real,random_cv,random_cv_02,lightgbm,lightgbm_permutation
ce_over_rpm,0.0,0.0,solution_chemistry,real,real,random_cv,random_cv_02,lightgbm,lightgbm_permutation
ce_over_sa,0.0190799145063631,0.0041145614552209,solution_chemistry,real,real,random_cv,random_cv_02,lightgbm,lightgbm_permutation
cd_x_ph,0.0479510605324413,0.0103405906424764,other,real,real,random_cv,random_cv_02,lightgbm,lightgbm_permutation
cd_x_ce_log,0.0145921125260453,0.0031467721582237,other,real,real,random_cv,random_cv_02,lightgbm,lightgbm_permutation
cd_x_sa_log,0.0244965329652801,0.0052826489495996,other,real,real,random_cv,random_cv_02,lightgbm,lightgbm_permutation
cr_x_ph,0.0007878304488183,0.0001698947234211,other,real,real,random_cv,random_cv_02,lightgbm,lightgbm_permutation
cr_x_ce_log,0.0878395878041297,0.0189425053294045,other,real,real,random_cv,random_cv_02,lightgbm,lightgbm_permutation
cr_x_sa_log,0.0,0.0,other,real,real,random_cv,random_cv_02,lightgbm,lightgbm_permutation
hg_x_ph,0.0089721218068942,0.0019348276715748,other,real,real,random_cv,random_cv_02,lightgbm,lightgbm_permutation
hg_x_ce_log,0.8771365843368472,0.1891534880658365,other,real,real,random_cv,random_cv_02,lightgbm,lightgbm_permutation
hg_x_sa_log,0.0041997287171698,0.0009056666315925,other,real,real,random_cv,random_cv_02,lightgbm,lightgbm_permutation
aged_x_fg_any,0.0033050803464126,0.0007127367470762,other,real,real,random_cv,random_cv_02,lightgbm,lightgbm_permutation
aged_x_fg_complexing,0.4972714937150319,0.1072360214264929,other,real,real,random_cv,random_cv_02,lightgbm,lightgbm_permutation
ret_ps_x_fg_any,0.003715576150402,0.0008012596915611,polymer_identity,real,real,random_cv,random_cv_02,lightgbm,lightgbm_permutation
ret_pe_x_fg_any,0.0461838624683645,0.0099594964276272,polymer_identity,real,real,random_cv,random_cv_02,lightgbm,lightgbm_permutation
ret_pa_x_fg_any,0.0,0.0,polymer_identity,real,real,random_cv,random_cv_02,lightgbm,lightgbm_permutation
null_random_normal,0.0046671903233242,0.0010064741853075,null_feature,,random_noise,random_cv,random_cv_02,lightgbm,lightgbm_permutation
null_random_uniform,0.0099023979466652,0.0021354406431967,null_feature,,random_noise,random_cv,random_cv_02,lightgbm,lightgbm_permutation
null_random_binary,0.0123488346221203,0.0026630118775495,null_feature,,random_noise,random_cv,random_cv_02,lightgbm,lightgbm_permutation
null_perm_ph,0.0,0.0,null_feature,,permuted_real,random_cv,random_cv_02,lightgbm,lightgbm_permutation
null_perm_ce,0.0,0.0,null_feature,,permuted_real,random_cv,random_cv_02,lightgbm,lightgbm_permutation
null_study_random_effect,0.4037392750369813,0.0870659068452322,null_feature,,group_aware_random,random_cv,random_cv_02,lightgbm,lightgbm_permutation
null_exp_random_effect,0.2543763763660413,0.0548559708150386,null_feature,,group_aware_random,random_cv,random_cv_02,lightgbm,lightgbm_permutation
num__ph,67.0,0.0044861064613324,solution_chemistry,real,real,random_cv,random_cv_02,lightgbm,lightgbm_builtin_gain
num__temp,151.0,0.0101104787412119,solution_chemistry,real,real,random_cv,random_cv_02,lightgbm,lightgbm_builtin_gain
num__ce,537.0,0.0359558085035152,solution_chemistry,real,real,random_cv,random_cv_02,lightgbm,lightgbm_builtin_gain
num__rpm,304.0,0.0203548711081352,solution_chemistry,real,real,random_cv,random_cv_02,lightgbm,lightgbm_builtin_gain
num__sa,620.0,0.041513223970539,surface_area_porosity,real,real,random_cv,random_cv_02,lightgbm,lightgbm_builtin_gain
num__fg_complexing,14.0,0.0009373953799799,surface_functionality,real,real,random_cv,random_cv_02,lightgbm,lightgbm_builtin_gain
num__fg_polar,13.0,0.0008704385671242,surface_functionality,real,real,random_cv,random_cv_02,lightgbm,lightgbm_builtin_gain
num__fg_any,2.0,0.0001339136257114,surface_functionality,real,real,random_cv,random_cv_02,lightgbm,lightgbm_builtin_gain
num__ags_aged,99.0,0.006628724472715,aging_state,real,real,random_cv,random_cv_02,lightgbm,lightgbm_builtin_gain
num__ags_virgin,10.0,0.000669568128557,aging_state,real,real,random_cv,random_cv_02,lightgbm,lightgbm_builtin_gain
num__ph_missing,59.0,0.0039504519584867,solution_chemistry,real,real,random_cv,random_cv_02,lightgbm,lightgbm_builtin_gain
num__temp_missing,56.0,0.0037495815199196,solution_chemistry,real,real,random_cv,random_cv_02,lightgbm,lightgbm_builtin_gain
num__rpm_missing,173.0,0.0115835286240374,solution_chemistry,real,real,random_cv,random_cv_02,lightgbm,lightgbm_builtin_gain
num__sa_missing,65.0,0.004352192835621,surface_area_porosity,real,real,random_cv,random_cv_02,lightgbm,lightgbm_builtin_gain
num__metal_cd,44.0,0.0029460997656511,metal_identity,real,real,random_cv,random_cv_02,lightgbm,lightgbm_builtin_gain
num__metal_cr,26.0,0.0017408771342484,metal_identity,real,real,random_cv,random_cv_02,lightgbm,lightgbm_builtin_gain
num__metal_hg,9.0,0.0006026113157013,metal_identity,real,real,random_cv,random_cv_02,lightgbm,lightgbm_builtin_gain
num__ret_other,143.0,0.0095748242383662,polymer_identity,real,real,random_cv,random_cv_02,lightgbm,lightgbm_builtin_gain
num__ret_pa,55.0,0.0036826247070639,polymer_identity,real,real,random_cv,random_cv_02,lightgbm,lightgbm_builtin_gain
num__ret_pe,5.0,0.0003347840642785,polymer_identity,real,real,random_cv,random_cv_02,lightgbm,lightgbm_builtin_gain
num__ret_pet,3.0,0.0002008704385671,polymer_identity,real,real,random_cv,random_cv_02,lightgbm,lightgbm_builtin_gain
num__ret_pla,136.0,0.0091061265483762,polymer_identity,real,real,random_cv,random_cv_02,lightgbm,lightgbm_builtin_gain
num__ret_pp,70.0,0.0046869768998995,polymer_identity,real,real,random_cv,random_cv_02,lightgbm,lightgbm_builtin_gain
num__ret_ps,99.0,0.006628724472715,polymer_identity,real,real,random_cv,random_cv_02,lightgbm,lightgbm_builtin_gain
num__ret_pvc,11.0,0.0007365249414127,polymer_identity,real,real,random_cv,random_cv_02,lightgbm,lightgbm_builtin_gain
num__ce_log1p,47.0,0.0031469702042182,solution_chemistry,real,real,random_cv,random_cv_02,lightgbm,lightgbm_builtin_gain
num__rpm_log1p,72.0,0.0048208905256109,solution_chemistry,real,real,random_cv,random_cv_02,lightgbm,lightgbm_builtin_gain
num__sa_log1p,253.0,0.0169400736524941,surface_area_porosity,real,real,random_cv,random_cv_02,lightgbm,lightgbm_builtin_gain
num__temp_log1p,28.0,0.0018747907599598,solution_chemistry,real,real,random_cv,random_cv_02,lightgbm,lightgbm_builtin_gain
num__ph_x_temp,94.0,0.0062939404084365,solution_chemistry,real,real,random_cv,random_cv_02,lightgbm,lightgbm_builtin_gain
num__ph_x_ce_log,932.0,0.0624037495815199,solution_chemistry,real,real,random_cv,random_cv_02,lightgbm,lightgbm_builtin_gain
num__temp_x_ce_log,933.0,0.0624707063943756,solution_chemistry,real,real,random_cv,random_cv_02,lightgbm,lightgbm_builtin_gain
num__ce_log_x_rpm_log,485.0,0.0324740542350184,solution_chemistry,real,real,random_cv,random_cv_02,lightgbm,lightgbm_builtin_gain
num__ce_over_rpm,705.0,0.0472045530632741,solution_chemistry,real,real,random_cv,random_cv_02,lightgbm,lightgbm_builtin_gain
num__ce_over_sa,791.0,0.052962838968865,solution_chemistry,real,real,random_cv,random_cv_02,lightgbm,lightgbm_builtin_gain
num__cd_x_ph,176.0,0.0117843990626046,other,real,real,random_cv,random_cv_02,lightgbm,lightgbm_builtin_gain
num__cd_x_ce_log,320.0,0.0214261801138265,other,real,real,random_cv,random_cv_02,lightgbm,lightgbm_builtin_gain
num__cd_x_sa_log,441.0,0.0295279544693672,other,real,real,random_cv,random_cv_02,lightgbm,lightgbm_builtin_gain
num__cr_x_ph,0.0,0.0,other,real,real,random_cv,random_cv_02,lightgbm,lightgbm_builtin_gain
num__cr_x_ce_log,321.0,0.0214931369266822,other,real,real,random_cv,random_cv_02,lightgbm,lightgbm_builtin_gain
num__cr_x_sa_log,298.0,0.019953130231001,other,real,real,random_cv,random_cv_02,lightgbm,lightgbm_builtin_gain
num__hg_x_ph,168.0,0.0112487445597589,other,real,real,random_cv,random_cv_02,lightgbm,lightgbm_builtin_gain
num__hg_x_ce_log,692.0,0.0463341144961499,other,real,real,random_cv,random_cv_02,lightgbm,lightgbm_builtin_gain
num__hg_x_sa_log,10.0,0.000669568128557,other,real,real,random_cv,random_cv_02,lightgbm,lightgbm_builtin_gain
num__aged_x_fg_any,0.0,0.0,other,real,real,random_cv,random_cv_02,lightgbm,lightgbm_builtin_gain
num__aged_x_fg_complexing,131.0,0.0087713424840977,other,real,real,random_cv,random_cv_02,lightgbm,lightgbm_builtin_gain
num__ret_ps_x_fg_any,25.0,0.0016739203213927,polymer_identity,real,real,random_cv,random_cv_02,lightgbm,lightgbm_builtin_gain
num__ret_pe_x_fg_any,18.0,0.0012052226314027,polymer_identity,real,real,random_cv,random_cv_02,lightgbm,lightgbm_builtin_gain
num__ret_pa_x_fg_any,5.0,0.0003347840642785,polymer_identity,real,real,random_cv,random_cv_02,lightgbm,lightgbm_builtin_gain
num__null_random_normal,935.0,0.062604620020087,null_feature,real,random_noise,random_cv,random_cv_02,lightgbm,lightgbm_builtin_gain
num__null_random_uniform,872.0,0.0583863408101774,null_feature,real,random_noise,random_cv,random_cv_02,lightgbm,lightgbm_builtin_gain
num__null_random_binary,132.0,0.0088382992969534,null_feature,real,random_noise,random_cv,random_cv_02,lightgbm,lightgbm_builtin_gain
num__null_perm_ph,741.0,0.0496149983260796,null_feature,real,permuted_real,random_cv,random_cv_02,lightgbm,lightgbm_builtin_gain
num__null_perm_ce,840.0,0.0562437227987947,null_feature,real,permuted_real,random_cv,random_cv_02,lightgbm,lightgbm_builtin_gain
num__null_study_random_effect,498.0,0.0333444928021426,null_feature,real,group_aware_random,random_cv,random_cv_02,lightgbm,lightgbm_builtin_gain
num__null_exp_random_effect,1201.0,0.0804151322397054,null_feature,real,group_aware_random,random_cv,random_cv_02,lightgbm,lightgbm_builtin_gain
ph,0.0007599694802212,0.0009974549114729,solution_chemistry,real,real,random_cv,random_cv_02,lightgbm,lightgbm_shap
temp,0.0052355406744925,0.0068716124737917,solution_chemistry,real,real,random_cv,random_cv_02,lightgbm,lightgbm_shap
ce,0.0145810737828364,0.0191375628071359,solution_chemistry,real,real,random_cv,random_cv_02,lightgbm,lightgbm_shap
rpm,0.0303298188318669,0.039807686420677,solution_chemistry,real,real,random_cv,random_cv_02,lightgbm,lightgbm_shap
sa,0.058220444542344,0.0764139480180135,surface_area_porosity,real,real,random_cv,random_cv_02,lightgbm,lightgbm_shap
fg_complexing,0.0008219972431662,0.0010788659396884,surface_functionality,real,real,random_cv,random_cv_02,lightgbm,lightgbm_shap
fg_polar,0.0013442408584413,0.0017643072272647,surface_functionality,real,real,random_cv,random_cv_02,lightgbm,lightgbm_shap
fg_any,0.0002028385757622,0.0002662242878113,surface_functionality,real,real,random_cv,random_cv_02,lightgbm,lightgbm_shap
ags_aged,0.016532216823108,0.0216984251301054,aging_state,real,real,random_cv,random_cv_02,lightgbm,lightgbm_shap
ags_virgin,0.0035368784022996,0.0046421294873967,aging_state,real,real,random_cv,random_cv_02,lightgbm,lightgbm_shap
ph_missing,0.0024385964583505,0.0032006417070516,solution_chemistry,real,real,random_cv,random_cv_02,lightgbm,lightgbm_shap
temp_missing,0.0034182115637735,0.0044863800474555,solution_chemistry,real,real,random_cv,random_cv_02,lightgbm,lightgbm_shap
rpm_missing,0.0552934357508542,0.0725722683572116,solution_chemistry,real,real,random_cv,random_cv_02,lightgbm,lightgbm_shap
sa_missing,0.0085957996745769,0.0112819301650755,surface_area_porosity,real,real,random_cv,random_cv_02,lightgbm,lightgbm_shap
metal_cd,0.0014657582367406,0.0019237979817865,metal_identity,real,real,random_cv,random_cv_02,lightgbm,lightgbm_shap
metal_cr,0.0017256749753127,0.0022649369804043,metal_identity,real,real,random_cv,random_cv_02,lightgbm,lightgbm_shap
metal_hg,0.0006006119970153,0.0007882992697787,metal_identity,real,real,random_cv,random_cv_02,lightgbm,lightgbm_shap
ret_other,0.0587794913706935,0.0771476932790972,polymer_identity,real,real,random_cv,random_cv_02,lightgbm,lightgbm_shap
ret_pa,0.0169499866342049,0.0222467452413584,polymer_identity,real,real,random_cv,random_cv_02,lightgbm,lightgbm_shap
ret_pe,7.52445124611322e-05,9.875792445493811e-05,polymer_identity,real,real,random_cv,random_cv_02,lightgbm,lightgbm_shap
ret_pet,2.6777750888262875e-05,3.514562076087941e-05,polymer_identity,real,real,random_cv,random_cv_02,lightgbm,lightgbm_shap
ret_pla,0.0150162342723213,0.0197087080686395,polymer_identity,real,real,random_cv,random_cv_02,lightgbm,lightgbm_shap
ret_pp,0.0203951536536103,0.0267685041458743,polymer_identity,real,real,random_cv,random_cv_02,lightgbm,lightgbm_shap
ret_ps,0.0034331310486095,0.0045059617725295,polymer_identity,real,real,random_cv,random_cv_02,lightgbm,lightgbm_shap
ret_pvc,0.0002988777476182,0.0003922750650526,polymer_identity,real,real,random_cv,random_cv_02,lightgbm,lightgbm_shap
ce_log1p,0.0010711163488195,0.0014058331165852,solution_chemistry,real,real,random_cv,random_cv_02,lightgbm,lightgbm_shap
rpm_log1p,0.0039738814582362,0.0052156931051696,solution_chemistry,real,real,random_cv,random_cv_02,lightgbm,lightgbm_shap
sa_log1p,0.0076464074334993,0.0100358591340368,surface_area_porosity,real,real,random_cv,random_cv_02,lightgbm,lightgbm_shap
temp_log1p,0.0003337699227544,0.000438070813918,solution_chemistry,real,real,random_cv,random_cv_02,lightgbm,lightgbm_shap
ph_x_temp,0.0027746931969226,0.0036417664513257,solution_chemistry,real,real,random_cv,random_cv_02,lightgbm,lightgbm_shap
ph_x_ce_log,0.0269361916406294,0.0353535731994161,solution_chemistry,real,real,random_cv,random_cv_02,lightgbm,lightgbm_shap
temp_x_ce_log,0.0635572760158827,0.0834185039949657,solution_chemistry,real,real,random_cv,random_cv_02,lightgbm,lightgbm_shap
ce_log_x_rpm_log,0.0225996468328945,0.0296618868490133,solution_chemistry,real,real,random_cv,random_cv_02,lightgbm,lightgbm_shap
ce_over_rpm,0.0094876534187409,0.0124524822998441,solution_chemistry,real,real,random_cv,random_cv_02,lightgbm,lightgbm_shap
ce_over_sa,0.0118287396902443,0.0155251425322172,solution_chemistry,real,real,random_cv,random_cv_02,lightgbm,lightgbm_shap
cd_x_ph,0.0199871216375791,0.0262329648261767,other,real,real,random_cv,random_cv_02,lightgbm,lightgbm_shap
cd_x_ce_log,0.0061640291827092,0.0080902474938419,other,real,real,random_cv,random_cv_02,lightgbm,lightgbm_shap
cd_x_sa_log,0.0114356751767768,0.0150092479605434,other,real,real,random_cv,random_cv_02,lightgbm,lightgbm_shap
cr_x_ph,0.0,0.0,other,real,real,random_cv,random_cv_02,lightgbm,lightgbm_shap
cr_x_ce_log,0.0509217960766756,0.0668345202269442,other,real,real,random_cv,random_cv_02,lightgbm,lightgbm_shap
cr_x_sa_log,0.0039574480919833,0.0051941244207584,other,real,real,random_cv,random_cv_02,lightgbm,lightgbm_shap
hg_x_ph,0.0031906540431564,0.004187712308172,other,real,real,random_cv,random_cv_02,lightgbm,lightgbm_shap
hg_x_ce_log,0.0457695960228459,0.0600722917660226,other,real,real,random_cv,random_cv_02,lightgbm,lightgbm_shap
hg_x_sa_log,0.00044722325924,0.0005869775669466,other,real,real,random_cv,random_cv_02,lightgbm,lightgbm_shap
aged_x_fg_any,0.0,0.0,other,real,real,random_cv,random_cv_02,lightgbm,lightgbm_shap
aged_x_fg_complexing,0.0481947579037088,0.0632553006790641,other,real,real,random_cv,random_cv_02,lightgbm,lightgbm_shap
ret_ps_x_fg_any,0.000337396520245,0.0004428306991148,polymer_identity,real,real,random_cv,random_cv_02,lightgbm,lightgbm_shap
ret_pe_x_fg_any,0.006223027983973,0.0081676830299038,polymer_identity,real,real,random_cv,random_cv_02,lightgbm,lightgbm_shap
ret_pa_x_fg_any,0.0012956154769925,0.0017004867360337,polymer_identity,real,real,random_cv,random_cv_02,lightgbm,lightgbm_shap
null_random_normal,0.0055413603124795,0.0072729987239951,null_feature,,random_noise,random_cv,random_cv_02,lightgbm,lightgbm_shap
null_random_uniform,0.0044301924459164,0.0058145982555293,null_feature,,random_noise,random_cv,random_cv_02,lightgbm,lightgbm_shap
null_random_binary,0.0011274493257111,0.0014797697758075,null_feature,,random_noise,random_cv,random_cv_02,lightgbm,lightgbm_shap
null_perm_ph,0.0060352614744462,0.0079212407292431,null_feature,,permuted_real,random_cv,random_cv_02,lightgbm,lightgbm_shap
null_perm_ce,0.0055074494336007,0.0072284909199709,null_feature,,permuted_real,random_cv,random_cv_02,lightgbm,lightgbm_shap
null_study_random_effect,0.0459057795932743,0.0602510318006174,null_feature,,group_aware_random,random_cv,random_cv_02,lightgbm,lightgbm_shap
null_exp_random_effect,0.0251493902891169,0.0330084082549319,null_feature,,group_aware_random,random_cv,random_cv_02,lightgbm,lightgbm_shap
num__ph,0.0,0.0,solution_chemistry,real,real,random_cv,random_cv_03,elastic_net,elastic_net_coef
num__temp,0.0007070122270671,0.0308943330412183,solution_chemistry,real,real,random_cv,random_cv_03,elastic_net,elastic_net_coef
num__ce,0.0,0.0,solution_chemistry,real,real,random_cv,random_cv_03,elastic_net,elastic_net_coef
num__rpm,0.0,0.0,solution_chemistry,real,real,random_cv,random_cv_03,elastic_net,elastic_net_coef
num__sa,0.0,0.0,surface_area_porosity,real,real,random_cv,random_cv_03,elastic_net,elastic_net_coef
num__fg_complexing,0.0,0.0,surface_functionality,real,real,random_cv,random_cv_03,elastic_net,elastic_net_coef
num__fg_polar,0.0,0.0,surface_functionality,real,real,random_cv,random_cv_03,elastic_net,elastic_net_coef
num__fg_any,0.0,0.0,surface_functionality,real,real,random_cv,random_cv_03,elastic_net,elastic_net_coef
num__ags_aged,0.0,0.0,aging_state,real,real,random_cv,random_cv_03,elastic_net,elastic_net_coef
num__ags_virgin,0.0,0.0,aging_state,real,real,random_cv,random_cv_03,elastic_net,elastic_net_coef
num__ph_missing,0.0,0.0,solution_chemistry,real,real,random_cv,random_cv_03,elastic_net,elastic_net_coef
num__temp_missing,0.0,0.0,solution_chemistry,real,real,random_cv,random_cv_03,elastic_net,elastic_net_coef
num__rpm_missing,0.0,0.0,solution_chemistry,real,real,random_cv,random_cv_03,elastic_net,elastic_net_coef
num__sa_missing,0.0,0.0,surface_area_porosity,real,real,random_cv,random_cv_03,elastic_net,elastic_net_coef
num__metal_cd,0.0,0.0,metal_identity,real,real,random_cv,random_cv_03,elastic_net,elastic_net_coef
num__metal_cr,0.0,0.0,metal_identity,real,real,random_cv,random_cv_03,elastic_net,elastic_net_coef
num__metal_hg,0.0,0.0,metal_identity,real,real,random_cv,random_cv_03,elastic_net,elastic_net_coef
num__ret_other,0.0,0.0,polymer_identity,real,real,random_cv,random_cv_03,elastic_net,elastic_net_coef
num__ret_pa,0.0,0.0,polymer_identity,real,real,random_cv,random_cv_03,elastic_net,elastic_net_coef
num__ret_pe,0.0,0.0,polymer_identity,real,real,random_cv,random_cv_03,elastic_net,elastic_net_coef
num__ret_pet,0.0,0.0,polymer_identity,real,real,random_cv,random_cv_03,elastic_net,elastic_net_coef
num__ret_pla,0.0,0.0,polymer_identity,real,real,random_cv,random_cv_03,elastic_net,elastic_net_coef
num__ret_pp,0.0,0.0,polymer_identity,real,real,random_cv,random_cv_03,elastic_net,elastic_net_coef
num__ret_ps,0.0,0.0,polymer_identity,real,real,random_cv,random_cv_03,elastic_net,elastic_net_coef
num__ret_pvc,0.0,0.0,polymer_identity,real,real,random_cv,random_cv_03,elastic_net,elastic_net_coef
num__ce_log1p,0.0,0.0,solution_chemistry,real,real,random_cv,random_cv_03,elastic_net,elastic_net_coef
num__rpm_log1p,0.0,0.0,solution_chemistry,real,real,random_cv,random_cv_03,elastic_net,elastic_net_coef
num__sa_log1p,0.0,0.0,surface_area_porosity,real,real,random_cv,random_cv_03,elastic_net,elastic_net_coef
num__temp_log1p,0.0,0.0,solution_chemistry,real,real,random_cv,random_cv_03,elastic_net,elastic_net_coef
num__ph_x_temp,0.0,0.0,solution_chemistry,real,real,random_cv,random_cv_03,elastic_net,elastic_net_coef
num__ph_x_ce_log,0.0,0.0,solution_chemistry,real,real,random_cv,random_cv_03,elastic_net,elastic_net_coef
num__temp_x_ce_log,0.0,0.0,solution_chemistry,real,real,random_cv,random_cv_03,elastic_net,elastic_net_coef
num__ce_log_x_rpm_log,0.0,0.0,solution_chemistry,real,real,random_cv,random_cv_03,elastic_net,elastic_net_coef
num__ce_over_rpm,0.0221778393773953,0.9691056669587818,solution_chemistry,real,real,random_cv,random_cv_03,elastic_net,elastic_net_coef
num__ce_over_sa,0.0,0.0,solution_chemistry,real,real,random_cv,random_cv_03,elastic_net,elastic_net_coef
num__cd_x_ph,0.0,0.0,other,real,real,random_cv,random_cv_03,elastic_net,elastic_net_coef
num__cd_x_ce_log,0.0,0.0,other,real,real,random_cv,random_cv_03,elastic_net,elastic_net_coef
num__cd_x_sa_log,0.0,0.0,other,real,real,random_cv,random_cv_03,elastic_net,elastic_net_coef
num__cr_x_ph,0.0,0.0,other,real,real,random_cv,random_cv_03,elastic_net,elastic_net_coef
num__cr_x_ce_log,0.0,0.0,other,real,real,random_cv,random_cv_03,elastic_net,elastic_net_coef
num__cr_x_sa_log,0.0,0.0,other,real,real,random_cv,random_cv_03,elastic_net,elastic_net_coef
num__hg_x_ph,0.0,0.0,other,real,real,random_cv,random_cv_03,elastic_net,elastic_net_coef
num__hg_x_ce_log,0.0,0.0,other,real,real,random_cv,random_cv_03,elastic_net,elastic_net_coef
num__hg_x_sa_log,0.0,0.0,other,real,real,random_cv,random_cv_03,elastic_net,elastic_net_coef
num__aged_x_fg_any,0.0,0.0,other,real,real,random_cv,random_cv_03,elastic_net,elastic_net_coef
num__aged_x_fg_complexing,0.0,0.0,other,real,real,random_cv,random_cv_03,elastic_net,elastic_net_coef
num__ret_ps_x_fg_any,0.0,0.0,polymer_identity,real,real,random_cv,random_cv_03,elastic_net,elastic_net_coef
num__ret_pe_x_fg_any,0.0,0.0,polymer_identity,real,real,random_cv,random_cv_03,elastic_net,elastic_net_coef
num__ret_pa_x_fg_any,0.0,0.0,polymer_identity,real,real,random_cv,random_cv_03,elastic_net,elastic_net_coef
num__null_random_normal,0.0,0.0,null_feature,real,random_noise,random_cv,random_cv_03,elastic_net,elastic_net_coef
num__null_random_uniform,0.0,0.0,null_feature,real,random_noise,random_cv,random_cv_03,elastic_net,elastic_net_coef
num__null_random_binary,0.0,0.0,null_feature,real,random_noise,random_cv,random_cv_03,elastic_net,elastic_net_coef
num__null_perm_ph,0.0,0.0,null_feature,real,permuted_real,random_cv,random_cv_03,elastic_net,elastic_net_coef
num__null_perm_ce,0.0,0.0,null_feature,real,permuted_real,random_cv,random_cv_03,elastic_net,elastic_net_coef
num__null_study_random_effect,0.0,0.0,null_feature,real,group_aware_random,random_cv,random_cv_03,elastic_net,elastic_net_coef
num__null_exp_random_effect,0.0,0.0,null_feature,real,group_aware_random,random_cv,random_cv_03,elastic_net,elastic_net_coef
ph,4.535010231577763e-05,0.001524782215168,solution_chemistry,real,real,random_cv,random_cv_03,elastic_net,elastic_net_permutation
temp,0.0016594232896188,0.0557939010110309,solution_chemistry,real,real,random_cv,random_cv_03,elastic_net,elastic_net_permutation
ce,0.0018628506119316,0.062633628978611,solution_chemistry,real,real,random_cv,random_cv_03,elastic_net,elastic_net_permutation
rpm,0.0002199095387439,0.0073939007080452,solution_chemistry,real,real,random_cv,random_cv_03,elastic_net,elastic_net_permutation
sa,0.0,0.0,surface_area_porosity,real,real,random_cv,random_cv_03,elastic_net,elastic_net_permutation
fg_complexing,0.0,0.0,surface_functionality,real,real,random_cv,random_cv_03,elastic_net,elastic_net_permutation
fg_polar,0.0,0.0,surface_functionality,real,real,random_cv,random_cv_03,elastic_net,elastic_net_permutation
fg_any,0.0,0.0,surface_functionality,real,real,random_cv,random_cv_03,elastic_net,elastic_net_permutation
ags_aged,1.612973356570624e-05,0.0005423213977586,aging_state,real,real,random_cv,random_cv_03,elastic_net,elastic_net_permutation
ags_virgin,1.612973356570624e-05,0.0005423213977586,aging_state,real,real,random_cv,random_cv_03,elastic_net,elastic_net_permutation
ph_missing,0.0,0.0,solution_chemistry,real,real,random_cv,random_cv_03,elastic_net,elastic_net_permutation
temp_missing,1.2471328714314111e-05,0.0004193168097106,solution_chemistry,real,real,random_cv,random_cv_03,elastic_net,elastic_net_permutation
rpm_missing,8.853884897241926e-07,2.976894325939169e-05,solution_chemistry,real,real,random_cv,random_cv_03,elastic_net,elastic_net_permutation
sa_missing,4.7259855456849295e-05,0.001588992822778,surface_area_porosity,real,real,random_cv,random_cv_03,elastic_net,elastic_net_permutation
metal_cd,8.290353210160806e-06,0.0002787421083263,metal_identity,real,real,random_cv,random_cv_03,elastic_net,elastic_net_permutation
metal_cr,8.950173805777339e-06,0.000300926903024,metal_identity,real,real,random_cv,random_cv_03,elastic_net,elastic_net_permutation
metal_hg,0.0,0.0,metal_identity,real,real,random_cv,random_cv_03,elastic_net,elastic_net_permutation
ret_other,0.0,0.0,polymer_identity,real,real,random_cv,random_cv_03,elastic_net,elastic_net_permutation
ret_pa,0.0,0.0,polymer_identity,real,real,random_cv,random_cv_03,elastic_net,elastic_net_permutation
ret_pe,3.3079715935357967e-06,0.0001112221581989,polymer_identity,real,real,random_cv,random_cv_03,elastic_net,elastic_net_permutation
ret_pet,1.1872717400707166e-05,0.0003991900219377,polymer_identity,real,real,random_cv,random_cv_03,elastic_net,elastic_net_permutation
ret_pla,0.0,0.0,polymer_identity,real,real,random_cv,random_cv_03,elastic_net,elastic_net_permutation
ret_pp,1.3777827790883989e-07,4.632445288195035e-06,polymer_identity,real,real,random_cv,random_cv_03,elastic_net,elastic_net_permutation
ret_ps,5.686706745389181e-06,0.0001912010969207,polymer_identity,real,real,random_cv,random_cv_03,elastic_net,elastic_net_permutation
ret_pvc,0.0,0.0,polymer_identity,real,real,random_cv,random_cv_03,elastic_net,elastic_net_permutation
ce_log1p,0.0002013104356358,0.0067685530199688,solution_chemistry,real,real,random_cv,random_cv_03,elastic_net,elastic_net_permutation
rpm_log1p,0.0002326958083306,0.0078238066061268,solution_chemistry,real,real,random_cv,random_cv_03,elastic_net,elastic_net_permutation
sa_log1p,6.208972084111863e-05,0.0020876094484653,surface_area_porosity,real,real,random_cv,random_cv_03,elastic_net,elastic_net_permutation
temp_log1p,8.469464544524907e-06,0.0002847642728469,solution_chemistry,real,real,random_cv,random_cv_03,elastic_net,elastic_net_permutation
ph_x_temp,0.0003098692624032,0.0104185683430156,solution_chemistry,real,real,random_cv,random_cv_03,elastic_net,elastic_net_permutation
ph_x_ce_log,0.0004412264644939,0.0148351212360508,solution_chemistry,real,real,random_cv,random_cv_03,elastic_net,elastic_net_permutation
temp_x_ce_log,0.0015339701552325,0.0515758574260935,solution_chemistry,real,real,random_cv,random_cv_03,elastic_net,elastic_net_permutation
ce_log_x_rpm_log,0.0,0.0,solution_chemistry,real,real,random_cv,random_cv_03,elastic_net,elastic_net_permutation
ce_over_rpm,0.0219129760877197,0.7367682654231741,solution_chemistry,real,real,random_cv,random_cv_03,elastic_net,elastic_net_permutation
ce_over_sa,4.902110569322549e-05,0.0016482103967139,solution_chemistry,real,real,random_cv,random_cv_03,elastic_net,elastic_net_permutation
cd_x_ph,8.20798404139289e-05,0.002759726538554,other,real,real,random_cv,random_cv_03,elastic_net,elastic_net_permutation
cd_x_ce_log,0.0003511184254591,0.0118054668726016,other,real,real,random_cv,random_cv_03,elastic_net,elastic_net_permutation
cd_x_sa_log,0.0001030291747468,0.0034640947930736,other,real,real,random_cv,random_cv_03,elastic_net,elastic_net_permutation
cr_x_ph,0.0,0.0,other,real,real,random_cv,random_cv_03,elastic_net,elastic_net_permutation
cr_x_ce_log,8.142404359589017e-05,0.0027376770331759,other,real,real,random_cv,random_cv_03,elastic_net,elastic_net_permutation
cr_x_sa_log,5.394860926777323e-06,0.0001813885211807,other,real,real,random_cv,random_cv_03,elastic_net,elastic_net_permutation
hg_x_ph,3.140821751538292e-05,0.0010560216853342,other,real,real,random_cv,random_cv_03,elastic_net,elastic_net_permutation
hg_x_ce_log,5.006441765598169e-07,1.6832891163738416e-05,other,real,real,random_cv,random_cv_03,elastic_net,elastic_net_permutation
hg_x_sa_log,4.0483842758787246e-06,0.0001361166574894,other,real,real,random_cv,random_cv_03,elastic_net,elastic_net_permutation
aged_x_fg_any,1.612973356570624e-05,0.0005423213977586,other,real,real,random_cv,random_cv_03,elastic_net,elastic_net_permutation
aged_x_fg_complexing,1.6019612601592125e-05,0.0005386188595277,other,real,real,random_cv,random_cv_03,elastic_net,elastic_net_permutation
ret_ps_x_fg_any,5.687547504573676e-06,0.0001912293653167,polymer_identity,real,real,random_cv,random_cv_03,elastic_net,elastic_net_permutation
ret_pe_x_fg_any,3.3080332332846574e-06,0.0001112242306792,polymer_identity,real,real,random_cv,random_cv_03,elastic_net,elastic_net_permutation
ret_pa_x_fg_any,0.0,0.0,polymer_identity,real,real,random_cv,random_cv_03,elastic_net,elastic_net_permutation
null_random_normal,0.0001443771635675,0.0048543160884472,null_feature,,random_noise,random_cv,random_cv_03,elastic_net,elastic_net_permutation
null_random_uniform,3.37769951802791e-05,0.0011356658288021,null_feature,,random_noise,random_cv,random_cv_03,elastic_net,elastic_net_permutation
null_random_binary,2.2017426688836216e-06,7.402801520742113e-05,null_feature,,random_noise,random_cv,random_cv_03,elastic_net,elastic_net_permutation
null_perm_ph,1.1539100207547115e-05,0.0003879729896306,null_feature,,permuted_real,random_cv,random_cv_03,elastic_net,elastic_net_permutation
null_perm_ce,0.0,0.0,null_feature,,permuted_real,random_cv,random_cv_03,elastic_net,elastic_net_permutation
null_study_random_effect,8.25551485932885e-05,0.0027757075710458,null_feature,,group_aware_random,random_cv,random_cv_03,elastic_net,elastic_net_permutation
null_exp_random_effect,9.713700342673936e-05,0.003265985470738,null_feature,,group_aware_random,random_cv,random_cv_03,elastic_net,elastic_net_permutation
ph,0.0,0.0,solution_chemistry,real,real,random_cv,random_cv_03,lightgbm,lightgbm_permutation
temp,0.0,0.0,solution_chemistry,real,real,random_cv,random_cv_03,lightgbm,lightgbm_permutation
ce,0.0,0.0,solution_chemistry,real,real,random_cv,random_cv_03,lightgbm,lightgbm_permutation
rpm,0.0,0.0,solution_chemistry,real,real,random_cv,random_cv_03,lightgbm,lightgbm_permutation
sa,0.0138403936844537,0.0049712639534661,surface_area_porosity,real,real,random_cv,random_cv_03,lightgbm,lightgbm_permutation
fg_complexing,0.0,0.0,surface_functionality,real,real,random_cv,random_cv_03,lightgbm,lightgbm_permutation
fg_polar,0.0,0.0,surface_functionality,real,real,random_cv,random_cv_03,lightgbm,lightgbm_permutation
fg_any,0.0,0.0,surface_functionality,real,real,random_cv,random_cv_03,lightgbm,lightgbm_permutation
ags_aged,0.0275990549964636,0.0099131708520518,aging_state,real,real,random_cv,random_cv_03,lightgbm,lightgbm_permutation
ags_virgin,0.0043358635086002,0.001557377807227,aging_state,real,real,random_cv,random_cv_03,lightgbm,lightgbm_permutation
ph_missing,0.0,0.0,solution_chemistry,real,real,random_cv,random_cv_03,lightgbm,lightgbm_permutation
temp_missing,0.0011176926542872,0.0004014586094868,solution_chemistry,real,real,random_cv,random_cv_03,lightgbm,lightgbm_permutation
rpm_missing,0.2434248292863105,0.0874345850847409,solution_chemistry,real,real,random_cv,random_cv_03,lightgbm,lightgbm_permutation
sa_missing,0.0,0.0,surface_area_porosity,real,real,random_cv,random_cv_03,lightgbm,lightgbm_permutation
metal_cd,0.0,0.0,metal_identity,real,real,random_cv,random_cv_03,lightgbm,lightgbm_permutation
metal_cr,0.0037474647032313,0.0013460336910059,metal_identity,real,real,random_cv,random_cv_03,lightgbm,lightgbm_permutation
metal_hg,0.0,0.0,metal_identity,real,real,random_cv,random_cv_03,lightgbm,lightgbm_permutation
ret_other,0.3604531524782145,0.1294694215122611,polymer_identity,real,real,random_cv,random_cv_03,lightgbm,lightgbm_permutation
ret_pa,0.0041586915416895,0.0014937402667965,polymer_identity,real,real,random_cv,random_cv_03,lightgbm,lightgbm_permutation
ret_pe,0.0267939253736545,0.0096239802435336,polymer_identity,real,real,random_cv,random_cv_03,lightgbm,lightgbm_permutation
ret_pet,8.561013102263426e-05,3.0749888197355243e-05,polymer_identity,real,real,random_cv,random_cv_03,lightgbm,lightgbm_permutation
ret_pla,0.1759170384091842,0.0631867887418847,polymer_identity,real,real,random_cv,random_cv_03,lightgbm,lightgbm_permutation
ret_pp,0.0250158706411017,0.0089853293784821,polymer_identity,real,real,random_cv,random_cv_03,lightgbm,lightgbm_permutation
ret_ps,0.0,0.0,polymer_identity,real,real,random_cv,random_cv_03,lightgbm,lightgbm_permutation
ret_pvc,0.0,0.0,polymer_identity,real,real,random_cv,random_cv_03,lightgbm,lightgbm_permutation
ce_log1p,0.0,0.0,solution_chemistry,real,real,random_cv,random_cv_03,lightgbm,lightgbm_permutation
rpm_log1p,0.0,0.0,solution_chemistry,real,real,random_cv,random_cv_03,lightgbm,lightgbm_permutation
sa_log1p,0.0061271141384167,0.002200768442685,surface_area_porosity,real,real,random_cv,random_cv_03,lightgbm,lightgbm_permutation
temp_log1p,0.0132930786153188,0.0047746765054201,solution_chemistry,real,real,random_cv,random_cv_03,lightgbm,lightgbm_permutation
ph_x_temp,0.0022908931768431,0.0008228548212522,solution_chemistry,real,real,random_cv,random_cv_03,lightgbm,lightgbm_permutation
ph_x_ce_log,0.0224560401966945,0.008065876283043,solution_chemistry,real,real,random_cv,random_cv_03,lightgbm,lightgbm_permutation
temp_x_ce_log,0.2261486885450599,0.0812292517914794,solution_chemistry,real,real,random_cv,random_cv_03,lightgbm,lightgbm_permutation
ce_log_x_rpm_log,0.0,0.0,solution_chemistry,real,real,random_cv,random_cv_03,lightgbm,lightgbm_permutation
ce_over_rpm,0.0,0.0,solution_chemistry,real,real,random_cv,random_cv_03,lightgbm,lightgbm_permutation
ce_over_sa,0.0,0.0,solution_chemistry,real,real,random_cv,random_cv_03,lightgbm,lightgbm_permutation
cd_x_ph,0.0013023877102686,0.0004677983318327,other,real,real,random_cv,random_cv_03,lightgbm,lightgbm_permutation
cd_x_ce_log,0.0,0.0,other,real,real,random_cv,random_cv_03,lightgbm,lightgbm_permutation
cd_x_sa_log,0.0001409187439599,5.061592091867432e-05,other,real,real,random_cv,random_cv_03,lightgbm,lightgbm_permutation
cr_x_ph,0.0,0.0,other,real,real,random_cv,random_cv_03,lightgbm,lightgbm_permutation
cr_x_ce_log,0.0575877043665803,0.0206846485300496,other,real,real,random_cv,random_cv_03,lightgbm,lightgbm_permutation
cr_x_sa_log,0.0437735377894383,0.0157228049641935,other,real,real,random_cv,random_cv_03,lightgbm,lightgbm_permutation
hg_x_ph,0.0,0.0,other,real,real,random_cv,random_cv_03,lightgbm,lightgbm_permutation
hg_x_ce_log,0.6437455023311867,0.2312238281588507,other,real,real,random_cv,random_cv_03,lightgbm,lightgbm_permutation
hg_x_sa_log,0.0001285765322163,4.618278167815761e-05,other,real,real,random_cv,random_cv_03,lightgbm,lightgbm_permutation
aged_x_fg_any,0.0043439453564455,0.0015602806869995,other,real,real,random_cv,random_cv_03,lightgbm,lightgbm_permutation
aged_x_fg_complexing,0.6097203246757714,0.2190024894422618,other,real,real,random_cv,random_cv_03,lightgbm,lightgbm_permutation
ret_ps_x_fg_any,0.0,0.0,polymer_identity,real,real,random_cv,random_cv_03,lightgbm,lightgbm_permutation
ret_pe_x_fg_any,0.0055139521271268,0.0019805297505022,polymer_identity,real,real,random_cv,random_cv_03,lightgbm,lightgbm_permutation
ret_pa_x_fg_any,0.0,0.0,polymer_identity,real,real,random_cv,random_cv_03,lightgbm,lightgbm_permutation
null_random_normal,0.0,0.0,null_feature,,random_noise,random_cv,random_cv_03,lightgbm,lightgbm_permutation
null_random_uniform,0.0081847304638757,0.0029398336818702,null_feature,,random_noise,random_cv,random_cv_03,lightgbm,lightgbm_permutation
null_random_binary,0.0141830427780682,0.0050943384213323,null_feature,,random_noise,random_cv,random_cv_03,lightgbm,lightgbm_permutation
null_perm_ph,0.0,0.0,null_feature,,permuted_real,random_cv,random_cv_03,lightgbm,lightgbm_permutation
null_perm_ce,0.0,0.0,null_feature,,permuted_real,random_cv,random_cv_03,lightgbm,lightgbm_permutation
null_study_random_effect,0.1371329503091889,0.0492561200387154,null_feature,,group_aware_random,random_cv,random_cv_03,lightgbm,lightgbm_permutation
null_exp_random_effect,0.101516448802873,0.0364632014177804,null_feature,,group_aware_random,random_cv,random_cv_03,lightgbm,lightgbm_permutation
num__ph,54.0,0.003614215915936,solution_chemistry,real,real,random_cv,random_cv_03,lightgbm,lightgbm_builtin_gain
num__temp,80.0,0.0053543939495348,solution_chemistry,real,real,random_cv,random_cv_03,lightgbm,lightgbm_builtin_gain
num__ce,519.0,0.0347366307476072,solution_chemistry,real,real,random_cv,random_cv_03,lightgbm,lightgbm_builtin_gain
num__rpm,331.0,0.0221538049662003,solution_chemistry,real,real,random_cv,random_cv_03,lightgbm,lightgbm_builtin_gain
num__sa,620.0,0.0414965531088949,surface_area_porosity,real,real,random_cv,random_cv_03,lightgbm,lightgbm_builtin_gain
num__fg_complexing,19.0,0.0012716685630145,surface_functionality,real,real,random_cv,random_cv_03,lightgbm,lightgbm_builtin_gain
num__fg_polar,10.0,0.0006692992436918,surface_functionality,real,real,random_cv,random_cv_03,lightgbm,lightgbm_builtin_gain
num__fg_any,19.0,0.0012716685630145,surface_functionality,real,real,random_cv,random_cv_03,lightgbm,lightgbm_builtin_gain
num__ags_aged,85.0,0.0056890435713807,aging_state,real,real,random_cv,random_cv_03,lightgbm,lightgbm_builtin_gain
num__ags_virgin,5.0,0.0003346496218459,aging_state,real,real,random_cv,random_cv_03,lightgbm,lightgbm_builtin_gain
num__ph_missing,46.0,0.0030787765209825,solution_chemistry,real,real,random_cv,random_cv_03,lightgbm,lightgbm_builtin_gain
num__temp_missing,47.0,0.0031457064453517,solution_chemistry,real,real,random_cv,random_cv_03,lightgbm,lightgbm_builtin_gain
num__rpm_missing,105.0,0.0070276420587644,solution_chemistry,real,real,random_cv,random_cv_03,lightgbm,lightgbm_builtin_gain
num__sa_missing,47.0,0.0031457064453517,surface_area_porosity,real,real,random_cv,random_cv_03,lightgbm,lightgbm_builtin_gain
num__metal_cd,22.0,0.001472458336122,metal_identity,real,real,random_cv,random_cv_03,lightgbm,lightgbm_builtin_gain
num__metal_cr,9.0,0.0006023693193226,metal_identity,real,real,random_cv,random_cv_03,lightgbm,lightgbm_builtin_gain
num__metal_hg,7.0,0.0004685094705842,metal_identity,real,real,random_cv,random_cv_03,lightgbm,lightgbm_builtin_gain
num__ret_other,173.0,0.011578876915869,polymer_identity,real,real,random_cv,random_cv_03,lightgbm,lightgbm_builtin_gain
num__ret_pa,73.0,0.0048858844789505,polymer_identity,real,real,random_cv,random_cv_03,lightgbm,lightgbm_builtin_gain
num__ret_pe,35.0,0.0023425473529214,polymer_identity,real,real,random_cv,random_cv_03,lightgbm,lightgbm_builtin_gain
num__ret_pet,9.0,0.0006023693193226,polymer_identity,real,real,random_cv,random_cv_03,lightgbm,lightgbm_builtin_gain
num__ret_pla,157.0,0.0105079981259621,polymer_identity,real,real,random_cv,random_cv_03,lightgbm,lightgbm_builtin_gain
num__ret_pp,92.0,0.006157553041965,polymer_identity,real,real,random_cv,random_cv_03,lightgbm,lightgbm_builtin_gain
num__ret_ps,132.0,0.0088347500167324,polymer_identity,real,real,random_cv,random_cv_03,lightgbm,lightgbm_builtin_gain
num__ret_pvc,9.0,0.0006023693193226,polymer_identity,real,real,random_cv,random_cv_03,lightgbm,lightgbm_builtin_gain
num__ce_log1p,36.0,0.0024094772772906,solution_chemistry,real,real,random_cv,random_cv_03,lightgbm,lightgbm_builtin_gain
num__rpm_log1p,38.0,0.002543337126029,solution_chemistry,real,real,random_cv,random_cv_03,lightgbm,lightgbm_builtin_gain
num__sa_log1p,302.0,0.020212837159494,surface_area_porosity,real,real,random_cv,random_cv_03,lightgbm,lightgbm_builtin_gain
num__temp_log1p,58.0,0.0038819356134127,solution_chemistry,real,real,random_cv,random_cv_03,lightgbm,lightgbm_builtin_gain
num__ph_x_temp,56.0,0.0037480757646743,solution_chemistry,real,real,random_cv,random_cv_03,lightgbm,lightgbm_builtin_gain
num__ph_x_ce_log,800.0,0.0535439394953483,solution_chemistry,real,real,random_cv,random_cv_03,lightgbm,lightgbm_builtin_gain
num__temp_x_ce_log,681.0,0.0455792784954153,solution_chemistry,real,real,random_cv,random_cv_03,lightgbm,lightgbm_builtin_gain
num__ce_log_x_rpm_log,449.0,0.0300515360417642,solution_chemistry,real,real,random_cv,random_cv_03,lightgbm,lightgbm_builtin_gain
num__ce_over_rpm,750.0,0.050197443276889,solution_chemistry,real,real,random_cv,random_cv_03,lightgbm,lightgbm_builtin_gain
num__ce_over_sa,766.0,0.051268322066796,solution_chemistry,real,real,random_cv,random_cv_03,lightgbm,lightgbm_builtin_gain
num__cd_x_ph,191.0,0.0127836155545144,other,real,real,random_cv,random_cv_03,lightgbm,lightgbm_builtin_gain
num__cd_x_ce_log,299.0,0.0200120473863864,other,real,real,random_cv,random_cv_03,lightgbm,lightgbm_builtin_gain
num__cd_x_sa_log,397.0,0.0265711799745666,other,real,real,random_cv,random_cv_03,lightgbm,lightgbm_builtin_gain
num__cr_x_ph,0.0,0.0,other,real,real,random_cv,random_cv_03,lightgbm,lightgbm_builtin_gain
num__cr_x_ce_log,350.0,0.0234254735292149,other,real,real,random_cv,random_cv_03,lightgbm,lightgbm_builtin_gain
num__cr_x_sa_log,348.0,0.0232916136804765,other,real,real,random_cv,random_cv_03,lightgbm,lightgbm_builtin_gain
num__hg_x_ph,105.0,0.0070276420587644,other,real,real,random_cv,random_cv_03,lightgbm,lightgbm_builtin_gain
num__hg_x_ce_log,778.0,0.0520714811592262,other,real,real,random_cv,random_cv_03,lightgbm,lightgbm_builtin_gain
num__hg_x_sa_log,23.0,0.0015393882604912,other,real,real,random_cv,random_cv_03,lightgbm,lightgbm_builtin_gain
num__aged_x_fg_any,0.0,0.0,other,real,real,random_cv,random_cv_03,lightgbm,lightgbm_builtin_gain
num__aged_x_fg_complexing,124.0,0.0082993106217789,other,real,real,random_cv,random_cv_03,lightgbm,lightgbm_builtin_gain
num__ret_ps_x_fg_any,25.0,0.0016732481092296,polymer_identity,real,real,random_cv,random_cv_03,lightgbm,lightgbm_builtin_gain
num__ret_pe_x_fg_any,16.0,0.0010708787899069,polymer_identity,real,real,random_cv,random_cv_03,lightgbm,lightgbm_builtin_gain
num__ret_pa_x_fg_any,2.0,0.0001338598487383,polymer_identity,real,real,random_cv,random_cv_03,lightgbm,lightgbm_builtin_gain
num__null_random_normal,1088.0,0.0728197577136737,null_feature,real,random_noise,random_cv,random_cv_03,lightgbm,lightgbm_builtin_gain
num__null_random_uniform,901.0,0.0603038618566361,null_feature,real,random_noise,random_cv,random_cv_03,lightgbm,lightgbm_builtin_gain
num__null_random_binary,112.0,0.0074961515293487,null_feature,real,random_noise,random_cv,random_cv_03,lightgbm,lightgbm_builtin_gain
num__null_perm_ph,712.0,0.04765410615086,null_feature,real,permuted_real,random_cv,random_cv_03,lightgbm,lightgbm_builtin_gain
num__null_perm_ce,914.0,0.0611739508734355,null_feature,real,permuted_real,random_cv,random_cv_03,lightgbm,lightgbm_builtin_gain
num__null_study_random_effect,527.0,0.0352720701425607,null_feature,real,group_aware_random,random_cv,random_cv_03,lightgbm,lightgbm_builtin_gain
num__null_exp_random_effect,1388.0,0.0928987350244294,null_feature,real,group_aware_random,random_cv,random_cv_03,lightgbm,lightgbm_builtin_gain
ph,0.0027581476725008,0.0036468168773793,solution_chemistry,real,real,random_cv,random_cv_03,lightgbm,lightgbm_shap
temp,0.0019215297841012,0.0025406425177713,solution_chemistry,real,real,random_cv,random_cv_03,lightgbm,lightgbm_shap
ce,0.0144042584286142,0.0190452792891888,solution_chemistry,real,real,random_cv,random_cv_03,lightgbm,lightgbm_shap
rpm,0.0299276477473882,0.0395702710168819,solution_chemistry,real,real,random_cv,random_cv_03,lightgbm,lightgbm_shap
sa,0.0259926841834282,0.0343674707172479,surface_area_porosity,real,real,random_cv,random_cv_03,lightgbm,lightgbm_shap
fg_complexing,0.0002083607805948,0.0002754941727135,surface_functionality,real,real,random_cv,random_cv_03,lightgbm,lightgbm_shap
fg_polar,0.002068195469993,0.0027345635699235,surface_functionality,real,real,random_cv,random_cv_03,lightgbm,lightgbm_shap
fg_any,0.0034847554195653,0.0046075360664382,surface_functionality,real,real,random_cv,random_cv_03,lightgbm,lightgbm_shap
ags_aged,0.0062001774417823,0.0081978611815723,aging_state,real,real,random_cv,random_cv_03,lightgbm,lightgbm_shap
ags_virgin,0.0001407014771582,0.0001860351882854,aging_state,real,real,random_cv,random_cv_03,lightgbm,lightgbm_shap
ph_missing,0.0020865561216172,0.0027588399837248,solution_chemistry,real,real,random_cv,random_cv_03,lightgbm,lightgbm_shap
temp_missing,0.0029450656599736,0.0038939594354801,solution_chemistry,real,real,random_cv,random_cv_03,lightgbm,lightgbm_shap
rpm_missing,0.0361463395696131,0.0477926118721661,solution_chemistry,real,real,random_cv,random_cv_03,lightgbm,lightgbm_shap
sa_missing,0.0035295498301425,0.0046667631390615,surface_area_porosity,real,real,random_cv,random_cv_03,lightgbm,lightgbm_shap
metal_cd,0.0008291512419355,0.0010963019758289,metal_identity,real,real,random_cv,random_cv_03,lightgbm,lightgbm_shap
metal_cr,0.0002926815464172,0.0003869829066129,metal_identity,real,real,random_cv,random_cv_03,lightgbm,lightgbm_shap
metal_hg,0.0003285267657,0.0004343773778941,metal_identity,real,real,random_cv,random_cv_03,lightgbm,lightgbm_shap
ret_other,0.0684890729017204,0.090556103817166,polymer_identity,real,real,random_cv,random_cv_03,lightgbm,lightgbm_shap
ret_pa,0.0196011507749215,0.0259165990910227,polymer_identity,real,real,random_cv,random_cv_03,lightgbm,lightgbm_shap
ret_pe,0.0047142168036518,0.0062331272449943,polymer_identity,real,real,random_cv,random_cv_03,lightgbm,lightgbm_shap
ret_pet,0.000230674093841,0.0003049967871484,polymer_identity,real,real,random_cv,random_cv_03,lightgbm,lightgbm_shap
ret_pla,0.0103517633242044,0.0136870790413903,polymer_identity,real,real,random_cv,random_cv_03,lightgbm,lightgbm_shap
ret_pp,0.0388766837709281,0.0514026670601766,polymer_identity,real,real,random_cv,random_cv_03,lightgbm,lightgbm_shap
ret_ps,0.0057272014605583,0.0075724933638446,polymer_identity,real,real,random_cv,random_cv_03,lightgbm,lightgbm_shap
ret_pvc,0.0009009931530794,0.0011912911951063,polymer_identity,real,real,random_cv,random_cv_03,lightgbm,lightgbm_shap
ce_log1p,0.0007715729677733,0.0010201721064682,solution_chemistry,real,real,random_cv,random_cv_03,lightgbm,lightgbm_shap
rpm_log1p,0.0026002965786858,0.003438106503103,solution_chemistry,real,real,random_cv,random_cv_03,lightgbm,lightgbm_shap
sa_log1p,0.0053599284047385,0.0070868857250933,surface_area_porosity,real,real,random_cv,random_cv_03,lightgbm,lightgbm_shap
temp_log1p,0.00316519747726,0.0041850172474067,solution_chemistry,real,real,random_cv,random_cv_03,lightgbm,lightgbm_shap
ph_x_temp,0.0034951439460143,0.0046212717536035,solution_chemistry,real,real,random_cv,random_cv_03,lightgbm,lightgbm_shap
ph_x_ce_log,0.010586074771048,0.0139968851287987,solution_chemistry,real,real,random_cv,random_cv_03,lightgbm,lightgbm_shap
temp_x_ce_log,0.0580981944314785,0.0768173068144233,solution_chemistry,real,real,random_cv,random_cv_03,lightgbm,lightgbm_shap
ce_log_x_rpm_log,0.0254785499078354,0.0336876834918703,solution_chemistry,real,real,random_cv,random_cv_03,lightgbm,lightgbm_shap
ce_over_rpm,0.0200006488053656,0.0264448145214106,solution_chemistry,real,real,random_cv,random_cv_03,lightgbm,lightgbm_shap
ce_over_sa,0.0094956280424153,0.0125550988265246,solution_chemistry,real,real,random_cv,random_cv_03,lightgbm,lightgbm_shap
cd_x_ph,0.0099467949652503,0.0131516307544972,other,real,real,random_cv,random_cv_03,lightgbm,lightgbm_shap
cd_x_ce_log,0.0116494419063693,0.0154028668514613,other,real,real,random_cv,random_cv_03,lightgbm,lightgbm_shap
cd_x_sa_log,0.0175665501071632,0.0232264544958348,other,real,real,random_cv,random_cv_03,lightgbm,lightgbm_shap
cr_x_ph,0.0,0.0,other,real,real,random_cv,random_cv_03,lightgbm,lightgbm_shap
cr_x_ce_log,0.0620284671208868,0.0820139048498874,other,real,real,random_cv,random_cv_03,lightgbm,lightgbm_shap
cr_x_sa_log,0.0086503186975933,0.0114374326420639,other,real,real,random_cv,random_cv_03,lightgbm,lightgbm_shap
hg_x_ph,0.0014626668745249,0.0019339349728018,other,real,real,random_cv,random_cv_03,lightgbm,lightgbm_shap
hg_x_ce_log,0.0667603872423839,0.0882704393833846,other,real,real,random_cv,random_cv_03,lightgbm,lightgbm_shap
hg_x_sa_log,0.0005894736218301,0.0007794007457588,other,real,real,random_cv,random_cv_03,lightgbm,lightgbm_shap
aged_x_fg_any,0.0,0.0,other,real,real,random_cv,random_cv_03,lightgbm,lightgbm_shap
aged_x_fg_complexing,0.0542512635582972,0.0717309031478245,other,real,real,random_cv,random_cv_03,lightgbm,lightgbm_shap
ret_ps_x_fg_any,0.0007297641713612,0.0009648926064259,polymer_identity,real,real,random_cv,random_cv_03,lightgbm,lightgbm_shap
ret_pe_x_fg_any,0.000292944772546,0.0003873309436301,polymer_identity,real,real,random_cv,random_cv_03,lightgbm,lightgbm_shap
ret_pa_x_fg_any,5.73945103449405e-05,7.588689723965123e-05,polymer_identity,real,real,random_cv,random_cv_03,lightgbm,lightgbm_shap
null_random_normal,0.0073223000725895,0.0096815292930794,null_feature,,random_noise,random_cv,random_cv_03,lightgbm,lightgbm_shap
null_random_uniform,0.0055112685507718,0.007286987338318,null_feature,,random_noise,random_cv,random_cv_03,lightgbm,lightgbm_shap
null_random_binary,0.0014213630534668,0.0018793231500786,null_feature,,random_noise,random_cv,random_cv_03,lightgbm,lightgbm_shap
null_perm_ph,0.0042954071756511,0.0056793780621534,null_feature,,permuted_real,random_cv,random_cv_03,lightgbm,lightgbm_shap
null_perm_ce,0.0078758680309649,0.0104134556484038,null_feature,,permuted_real,random_cv,random_cv_03,lightgbm,lightgbm_shap
null_study_random_effect,0.044861526068562,0.059315812580654,null_feature,,group_aware_random,random_cv,random_cv_03,lightgbm,lightgbm_shap
null_exp_random_effect,0.029835950132235,0.0394490286287784,null_feature,,group_aware_random,random_cv,random_cv_03,lightgbm,lightgbm_shap
num__ph,0.0,0.0,solution_chemistry,real,real,random_cv,random_cv_04,elastic_net,elastic_net_coef
num__temp,0.0007108174211569,0.0384105968218295,solution_chemistry,real,real,random_cv,random_cv_04,elastic_net,elastic_net_coef
num__ce,0.0,0.0,solution_chemistry,real,real,random_cv,random_cv_04,elastic_net,elastic_net_coef
num__rpm,0.0,0.0,solution_chemistry,real,real,random_cv,random_cv_04,elastic_net,elastic_net_coef
num__sa,0.0,0.0,surface_area_porosity,real,real,random_cv,random_cv_04,elastic_net,elastic_net_coef
num__fg_complexing,0.0,0.0,surface_functionality,real,real,random_cv,random_cv_04,elastic_net,elastic_net_coef
num__fg_polar,0.0,0.0,surface_functionality,real,real,random_cv,random_cv_04,elastic_net,elastic_net_coef
num__fg_any,0.0,0.0,surface_functionality,real,real,random_cv,random_cv_04,elastic_net,elastic_net_coef
num__ags_aged,0.0,0.0,aging_state,real,real,random_cv,random_cv_04,elastic_net,elastic_net_coef
num__ags_virgin,0.0,0.0,aging_state,real,real,random_cv,random_cv_04,elastic_net,elastic_net_coef
num__ph_missing,0.0,0.0,solution_chemistry,real,real,random_cv,random_cv_04,elastic_net,elastic_net_coef
num__temp_missing,0.0,0.0,solution_chemistry,real,real,random_cv,random_cv_04,elastic_net,elastic_net_coef
num__rpm_missing,0.0,0.0,solution_chemistry,real,real,random_cv,random_cv_04,elastic_net,elastic_net_coef
num__sa_missing,0.0,0.0,surface_area_porosity,real,real,random_cv,random_cv_04,elastic_net,elastic_net_coef
num__metal_cd,0.0,0.0,metal_identity,real,real,random_cv,random_cv_04,elastic_net,elastic_net_coef
num__metal_cr,0.0,0.0,metal_identity,real,real,random_cv,random_cv_04,elastic_net,elastic_net_coef
num__metal_hg,0.0,0.0,metal_identity,real,real,random_cv,random_cv_04,elastic_net,elastic_net_coef
num__ret_other,0.0,0.0,polymer_identity,real,real,random_cv,random_cv_04,elastic_net,elastic_net_coef
num__ret_pa,0.0,0.0,polymer_identity,real,real,random_cv,random_cv_04,elastic_net,elastic_net_coef
num__ret_pe,0.0,0.0,polymer_identity,real,real,random_cv,random_cv_04,elastic_net,elastic_net_coef
num__ret_pet,0.0,0.0,polymer_identity,real,real,random_cv,random_cv_04,elastic_net,elastic_net_coef
num__ret_pla,0.0,0.0,polymer_identity,real,real,random_cv,random_cv_04,elastic_net,elastic_net_coef
num__ret_pp,0.0,0.0,polymer_identity,real,real,random_cv,random_cv_04,elastic_net,elastic_net_coef
num__ret_ps,0.0,0.0,polymer_identity,real,real,random_cv,random_cv_04,elastic_net,elastic_net_coef
num__ret_pvc,0.0,0.0,polymer_identity,real,real,random_cv,random_cv_04,elastic_net,elastic_net_coef
num__ce_log1p,0.0,0.0,solution_chemistry,real,real,random_cv,random_cv_04,elastic_net,elastic_net_coef
num__rpm_log1p,0.0,0.0,solution_chemistry,real,real,random_cv,random_cv_04,elastic_net,elastic_net_coef
num__sa_log1p,0.0,0.0,surface_area_porosity,real,real,random_cv,random_cv_04,elastic_net,elastic_net_coef
num__temp_log1p,0.0,0.0,solution_chemistry,real,real,random_cv,random_cv_04,elastic_net,elastic_net_coef
num__ph_x_temp,0.0,0.0,solution_chemistry,real,real,random_cv,random_cv_04,elastic_net,elastic_net_coef
num__ph_x_ce_log,0.0,0.0,solution_chemistry,real,real,random_cv,random_cv_04,elastic_net,elastic_net_coef
num__temp_x_ce_log,0.0,0.0,solution_chemistry,real,real,random_cv,random_cv_04,elastic_net,elastic_net_coef
num__ce_log_x_rpm_log,0.0,0.0,solution_chemistry,real,real,random_cv,random_cv_04,elastic_net,elastic_net_coef
num__ce_over_rpm,0.0177949460912962,0.9615894031781704,solution_chemistry,real,real,random_cv,random_cv_04,elastic_net,elastic_net_coef
num__ce_over_sa,0.0,0.0,solution_chemistry,real,real,random_cv,random_cv_04,elastic_net,elastic_net_coef
num__cd_x_ph,0.0,0.0,other,real,real,random_cv,random_cv_04,elastic_net,elastic_net_coef
num__cd_x_ce_log,0.0,0.0,other,real,real,random_cv,random_cv_04,elastic_net,elastic_net_coef
num__cd_x_sa_log,0.0,0.0,other,real,real,random_cv,random_cv_04,elastic_net,elastic_net_coef
num__cr_x_ph,0.0,0.0,other,real,real,random_cv,random_cv_04,elastic_net,elastic_net_coef
num__cr_x_ce_log,0.0,0.0,other,real,real,random_cv,random_cv_04,elastic_net,elastic_net_coef
num__cr_x_sa_log,0.0,0.0,other,real,real,random_cv,random_cv_04,elastic_net,elastic_net_coef
num__hg_x_ph,0.0,0.0,other,real,real,random_cv,random_cv_04,elastic_net,elastic_net_coef
num__hg_x_ce_log,0.0,0.0,other,real,real,random_cv,random_cv_04,elastic_net,elastic_net_coef
num__hg_x_sa_log,0.0,0.0,other,real,real,random_cv,random_cv_04,elastic_net,elastic_net_coef
num__aged_x_fg_any,0.0,0.0,other,real,real,random_cv,random_cv_04,elastic_net,elastic_net_coef
num__aged_x_fg_complexing,0.0,0.0,other,real,real,random_cv,random_cv_04,elastic_net,elastic_net_coef
num__ret_ps_x_fg_any,0.0,0.0,polymer_identity,real,real,random_cv,random_cv_04,elastic_net,elastic_net_coef
num__ret_pe_x_fg_any,0.0,0.0,polymer_identity,real,real,random_cv,random_cv_04,elastic_net,elastic_net_coef
num__ret_pa_x_fg_any,0.0,0.0,polymer_identity,real,real,random_cv,random_cv_04,elastic_net,elastic_net_coef
num__null_random_normal,0.0,0.0,null_feature,real,random_noise,random_cv,random_cv_04,elastic_net,elastic_net_coef
num__null_random_uniform,0.0,0.0,null_feature,real,random_noise,random_cv,random_cv_04,elastic_net,elastic_net_coef
num__null_random_binary,0.0,0.0,null_feature,real,random_noise,random_cv,random_cv_04,elastic_net,elastic_net_coef
num__null_perm_ph,0.0,0.0,null_feature,real,permuted_real,random_cv,random_cv_04,elastic_net,elastic_net_coef
num__null_perm_ce,0.0,0.0,null_feature,real,permuted_real,random_cv,random_cv_04,elastic_net,elastic_net_coef
num__null_study_random_effect,0.0,0.0,null_feature,real,group_aware_random,random_cv,random_cv_04,elastic_net,elastic_net_coef
num__null_exp_random_effect,0.0,0.0,null_feature,real,group_aware_random,random_cv,random_cv_04,elastic_net,elastic_net_coef
ph,0.0,0.0,solution_chemistry,real,real,random_cv,random_cv_04,elastic_net,elastic_net_permutation
temp,0.001055044520157,0.0151325134468819,solution_chemistry,real,real,random_cv,random_cv_04,elastic_net,elastic_net_permutation
ce,0.0,0.0,solution_chemistry,real,real,random_cv,random_cv_04,elastic_net,elastic_net_permutation
rpm,0.0,0.0,solution_chemistry,real,real,random_cv,random_cv_04,elastic_net,elastic_net_permutation
sa,0.0,0.0,surface_area_porosity,real,real,random_cv,random_cv_04,elastic_net,elastic_net_permutation
fg_complexing,0.0,0.0,surface_functionality,real,real,random_cv,random_cv_04,elastic_net,elastic_net_permutation
fg_polar,0.0,0.0,surface_functionality,real,real,random_cv,random_cv_04,elastic_net,elastic_net_permutation
fg_any,0.0,0.0,surface_functionality,real,real,random_cv,random_cv_04,elastic_net,elastic_net_permutation
ags_aged,6.433021666496508e-06,9.2268890091817e-05,aging_state,real,real,random_cv,random_cv_04,elastic_net,elastic_net_permutation
ags_virgin,6.433021666496508e-06,9.2268890091817e-05,aging_state,real,real,random_cv,random_cv_04,elastic_net,elastic_net_permutation
ph_missing,7.436526981718927e-06,0.0001066621762389,solution_chemistry,real,real,random_cv,random_cv_04,elastic_net,elastic_net_permutation
temp_missing,3.018431413837064e-06,4.329339007569329e-05,solution_chemistry,real,real,random_cv,random_cv_04,elastic_net,elastic_net_permutation
rpm_missing,1.271520989003516e-05,0.0001823743746967,solution_chemistry,real,real,random_cv,random_cv_04,elastic_net,elastic_net_permutation
sa_missing,6.970967379826831e-06,9.998465050300052e-05,surface_area_porosity,real,real,random_cv,random_cv_04,elastic_net,elastic_net_permutation
metal_cd,9.368630331096916e-06,0.0001343743526984,metal_identity,real,real,random_cv,random_cv_04,elastic_net,elastic_net_permutation
metal_cr,5.027179835304096e-06,7.210488752295641e-05,metal_identity,real,real,random_cv,random_cv_04,elastic_net,elastic_net_permutation
metal_hg,8.645623694247818e-06,0.0001240042617257,metal_identity,real,real,random_cv,random_cv_04,elastic_net,elastic_net_permutation
ret_other,4.673155112655536e-07,6.702710760594333e-06,polymer_identity,real,real,random_cv,random_cv_04,elastic_net,elastic_net_permutation
ret_pa,1.1857494087941237e-06,1.7007214890362183e-05,polymer_identity,real,real,random_cv,random_cv_04,elastic_net,elastic_net_permutation
ret_pe,1.4478129384931649e-06,2.076599455448281e-05,polymer_identity,real,real,random_cv,random_cv_04,elastic_net,elastic_net_permutation
ret_pet,0.0,0.0,polymer_identity,real,real,random_cv,random_cv_04,elastic_net,elastic_net_permutation
ret_pla,0.0,0.0,polymer_identity,real,real,random_cv,random_cv_04,elastic_net,elastic_net_permutation
ret_pp,0.0,0.0,polymer_identity,real,real,random_cv,random_cv_04,elastic_net,elastic_net_permutation
ret_ps,1.787992855877274e-05,0.0002564519829975,polymer_identity,real,real,random_cv,random_cv_04,elastic_net,elastic_net_permutation
ret_pvc,0.0,0.0,polymer_identity,real,real,random_cv,random_cv_04,elastic_net,elastic_net_permutation
ce_log1p,1.5083461841247648e-05,0.0002163422346426,solution_chemistry,real,real,random_cv,random_cv_04,elastic_net,elastic_net_permutation
rpm_log1p,9.221015543281474e-06,0.0001322571124125,solution_chemistry,real,real,random_cv,random_cv_04,elastic_net,elastic_net_permutation
sa_log1p,8.737358414490081e-06,0.0001253200136784,surface_area_porosity,real,real,random_cv,random_cv_04,elastic_net,elastic_net_permutation
temp_log1p,6.621041247845127e-06,9.496565671035898e-05,solution_chemistry,real,real,random_cv,random_cv_04,elastic_net,elastic_net_permutation
ph_x_temp,2.737142993369801e-06,3.925886762299189e-05,solution_chemistry,real,real,random_cv,random_cv_04,elastic_net,elastic_net_permutation
ph_x_ce_log,4.502224861369086e-06,6.457545340874777e-05,solution_chemistry,real,real,random_cv,random_cv_04,elastic_net,elastic_net_permutation
temp_x_ce_log,0.0004163670919601,0.0059719571047,solution_chemistry,real,real,random_cv,random_cv_04,elastic_net,elastic_net_permutation
ce_log_x_rpm_log,0.0003317820191085,0.0047587526115456,solution_chemistry,real,real,random_cv,random_cv_04,elastic_net,elastic_net_permutation
ce_over_rpm,0.0675102634999471,0.9683003424949846,solution_chemistry,real,real,random_cv,random_cv_04,elastic_net,elastic_net_permutation
ce_over_sa,2.5327568403898937e-05,0.0003632735511405,solution_chemistry,real,real,random_cv,random_cv_04,elastic_net,elastic_net_permutation
cd_x_ph,0.0,0.0,other,real,real,random_cv,random_cv_04,elastic_net,elastic_net_permutation
cd_x_ce_log,0.0,0.0,other,real,real,random_cv,random_cv_04,elastic_net,elastic_net_permutation
cd_x_sa_log,8.303311368118571e-06,0.0001190944728218,other,real,real,random_cv,random_cv_04,elastic_net,elastic_net_permutation
cr_x_ph,8.123960177908174e-08,1.1652203701871586e-06,other,real,real,random_cv,random_cv_04,elastic_net,elastic_net_permutation
cr_x_ce_log,0.0,0.0,other,real,real,random_cv,random_cv_04,elastic_net,elastic_net_permutation
cr_x_sa_log,8.034725695216238e-06,0.0001152421459966,other,real,real,random_cv,random_cv_04,elastic_net,elastic_net_permutation
hg_x_ph,0.0,0.0,other,real,real,random_cv,random_cv_04,elastic_net,elastic_net_permutation
hg_x_ce_log,1.3011219654046613e-05,0.0001866200455179,other,real,real,random_cv,random_cv_04,elastic_net,elastic_net_permutation
hg_x_sa_log,8.988240563634342e-06,0.0001289184186964,other,real,real,random_cv,random_cv_04,elastic_net,elastic_net_permutation
aged_x_fg_any,6.433021666496508e-06,9.2268890091817e-05,other,real,real,random_cv,random_cv_04,elastic_net,elastic_net_permutation
aged_x_fg_complexing,7.402915700605027e-06,0.0001061800893187,other,real,real,random_cv,random_cv_04,elastic_net,elastic_net_permutation
ret_ps_x_fg_any,1.7879027532341495e-05,0.0002564390595669,polymer_identity,real,real,random_cv,random_cv_04,elastic_net,elastic_net_permutation
ret_pe_x_fg_any,1.4482343665189744e-06,2.077203910060917e-05,polymer_identity,real,real,random_cv,random_cv_04,elastic_net,elastic_net_permutation
ret_pa_x_fg_any,1.1857494087941237e-06,1.7007214890362183e-05,polymer_identity,real,real,random_cv,random_cv_04,elastic_net,elastic_net_permutation
null_random_normal,4.96134844318874e-07,7.116066724847516e-06,null_feature,,random_noise,random_cv,random_cv_04,elastic_net,elastic_net_permutation
null_random_uniform,1.5598055342347372e-05,0.0002237230540547,null_feature,,random_noise,random_cv,random_cv_04,elastic_net,elastic_net_permutation
null_random_binary,1.0383681612036177e-05,0.0001489332427402,null_feature,,random_noise,random_cv,random_cv_04,elastic_net,elastic_net_permutation
null_perm_ph,5.510978669720501e-06,7.904401874208498e-05,null_feature,,permuted_real,random_cv,random_cv_04,elastic_net,elastic_net_permutation
null_perm_ce,0.0001366088022559,0.0019593813318824,null_feature,,permuted_real,random_cv,random_cv_04,elastic_net,elastic_net_permutation
null_study_random_effect,5.315347176604313e-06,7.623807440167578e-05,null_feature,,group_aware_random,random_cv,random_cv_04,elastic_net,elastic_net_permutation
null_exp_random_effect,9.784760042652609e-07,1.403429050538246e-05,null_feature,,group_aware_random,random_cv,random_cv_04,elastic_net,elastic_net_permutation
ph,0.0012888432578598,0.0002784024234861,solution_chemistry,real,real,random_cv,random_cv_04,lightgbm,lightgbm_permutation
temp,0.0,0.0,solution_chemistry,real,real,random_cv,random_cv_04,lightgbm,lightgbm_permutation
ce,0.094416003758555,0.0203947563848127,solution_chemistry,real,real,random_cv,random_cv_04,lightgbm,lightgbm_permutation
rpm,0.2845356123876659,0.0614624032625841,solution_chemistry,real,real,random_cv,random_cv_04,lightgbm,lightgbm_permutation
sa,0.1897293296816242,0.0409833429066303,surface_area_porosity,real,real,random_cv,random_cv_04,lightgbm,lightgbm_permutation
fg_complexing,0.0008628656175154,0.0001863871945593,surface_functionality,real,real,random_cv,random_cv_04,lightgbm,lightgbm_permutation
fg_polar,0.0037174776549923,0.0008030105927109,surface_functionality,real,real,random_cv,random_cv_04,lightgbm,lightgbm_permutation
fg_any,0.0031244985041394,0.000674921446364,surface_functionality,real,real,random_cv,random_cv_04,lightgbm,lightgbm_permutation
ags_aged,0.0573336492054298,0.0123846144895865,aging_state,real,real,random_cv,random_cv_04,lightgbm,lightgbm_permutation
ags_virgin,0.0122295815986618,0.0026417061458216,aging_state,real,real,random_cv,random_cv_04,lightgbm,lightgbm_permutation
ph_missing,0.0096826869467998,0.00209155263482,solution_chemistry,real,real,random_cv,random_cv_04,lightgbm,lightgbm_permutation
temp_missing,0.0,0.0,solution_chemistry,real,real,random_cv,random_cv_04,lightgbm,lightgbm_permutation
rpm_missing,0.5747309846785953,0.1241473685891036,solution_chemistry,real,real,random_cv,random_cv_04,lightgbm,lightgbm_permutation
sa_missing,0.0340894344177308,0.0073636426301582,surface_area_porosity,real,real,random_cv,random_cv_04,lightgbm,lightgbm_permutation
metal_cd,0.0289591414174359,0.0062554504618972,metal_identity,real,real,random_cv,random_cv_04,lightgbm,lightgbm_permutation
metal_cr,0.0062090895871962,0.0013412225095459,metal_identity,real,real,random_cv,random_cv_04,lightgbm,lightgbm_permutation
metal_hg,0.0,0.0,metal_identity,real,real,random_cv,random_cv_04,lightgbm,lightgbm_permutation
ret_other,0.2509844713008414,0.054215037120631,polymer_identity,real,real,random_cv,random_cv_04,lightgbm,lightgbm_permutation
ret_pa,0.0051174060209466,0.0011054084579376,polymer_identity,real,real,random_cv,random_cv_04,lightgbm,lightgbm_permutation
ret_pe,0.0110277951159419,0.0023821088152217,polymer_identity,real,real,random_cv,random_cv_04,lightgbm,lightgbm_permutation
ret_pet,0.00011269133023,2.4342401025564557e-05,polymer_identity,real,real,random_cv,random_cv_04,lightgbm,lightgbm_permutation
ret_pla,0.065043602754638,0.0140500379147976,polymer_identity,real,real,random_cv,random_cv_04,lightgbm,lightgbm_permutation
ret_pp,0.2821483422242575,0.0609467301619522,polymer_identity,real,real,random_cv,random_cv_04,lightgbm,lightgbm_permutation
ret_ps,0.0,0.0,polymer_identity,real,real,random_cv,random_cv_04,lightgbm,lightgbm_permutation
ret_pvc,0.0004280734487037,9.246794350082203e-05,polymer_identity,real,real,random_cv,random_cv_04,lightgbm,lightgbm_permutation
ce_log1p,0.0,0.0,solution_chemistry,real,real,random_cv,random_cv_04,lightgbm,lightgbm_permutation
rpm_log1p,0.0,0.0,solution_chemistry,real,real,random_cv,random_cv_04,lightgbm,lightgbm_permutation
sa_log1p,0.0290997358954942,0.0062858202087082,surface_area_porosity,real,real,random_cv,random_cv_04,lightgbm,lightgbm_permutation
temp_log1p,0.0,0.0,solution_chemistry,real,real,random_cv,random_cv_04,lightgbm,lightgbm_permutation
ph_x_temp,0.0045388638380361,0.0009804378342182,solution_chemistry,real,real,random_cv,random_cv_04,lightgbm,lightgbm_permutation
ph_x_ce_log,0.1336132312040801,0.0288617309747974,solution_chemistry,real,real,random_cv,random_cv_04,lightgbm,lightgbm_permutation
temp_x_ce_log,0.3280071844260244,0.0708526770095475,solution_chemistry,real,real,random_cv,random_cv_04,lightgbm,lightgbm_permutation
ce_log_x_rpm_log,0.0398605617072078,0.0086102611105973,solution_chemistry,real,real,random_cv,random_cv_04,lightgbm,lightgbm_permutation
ce_over_rpm,0.0293789085439733,0.0063461241606695,solution_chemistry,real,real,random_cv,random_cv_04,lightgbm,lightgbm_permutation
ce_over_sa,0.0632276259968606,0.0136577696329282,solution_chemistry,real,real,random_cv,random_cv_04,lightgbm,lightgbm_permutation
cd_x_ph,0.0181553472747807,0.0039217279911328,other,real,real,random_cv,random_cv_04,lightgbm,lightgbm_permutation
cd_x_ce_log,0.0193735348485871,0.004184868113673,other,real,real,random_cv,random_cv_04,lightgbm,lightgbm_permutation
cd_x_sa_log,0.0250774053826104,0.005416958494128,other,real,real,random_cv,random_cv_04,lightgbm,lightgbm_permutation
cr_x_ph,0.0,0.0,other,real,real,random_cv,random_cv_04,lightgbm,lightgbm_permutation
cr_x_ce_log,0.1658399305422003,0.0358230050800681,other,real,real,random_cv,random_cv_04,lightgbm,lightgbm_permutation
cr_x_sa_log,0.0144801052895005,0.003127840705491,other,real,real,random_cv,random_cv_04,lightgbm,lightgbm_permutation
hg_x_ph,0.0,0.0,other,real,real,random_cv,random_cv_04,lightgbm,lightgbm_permutation
hg_x_ce_log,0.7490575156362955,0.1618035602172063,other,real,real,random_cv,random_cv_04,lightgbm,lightgbm_permutation
hg_x_sa_log,0.0,0.0,other,real,real,random_cv,random_cv_04,lightgbm,lightgbm_permutation
aged_x_fg_any,0.0102549914656734,0.0022151758636765,other,real,real,random_cv,random_cv_04,lightgbm,lightgbm_permutation
aged_x_fg_complexing,0.5336602043275134,0.1152756887207574,other,real,real,random_cv,random_cv_04,lightgbm,lightgbm_permutation
ret_ps_x_fg_any,0.0,0.0,polymer_identity,real,real,random_cv,random_cv_04,lightgbm,lightgbm_permutation
ret_pe_x_fg_any,0.0167111501151307,0.0036097676446854,polymer_identity,real,real,random_cv,random_cv_04,lightgbm,lightgbm_permutation
ret_pa_x_fg_any,0.0011991189036516,0.0002590211081051,polymer_identity,real,real,random_cv,random_cv_04,lightgbm,lightgbm_permutation
null_random_normal,0.0,0.0,null_feature,,random_noise,random_cv,random_cv_04,lightgbm,lightgbm_permutation
null_random_uniform,0.0,0.0,null_feature,,random_noise,random_cv,random_cv_04,lightgbm,lightgbm_permutation
null_random_binary,0.0075819457569072,0.0016377725224467,null_feature,,random_noise,random_cv,random_cv_04,lightgbm,lightgbm_permutation
null_perm_ph,0.0,0.0,null_feature,,permuted_real,random_cv,random_cv_04,lightgbm,lightgbm_permutation
null_perm_ce,0.0948419488538588,0.0204867645837007,null_feature,,permuted_real,random_cv,random_cv_04,lightgbm,lightgbm_permutation
null_study_random_effect,0.2889491720888441,0.0624157742093734,null_feature,,group_aware_random,random_cv,random_cv_04,lightgbm,lightgbm_permutation
null_exp_random_effect,0.140745362680519,0.0304023393269407,null_feature,,group_aware_random,random_cv,random_cv_04,lightgbm,lightgbm_permutation
num__ph,73.0,0.0048868657116079,solution_chemistry,real,real,random_cv,random_cv_04,lightgbm,lightgbm_builtin_gain
num__temp,80.0,0.005355469272995,solution_chemistry,real,real,random_cv,random_cv_04,lightgbm,lightgbm_builtin_gain
num__ce,566.0,0.0378899451064399,solution_chemistry,real,real,random_cv,random_cv_04,lightgbm,lightgbm_builtin_gain
num__rpm,295.0,0.0197482929441692,solution_chemistry,real,real,random_cv,random_cv_04,lightgbm,lightgbm_builtin_gain
num__sa,659.0,0.0441156781362966,surface_area_porosity,real,real,random_cv,random_cv_04,lightgbm,lightgbm_builtin_gain
num__fg_complexing,24.0,0.0016066407818985,surface_functionality,real,real,random_cv,random_cv_04,lightgbm,lightgbm_builtin_gain
num__fg_polar,10.0,0.0006694336591243,surface_functionality,real,real,random_cv,random_cv_04,lightgbm,lightgbm_builtin_gain
num__fg_any,7.0,0.000468603561387,surface_functionality,real,real,random_cv,random_cv_04,lightgbm,lightgbm_builtin_gain
num__ags_aged,96.0,0.006426563127594,aging_state,real,real,random_cv,random_cv_04,lightgbm,lightgbm_builtin_gain
num__ags_virgin,6.0,0.0004016601954746,aging_state,real,real,random_cv,random_cv_04,lightgbm,lightgbm_builtin_gain
num__ph_missing,49.0,0.0032802249297094,solution_chemistry,real,real,random_cv,random_cv_04,lightgbm,lightgbm_builtin_gain
num__temp_missing,49.0,0.0032802249297094,solution_chemistry,real,real,random_cv,random_cv_04,lightgbm,lightgbm_builtin_gain
num__rpm_missing,187.0,0.0125184094256259,solution_chemistry,real,real,random_cv,random_cv_04,lightgbm,lightgbm_builtin_gain
num__sa_missing,72.0,0.0048199223456955,surface_area_porosity,real,real,random_cv,random_cv_04,lightgbm,lightgbm_builtin_gain
num__metal_cd,26.0,0.0017405275137233,metal_identity,real,real,random_cv,random_cv_04,lightgbm,lightgbm_builtin_gain
num__metal_cr,21.0,0.0014058106841611,metal_identity,real,real,random_cv,random_cv_04,lightgbm,lightgbm_builtin_gain
num__metal_hg,14.0,0.0009372071227741,metal_identity,real,real,random_cv,random_cv_04,lightgbm,lightgbm_builtin_gain
num__ret_other,81.0,0.0054224126389074,polymer_identity,real,real,random_cv,random_cv_04,lightgbm,lightgbm_builtin_gain
num__ret_pa,53.0,0.0035479983933592,polymer_identity,real,real,random_cv,random_cv_04,lightgbm,lightgbm_builtin_gain
num__ret_pe,24.0,0.0016066407818985,polymer_identity,real,real,random_cv,random_cv_04,lightgbm,lightgbm_builtin_gain
num__ret_pet,5.0,0.0003347168295621,polymer_identity,real,real,random_cv,random_cv_04,lightgbm,lightgbm_builtin_gain
num__ret_pla,143.0,0.0095729013254786,polymer_identity,real,real,random_cv,random_cv_04,lightgbm,lightgbm_builtin_gain
num__ret_pp,139.0,0.0093051278618288,polymer_identity,real,real,random_cv,random_cv_04,lightgbm,lightgbm_builtin_gain
num__ret_ps,95.0,0.0063596197616816,polymer_identity,real,real,random_cv,random_cv_04,lightgbm,lightgbm_builtin_gain
num__ret_pvc,7.0,0.000468603561387,polymer_identity,real,real,random_cv,random_cv_04,lightgbm,lightgbm_builtin_gain
num__ce_log1p,53.0,0.0035479983933592,solution_chemistry,real,real,random_cv,random_cv_04,lightgbm,lightgbm_builtin_gain
num__rpm_log1p,45.0,0.0030124514660597,solution_chemistry,real,real,random_cv,random_cv_04,lightgbm,lightgbm_builtin_gain
num__sa_log1p,382.0,0.0255723657785513,surface_area_porosity,real,real,random_cv,random_cv_04,lightgbm,lightgbm_builtin_gain
num__temp_log1p,35.0,0.0023430178069353,solution_chemistry,real,real,random_cv,random_cv_04,lightgbm,lightgbm_builtin_gain
num__ph_x_temp,82.0,0.0054893560048199,solution_chemistry,real,real,random_cv,random_cv_04,lightgbm,lightgbm_builtin_gain
num__ph_x_ce_log,860.0,0.0575712946846967,solution_chemistry,real,real,random_cv,random_cv_04,lightgbm,lightgbm_builtin_gain
num__temp_x_ce_log,842.0,0.0563663140982728,solution_chemistry,real,real,random_cv,random_cv_04,lightgbm,lightgbm_builtin_gain
num__ce_log_x_rpm_log,462.0,0.0309278350515463,solution_chemistry,real,real,random_cv,random_cv_04,lightgbm,lightgbm_builtin_gain
num__ce_over_rpm,600.0,0.0401660195474628,solution_chemistry,real,real,random_cv,random_cv_04,lightgbm,lightgbm_builtin_gain
num__ce_over_sa,829.0,0.0554960503414111,solution_chemistry,real,real,random_cv,random_cv_04,lightgbm,lightgbm_builtin_gain
num__cd_x_ph,241.0,0.0161333511848975,other,real,real,random_cv,random_cv_04,lightgbm,lightgbm_builtin_gain
num__cd_x_ce_log,354.0,0.023697951533003,other,real,real,random_cv,random_cv_04,lightgbm,lightgbm_builtin_gain
num__cd_x_sa_log,402.0,0.0269112330968001,other,real,real,random_cv,random_cv_04,lightgbm,lightgbm_builtin_gain
num__cr_x_ph,0.0,0.0,other,real,real,random_cv,random_cv_04,lightgbm,lightgbm_builtin_gain
num__cr_x_ce_log,278.0,0.0186102557236577,other,real,real,random_cv,random_cv_04,lightgbm,lightgbm_builtin_gain
num__cr_x_sa_log,334.0,0.0223590842147543,other,real,real,random_cv,random_cv_04,lightgbm,lightgbm_builtin_gain
num__hg_x_ph,158.0,0.0105770518141652,other,real,real,random_cv,random_cv_04,lightgbm,lightgbm_builtin_gain
num__hg_x_ce_log,667.0,0.0446512250635962,other,real,real,random_cv,random_cv_04,lightgbm,lightgbm_builtin_gain
num__hg_x_sa_log,41.0,0.0027446780024099,other,real,real,random_cv,random_cv_04,lightgbm,lightgbm_builtin_gain
num__aged_x_fg_any,1.0,6.694336591243807e-05,other,real,real,random_cv,random_cv_04,lightgbm,lightgbm_builtin_gain
num__aged_x_fg_complexing,124.0,0.0083009773731423,other,real,real,random_cv,random_cv_04,lightgbm,lightgbm_builtin_gain
num__ret_ps_x_fg_any,20.0,0.0013388673182487,polymer_identity,real,real,random_cv,random_cv_04,lightgbm,lightgbm_builtin_gain
num__ret_pe_x_fg_any,20.0,0.0013388673182487,polymer_identity,real,real,random_cv,random_cv_04,lightgbm,lightgbm_builtin_gain
num__ret_pa_x_fg_any,4.0,0.0002677734636497,polymer_identity,real,real,random_cv,random_cv_04,lightgbm,lightgbm_builtin_gain
num__null_random_normal,1092.0,0.0731021555763823,null_feature,real,random_noise,random_cv,random_cv_04,lightgbm,lightgbm_builtin_gain
num__null_random_uniform,938.0,0.0627928772258669,null_feature,real,random_noise,random_cv,random_cv_04,lightgbm,lightgbm_builtin_gain
num__null_random_binary,132.0,0.0088365243004418,null_feature,real,random_noise,random_cv,random_cv_04,lightgbm,lightgbm_builtin_gain
num__null_perm_ph,655.0,0.0438479046726469,null_feature,real,permuted_real,random_cv,random_cv_04,lightgbm,lightgbm_builtin_gain
num__null_perm_ce,863.0,0.057772124782434,null_feature,real,permuted_real,random_cv,random_cv_04,lightgbm,lightgbm_builtin_gain
num__null_study_random_effect,518.0,0.0346766635426429,null_feature,real,group_aware_random,random_cv,random_cv_04,lightgbm,lightgbm_builtin_gain
num__null_exp_random_effect,1125.0,0.0753112866514928,null_feature,real,group_aware_random,random_cv,random_cv_04,lightgbm,lightgbm_builtin_gain
ph,0.0011598245490049,0.0013796212709444,solution_chemistry,real,real,random_cv,random_cv_04,lightgbm,lightgbm_shap
temp,0.0029137076824579,0.0034658803346437,solution_chemistry,real,real,random_cv,random_cv_04,lightgbm,lightgbm_shap
ce,0.0089420812053873,0.0106366824603331,solution_chemistry,real,real,random_cv,random_cv_04,lightgbm,lightgbm_shap
rpm,0.0242305223646954,0.0288224146394455,solution_chemistry,real,real,random_cv,random_cv_04,lightgbm,lightgbm_shap
sa,0.0489649401793699,0.0582442172481487,surface_area_porosity,real,real,random_cv,random_cv_04,lightgbm,lightgbm_shap
fg_complexing,0.000519880725686,0.0006184025921211,surface_functionality,real,real,random_cv,random_cv_04,lightgbm,lightgbm_shap
fg_polar,0.0022764651046897,0.002707874810623,surface_functionality,real,real,random_cv,random_cv_04,lightgbm,lightgbm_shap
fg_any,0.0011672687243049,0.0013884761814542,surface_functionality,real,real,random_cv,random_cv_04,lightgbm,lightgbm_shap
ags_aged,0.0197436779655216,0.0234852746575157,aging_state,real,real,random_cv,random_cv_04,lightgbm,lightgbm_shap
ags_virgin,0.0014894044147289,0.0017716593543061,aging_state,real,real,random_cv,random_cv_04,lightgbm,lightgbm_shap
ph_missing,0.0013505148917787,0.0016064490728565,solution_chemistry,real,real,random_cv,random_cv_04,lightgbm,lightgbm_shap
temp_missing,0.0028845678875751,0.0034312182981435,solution_chemistry,real,real,random_cv,random_cv_04,lightgbm,lightgbm_shap
rpm_missing,0.0807990308262376,0.096111141719847,solution_chemistry,real,real,random_cv,random_cv_04,lightgbm,lightgbm_shap
sa_missing,0.0096502657828297,0.0114790741027868,surface_area_porosity,real,real,random_cv,random_cv_04,lightgbm,lightgbm_shap
metal_cd,0.0036154630357049,0.0043006243596509,metal_identity,real,real,random_cv,random_cv_04,lightgbm,lightgbm_shap
metal_cr,0.0005802562503418,0.00069021979769,metal_identity,real,real,random_cv,random_cv_04,lightgbm,lightgbm_shap
metal_hg,0.002402378584281,0.0028576499769547,metal_identity,real,real,random_cv,random_cv_04,lightgbm,lightgbm_shap
ret_other,0.0558212877208937,0.0663999015862576,polymer_identity,real,real,random_cv,random_cv_04,lightgbm,lightgbm_shap
ret_pa,0.0145373457286541,0.0172922977078999,polymer_identity,real,real,random_cv,random_cv_04,lightgbm,lightgbm_shap
ret_pe,0.0018477629320003,0.0021979298910661,polymer_identity,real,real,random_cv,random_cv_04,lightgbm,lightgbm_shap
ret_pet,9.291417810830652e-05,0.0001105222135542,polymer_identity,real,real,random_cv,random_cv_04,lightgbm,lightgbm_shap
ret_pla,0.0126842426491645,0.0150880156654911,polymer_identity,real,real,random_cv,random_cv_04,lightgbm,lightgbm_shap
ret_pp,0.0287340528195162,0.0341794028280015,polymer_identity,real,real,random_cv,random_cv_04,lightgbm,lightgbm_shap
ret_ps,0.0052623953673961,0.0062596645253007,polymer_identity,real,real,random_cv,random_cv_04,lightgbm,lightgbm_shap
ret_pvc,0.0002872805214156,0.0003417226496999,polymer_identity,real,real,random_cv,random_cv_04,lightgbm,lightgbm_shap
ce_log1p,0.0011483028243294,0.0013659160804016,solution_chemistry,real,real,random_cv,random_cv_04,lightgbm,lightgbm_shap
rpm_log1p,0.0038444329199284,0.00457298600517,solution_chemistry,real,real,random_cv,random_cv_04,lightgbm,lightgbm_shap
sa_log1p,0.0077652630813315,0.0092368471857882,surface_area_porosity,real,real,random_cv,random_cv_04,lightgbm,lightgbm_shap
temp_log1p,0.0031971673997203,0.0038030581049595,solution_chemistry,real,real,random_cv,random_cv_04,lightgbm,lightgbm_shap
ph_x_temp,0.0070363243672864,0.0083697683194422,solution_chemistry,real,real,random_cv,random_cv_04,lightgbm,lightgbm_shap
ph_x_ce_log,0.0365738453966329,0.0435049034896851,solution_chemistry,real,real,random_cv,random_cv_04,lightgbm,lightgbm_shap
temp_x_ce_log,0.0828105629565572,0.0985038764800811,solution_chemistry,real,real,random_cv,random_cv_04,lightgbm,lightgbm_shap
ce_log_x_rpm_log,0.0181668318460575,0.0216096026437743,solution_chemistry,real,real,random_cv,random_cv_04,lightgbm,lightgbm_shap
ce_over_rpm,0.0132057067833607,0.0157083017356463,solution_chemistry,real,real,random_cv,random_cv_04,lightgbm,lightgbm_shap
ce_over_sa,0.0147003516652545,0.0174861946706923,solution_chemistry,real,real,random_cv,random_cv_04,lightgbm,lightgbm_shap
cd_x_ph,0.0113193740262396,0.0134644927060511,other,real,real,random_cv,random_cv_04,lightgbm,lightgbm_shap
cd_x_ce_log,0.0074514248800113,0.0088635339475508,other,real,real,random_cv,random_cv_04,lightgbm,lightgbm_shap
cd_x_sa_log,0.0081492120693376,0.0096935578074639,other,real,real,random_cv,random_cv_04,lightgbm,lightgbm_shap
cr_x_ph,0.0,0.0,other,real,real,random_cv,random_cv_04,lightgbm,lightgbm_shap
cr_x_ce_log,0.0481690074611379,0.057297448437939,other,real,real,random_cv,random_cv_04,lightgbm,lightgbm_shap
cr_x_sa_log,0.0058866509393413,0.0070022218942579,other,real,real,random_cv,random_cv_04,lightgbm,lightgbm_shap
hg_x_ph,0.0020132643996305,0.0023947953094702,other,real,real,random_cv,random_cv_04,lightgbm,lightgbm_shap
hg_x_ce_log,0.0546836210632545,0.065046637317563,other,real,real,random_cv,random_cv_04,lightgbm,lightgbm_shap
hg_x_sa_log,0.0010036380234738,0.0011938360562389,other,real,real,random_cv,random_cv_04,lightgbm,lightgbm_shap
aged_x_fg_any,0.0002636503685721,0.0003136143797667,other,real,real,random_cv,random_cv_04,lightgbm,lightgbm_shap
aged_x_fg_complexing,0.065876791902138,0.0783610102474056,other,real,real,random_cv,random_cv_04,lightgbm,lightgbm_shap
ret_ps_x_fg_any,0.0005852064843452,0.0006961081435895,polymer_identity,real,real,random_cv,random_cv_04,lightgbm,lightgbm_shap
ret_pe_x_fg_any,0.0026342964611862,0.0031335182851098,polymer_identity,real,real,random_cv,random_cv_04,lightgbm,lightgbm_shap
ret_pa_x_fg_any,0.0009735091252662,0.0011579974728315,polymer_identity,real,real,random_cv,random_cv_04,lightgbm,lightgbm_shap
null_random_normal,0.0094102559790993,0.0111935803781146,null_feature,,random_noise,random_cv,random_cv_04,lightgbm,lightgbm_shap
null_random_uniform,0.0082054428709756,0.0097604448293747,null_feature,,random_noise,random_cv,random_cv_04,lightgbm,lightgbm_shap
null_random_binary,0.00214130878964,0.0025471052120617,null_feature,,random_noise,random_cv,random_cv_04,lightgbm,lightgbm_shap
null_perm_ph,0.0044794497277536,0.0053283439567106,null_feature,,permuted_real,random_cv,random_cv_04,lightgbm,lightgbm_shap
null_perm_ce,0.0164478905162962,0.0195649071559276,null_feature,,permuted_real,random_cv,random_cv_04,lightgbm,lightgbm_shap
null_study_random_effect,0.0493394441162295,0.0586896929002957,null_feature,,group_aware_random,random_cv,random_cv_04,lightgbm,lightgbm_shap
null_exp_random_effect,0.0212435294590843,0.0252693609018981,null_feature,,group_aware_random,random_cv,random_cv_04,lightgbm,lightgbm_shap
num__ph,0.0006905486607419,0.0329169047855163,solution_chemistry,real,real,random_cv,random_cv_05,elastic_net,elastic_net_coef
num__temp,0.0018938704215315,0.0902765523789117,solution_chemistry,real,real,random_cv,random_cv_05,elastic_net,elastic_net_coef
num__ce,0.0,0.0,solution_chemistry,real,real,random_cv,random_cv_05,elastic_net,elastic_net_coef
num__rpm,0.0,0.0,solution_chemistry,real,real,random_cv,random_cv_05,elastic_net,elastic_net_coef
num__sa,0.0,0.0,surface_area_porosity,real,real,random_cv,random_cv_05,elastic_net,elastic_net_coef
num__fg_complexing,0.0,0.0,surface_functionality,real,real,random_cv,random_cv_05,elastic_net,elastic_net_coef
num__fg_polar,0.0,0.0,surface_functionality,real,real,random_cv,random_cv_05,elastic_net,elastic_net_coef
num__fg_any,0.0,0.0,surface_functionality,real,real,random_cv,random_cv_05,elastic_net,elastic_net_coef
num__ags_aged,0.0,0.0,aging_state,real,real,random_cv,random_cv_05,elastic_net,elastic_net_coef
num__ags_virgin,0.0,0.0,aging_state,real,real,random_cv,random_cv_05,elastic_net,elastic_net_coef
num__ph_missing,0.0,0.0,solution_chemistry,real,real,random_cv,random_cv_05,elastic_net,elastic_net_coef
num__temp_missing,0.0,0.0,solution_chemistry,real,real,random_cv,random_cv_05,elastic_net,elastic_net_coef
num__rpm_missing,0.0,0.0,solution_chemistry,real,real,random_cv,random_cv_05,elastic_net,elastic_net_coef
num__sa_missing,0.0,0.0,surface_area_porosity,real,real,random_cv,random_cv_05,elastic_net,elastic_net_coef
num__metal_cd,0.0,0.0,metal_identity,real,real,random_cv,random_cv_05,elastic_net,elastic_net_coef
num__metal_cr,0.0,0.0,metal_identity,real,real,random_cv,random_cv_05,elastic_net,elastic_net_coef
num__metal_hg,0.0,0.0,metal_identity,real,real,random_cv,random_cv_05,elastic_net,elastic_net_coef
num__ret_other,0.0,0.0,polymer_identity,real,real,random_cv,random_cv_05,elastic_net,elastic_net_coef
num__ret_pa,0.0,0.0,polymer_identity,real,real,random_cv,random_cv_05,elastic_net,elastic_net_coef
num__ret_pe,0.0,0.0,polymer_identity,real,real,random_cv,random_cv_05,elastic_net,elastic_net_coef
num__ret_pet,0.0,0.0,polymer_identity,real,real,random_cv,random_cv_05,elastic_net,elastic_net_coef
num__ret_pla,0.0,0.0,polymer_identity,real,real,random_cv,random_cv_05,elastic_net,elastic_net_coef
num__ret_pp,0.0,0.0,polymer_identity,real,real,random_cv,random_cv_05,elastic_net,elastic_net_coef
num__ret_ps,0.0,0.0,polymer_identity,real,real,random_cv,random_cv_05,elastic_net,elastic_net_coef
num__ret_pvc,0.0,0.0,polymer_identity,real,real,random_cv,random_cv_05,elastic_net,elastic_net_coef
num__ce_log1p,0.0,0.0,solution_chemistry,real,real,random_cv,random_cv_05,elastic_net,elastic_net_coef
num__rpm_log1p,0.0,0.0,solution_chemistry,real,real,random_cv,random_cv_05,elastic_net,elastic_net_coef
num__sa_log1p,0.0,0.0,surface_area_porosity,real,real,random_cv,random_cv_05,elastic_net,elastic_net_coef
num__temp_log1p,0.0,0.0,solution_chemistry,real,real,random_cv,random_cv_05,elastic_net,elastic_net_coef
num__ph_x_temp,0.0,0.0,solution_chemistry,real,real,random_cv,random_cv_05,elastic_net,elastic_net_coef
num__ph_x_ce_log,0.0,0.0,solution_chemistry,real,real,random_cv,random_cv_05,elastic_net,elastic_net_coef
num__temp_x_ce_log,0.0,0.0,solution_chemistry,real,real,random_cv,random_cv_05,elastic_net,elastic_net_coef
num__ce_log_x_rpm_log,0.0,0.0,solution_chemistry,real,real,random_cv,random_cv_05,elastic_net,elastic_net_coef
num__ce_over_rpm,0.0183941226500533,0.876806542835572,solution_chemistry,real,real,random_cv,random_cv_05,elastic_net,elastic_net_coef
num__ce_over_sa,0.0,0.0,solution_chemistry,real,real,random_cv,random_cv_05,elastic_net,elastic_net_coef
num__cd_x_ph,0.0,0.0,other,real,real,random_cv,random_cv_05,elastic_net,elastic_net_coef
num__cd_x_ce_log,0.0,0.0,other,real,real,random_cv,random_cv_05,elastic_net,elastic_net_coef
num__cd_x_sa_log,0.0,0.0,other,real,real,random_cv,random_cv_05,elastic_net,elastic_net_coef
num__cr_x_ph,0.0,0.0,other,real,real,random_cv,random_cv_05,elastic_net,elastic_net_coef
num__cr_x_ce_log,0.0,0.0,other,real,real,random_cv,random_cv_05,elastic_net,elastic_net_coef
num__cr_x_sa_log,0.0,0.0,other,real,real,random_cv,random_cv_05,elastic_net,elastic_net_coef
num__hg_x_ph,0.0,0.0,other,real,real,random_cv,random_cv_05,elastic_net,elastic_net_coef
num__hg_x_ce_log,0.0,0.0,other,real,real,random_cv,random_cv_05,elastic_net,elastic_net_coef
num__hg_x_sa_log,0.0,0.0,other,real,real,random_cv,random_cv_05,elastic_net,elastic_net_coef
num__aged_x_fg_any,0.0,0.0,other,real,real,random_cv,random_cv_05,elastic_net,elastic_net_coef
num__aged_x_fg_complexing,0.0,0.0,other,real,real,random_cv,random_cv_05,elastic_net,elastic_net_coef
num__ret_ps_x_fg_any,0.0,0.0,polymer_identity,real,real,random_cv,random_cv_05,elastic_net,elastic_net_coef
num__ret_pe_x_fg_any,0.0,0.0,polymer_identity,real,real,random_cv,random_cv_05,elastic_net,elastic_net_coef
num__ret_pa_x_fg_any,0.0,0.0,polymer_identity,real,real,random_cv,random_cv_05,elastic_net,elastic_net_coef
num__null_random_normal,0.0,0.0,null_feature,real,random_noise,random_cv,random_cv_05,elastic_net,elastic_net_coef
num__null_random_uniform,0.0,0.0,null_feature,real,random_noise,random_cv,random_cv_05,elastic_net,elastic_net_coef
num__null_random_binary,0.0,0.0,null_feature,real,random_noise,random_cv,random_cv_05,elastic_net,elastic_net_coef
num__null_perm_ph,0.0,0.0,null_feature,real,permuted_real,random_cv,random_cv_05,elastic_net,elastic_net_coef
num__null_perm_ce,0.0,0.0,null_feature,real,permuted_real,random_cv,random_cv_05,elastic_net,elastic_net_coef
num__null_study_random_effect,0.0,0.0,null_feature,real,group_aware_random,random_cv,random_cv_05,elastic_net,elastic_net_coef
num__null_exp_random_effect,0.0,0.0,null_feature,real,group_aware_random,random_cv,random_cv_05,elastic_net,elastic_net_coef
ph,0.0003704823033622,0.004192654407904,solution_chemistry,real,real,random_cv,random_cv_05,elastic_net,elastic_net_permutation
temp,0.0027456503038101,0.0310718291922793,solution_chemistry,real,real,random_cv,random_cv_05,elastic_net,elastic_net_permutation
ce,0.0007010643386163,0.0079337675857907,solution_chemistry,real,real,random_cv,random_cv_05,elastic_net,elastic_net_permutation
rpm,0.0,0.0,solution_chemistry,real,real,random_cv,random_cv_05,elastic_net,elastic_net_permutation
sa,0.0,0.0,surface_area_porosity,real,real,random_cv,random_cv_05,elastic_net,elastic_net_permutation
fg_complexing,0.0,0.0,surface_functionality,real,real,random_cv,random_cv_05,elastic_net,elastic_net_permutation
fg_polar,0.0,0.0,surface_functionality,real,real,random_cv,random_cv_05,elastic_net,elastic_net_permutation
fg_any,0.0,0.0,surface_functionality,real,real,random_cv,random_cv_05,elastic_net,elastic_net_permutation
ags_aged,0.0,0.0,aging_state,real,real,random_cv,random_cv_05,elastic_net,elastic_net_permutation
ags_virgin,0.0,0.0,aging_state,real,real,random_cv,random_cv_05,elastic_net,elastic_net_permutation
ph_missing,0.0,0.0,solution_chemistry,real,real,random_cv,random_cv_05,elastic_net,elastic_net_permutation
temp_missing,6.3815012877999065e-06,7.221783405179824e-05,solution_chemistry,real,real,random_cv,random_cv_05,elastic_net,elastic_net_permutation
rpm_missing,1.177367306226529e-06,1.3323967653447604e-05,solution_chemistry,real,real,random_cv,random_cv_05,elastic_net,elastic_net_permutation
sa_missing,0.0,0.0,surface_area_porosity,real,real,random_cv,random_cv_05,elastic_net,elastic_net_permutation
metal_cd,0.0,0.0,metal_identity,real,real,random_cv,random_cv_05,elastic_net,elastic_net_permutation
metal_cr,0.0,0.0,metal_identity,real,real,random_cv,random_cv_05,elastic_net,elastic_net_permutation
metal_hg,0.0,0.0,metal_identity,real,real,random_cv,random_cv_05,elastic_net,elastic_net_permutation
ret_other,0.0,0.0,polymer_identity,real,real,random_cv,random_cv_05,elastic_net,elastic_net_permutation
ret_pa,3.919699986409953e-06,4.435825213928336e-05,polymer_identity,real,real,random_cv,random_cv_05,elastic_net,elastic_net_permutation
ret_pe,0.0,0.0,polymer_identity,real,real,random_cv,random_cv_05,elastic_net,elastic_net_permutation
ret_pet,0.0,0.0,polymer_identity,real,real,random_cv,random_cv_05,elastic_net,elastic_net_permutation
ret_pla,9.613136523811685e-06,0.0001087894316531,polymer_identity,real,real,random_cv,random_cv_05,elastic_net,elastic_net_permutation
ret_pp,0.0,0.0,polymer_identity,real,real,random_cv,random_cv_05,elastic_net,elastic_net_permutation
ret_ps,0.0,0.0,polymer_identity,real,real,random_cv,random_cv_05,elastic_net,elastic_net_permutation
ret_pvc,6.99529316139369e-07,7.916396125140902e-06,polymer_identity,real,real,random_cv,random_cv_05,elastic_net,elastic_net_permutation
ce_log1p,0.0,0.0,solution_chemistry,real,real,random_cv,random_cv_05,elastic_net,elastic_net_permutation
rpm_log1p,1.6039833286196626e-05,0.0001815187314457,solution_chemistry,real,real,random_cv,random_cv_05,elastic_net,elastic_net_permutation
sa_log1p,8.25647458466694e-06,9.343643204277024e-05,surface_area_porosity,real,real,random_cv,random_cv_05,elastic_net,elastic_net_permutation
temp_log1p,6.087754135108981e-06,6.889357191198204e-05,solution_chemistry,real,real,random_cv,random_cv_05,elastic_net,elastic_net_permutation
ph_x_temp,0.0002628411881716,0.0029745071658371,solution_chemistry,real,real,random_cv,random_cv_05,elastic_net,elastic_net_permutation
ph_x_ce_log,0.0002738690745297,0.0030993069631001,solution_chemistry,real,real,random_cv,random_cv_05,elastic_net,elastic_net_permutation
temp_x_ce_log,0.0016312633525501,0.0184605942671302,solution_chemistry,real,real,random_cv,random_cv_05,elastic_net,elastic_net_permutation
ce_log_x_rpm_log,0.0,0.0,solution_chemistry,real,real,random_cv,random_cv_05,elastic_net,elastic_net_permutation
ce_over_rpm,0.0815972345527776,0.92341524012287,solution_chemistry,real,real,random_cv,random_cv_05,elastic_net,elastic_net_permutation
ce_over_sa,2.4934321715219808e-05,0.0002821754045974,solution_chemistry,real,real,random_cv,random_cv_05,elastic_net,elastic_net_permutation
cd_x_ph,0.0001211269553565,0.0013707630801337,other,real,real,random_cv,random_cv_05,elastic_net,elastic_net_permutation
cd_x_ce_log,8.875454680599138e-05,0.0010044127304074,other,real,real,random_cv,random_cv_05,elastic_net,elastic_net_permutation
cd_x_sa_log,1.9583700295666696e-05,0.0002216237769592,other,real,real,random_cv,random_cv_05,elastic_net,elastic_net_permutation
cr_x_ph,0.0,0.0,other,real,real,random_cv,random_cv_05,elastic_net,elastic_net_permutation
cr_x_ce_log,0.0,0.0,other,real,real,random_cv,random_cv_05,elastic_net,elastic_net_permutation
cr_x_sa_log,0.0,0.0,other,real,real,random_cv,random_cv_05,elastic_net,elastic_net_permutation
hg_x_ph,0.0001051318703751,0.0011897507539205,other,real,real,random_cv,random_cv_05,elastic_net,elastic_net_permutation
hg_x_ce_log,1.452964758419384e-06,1.644283422887437e-05,other,real,real,random_cv,random_cv_05,elastic_net,elastic_net_permutation
hg_x_sa_log,1.445468243099768e-07,1.6357998063385567e-06,other,real,real,random_cv,random_cv_05,elastic_net,elastic_net_permutation
aged_x_fg_any,0.0,0.0,other,real,real,random_cv,random_cv_05,elastic_net,elastic_net_permutation
aged_x_fg_complexing,0.0,0.0,other,real,real,random_cv,random_cv_05,elastic_net,elastic_net_permutation
ret_ps_x_fg_any,0.0,0.0,polymer_identity,real,real,random_cv,random_cv_05,elastic_net,elastic_net_permutation
ret_pe_x_fg_any,0.0,0.0,polymer_identity,real,real,random_cv,random_cv_05,elastic_net,elastic_net_permutation
ret_pa_x_fg_any,3.919699986409953e-06,4.435825213928336e-05,polymer_identity,real,real,random_cv,random_cv_05,elastic_net,elastic_net_permutation
null_random_normal,0.0,0.0,null_feature,,random_noise,random_cv,random_cv_05,elastic_net,elastic_net_permutation
null_random_uniform,7.798084526999816e-07,8.824894784075553e-06,null_feature,,random_noise,random_cv,random_cv_05,elastic_net,elastic_net_permutation
null_random_binary,1.289581962127251e-06,1.4593872497549246e-05,null_feature,,random_noise,random_cv,random_cv_05,elastic_net,elastic_net_permutation
null_perm_ph,0.0,0.0,null_feature,,permuted_real,random_cv,random_cv_05,elastic_net,elastic_net_permutation
null_perm_ce,0.0003629191643175,0.0041070642785901,null_feature,,permuted_real,random_cv,random_cv_05,elastic_net,elastic_net_permutation
null_study_random_effect,0.0,0.0,null_feature,,group_aware_random,random_cv,random_cv_05,elastic_net,elastic_net_permutation
null_exp_random_effect,0.0,0.0,null_feature,,group_aware_random,random_cv,random_cv_05,elastic_net,elastic_net_permutation
ph,0.0,0.0,solution_chemistry,real,real,random_cv,random_cv_05,lightgbm,lightgbm_permutation
temp,0.038785989067581,0.0092141216437526,solution_chemistry,real,real,random_cv,random_cv_05,lightgbm,lightgbm_permutation
ce,0.1254696498083968,0.0298069649305377,solution_chemistry,real,real,random_cv,random_cv_05,lightgbm,lightgbm_permutation
rpm,0.1047325410774436,0.0248805921093162,solution_chemistry,real,real,random_cv,random_cv_05,lightgbm,lightgbm_permutation
sa,0.0480585391220379,0.0114169378205086,surface_area_porosity,real,real,random_cv,random_cv_05,lightgbm,lightgbm_permutation
fg_complexing,7.919927834349472e-05,1.8814829847006263e-05,surface_functionality,real,real,random_cv,random_cv_05,lightgbm,lightgbm_permutation
fg_polar,0.0011843737099164,0.0002813635464037,surface_functionality,real,real,random_cv,random_cv_05,lightgbm,lightgbm_permutation
fg_any,0.0053548488487249,0.00127211474716,surface_functionality,real,real,random_cv,random_cv_05,lightgbm,lightgbm_permutation
ags_aged,0.046022687167424,0.0109332944222238,aging_state,real,real,random_cv,random_cv_05,lightgbm,lightgbm_permutation
ags_virgin,0.0082784156751328,0.0019666464845157,aging_state,real,real,random_cv,random_cv_05,lightgbm,lightgbm_permutation
ph_missing,0.0045225253351005,0.0010743853534832,solution_chemistry,real,real,random_cv,random_cv_05,lightgbm,lightgbm_permutation
temp_missing,0.0002172626221967,5.16135923741377e-05,solution_chemistry,real,real,random_cv,random_cv_05,lightgbm,lightgbm_permutation
rpm_missing,0.4268971513443848,0.1014150309537007,solution_chemistry,real,real,random_cv,random_cv_05,lightgbm,lightgbm_permutation
sa_missing,0.0,0.0,surface_area_porosity,real,real,random_cv,random_cv_05,lightgbm,lightgbm_permutation
metal_cd,0.0,0.0,metal_identity,real,real,random_cv,random_cv_05,lightgbm,lightgbm_permutation
metal_cr,0.0,0.0,metal_identity,real,real,random_cv,random_cv_05,lightgbm,lightgbm_permutation
metal_hg,0.0,0.0,metal_identity,real,real,random_cv,random_cv_05,lightgbm,lightgbm_permutation
ret_other,0.2717923582164647,0.0645678480980678,polymer_identity,real,real,random_cv,random_cv_05,lightgbm,lightgbm_permutation
ret_pa,0.0001789258658781,4.250619187621527e-05,polymer_identity,real,real,random_cv,random_cv_05,lightgbm,lightgbm_permutation
ret_pe,8.79346466929054e-05,2.0890031447105003e-05,polymer_identity,real,real,random_cv,random_cv_05,lightgbm,lightgbm_permutation
ret_pet,0.0,0.0,polymer_identity,real,real,random_cv,random_cv_05,lightgbm,lightgbm_permutation
ret_pla,0.1547301116237188,0.0367581723381659,polymer_identity,real,real,random_cv,random_cv_05,lightgbm,lightgbm_permutation
ret_pp,0.0016478157052954,0.000391460285533,polymer_identity,real,real,random_cv,random_cv_05,lightgbm,lightgbm_permutation
ret_ps,0.0,0.0,polymer_identity,real,real,random_cv,random_cv_05,lightgbm,lightgbm_permutation
ret_pvc,0.0001499308666889,3.5618048605590544e-05,polymer_identity,real,real,random_cv,random_cv_05,lightgbm,lightgbm_permutation
ce_log1p,0.0,0.0,solution_chemistry,real,real,random_cv,random_cv_05,lightgbm,lightgbm_permutation
rpm_log1p,0.0,0.0,solution_chemistry,real,real,random_cv,random_cv_05,lightgbm,lightgbm_permutation
sa_log1p,0.0071031398407971,0.0016874442580709,surface_area_porosity,real,real,random_cv,random_cv_05,lightgbm,lightgbm_permutation
temp_log1p,0.0,0.0,solution_chemistry,real,real,random_cv,random_cv_05,lightgbm,lightgbm_permutation
ph_x_temp,0.0015028410090337,0.0003570196403739,solution_chemistry,real,real,random_cv,random_cv_05,lightgbm,lightgbm_permutation
ph_x_ce_log,0.0760694885346014,0.0180713071288342,solution_chemistry,real,real,random_cv,random_cv_05,lightgbm,lightgbm_permutation
temp_x_ce_log,0.3981730316058308,0.0945912386579933,solution_chemistry,real,real,random_cv,random_cv_05,lightgbm,lightgbm_permutation
ce_log_x_rpm_log,0.0433296274157323,0.0102935226710704,solution_chemistry,real,real,random_cv,random_cv_05,lightgbm,lightgbm_permutation
ce_over_rpm,0.0,0.0,solution_chemistry,real,real,random_cv,random_cv_05,lightgbm,lightgbm_permutation
ce_over_sa,0.018104853407207,0.0043010459613559,solution_chemistry,real,real,random_cv,random_cv_05,lightgbm,lightgbm_permutation
cd_x_ph,0.0010308304849709,0.0002448873346006,other,real,real,random_cv,random_cv_05,lightgbm,lightgbm_permutation
cd_x_ce_log,0.0210141323452223,0.0049921834229731,other,real,real,random_cv,random_cv_05,lightgbm,lightgbm_permutation
cd_x_sa_log,0.026305059596446,0.0062491127542343,other,real,real,random_cv,random_cv_05,lightgbm,lightgbm_permutation
cr_x_ph,1.0017941415724207e-05,2.3798936946956394e-06,other,real,real,random_cv,random_cv_05,lightgbm,lightgbm_permutation
cr_x_ce_log,0.0845394749326662,0.0200834637572681,other,real,real,random_cv,random_cv_05,lightgbm,lightgbm_permutation
cr_x_sa_log,0.0128223874643816,0.0030461267251501,other,real,real,random_cv,random_cv_05,lightgbm,lightgbm_permutation
hg_x_ph,0.0,0.0,other,real,real,random_cv,random_cv_05,lightgbm,lightgbm_permutation
hg_x_ce_log,1.2718596594554614,0.3021469839427064,other,real,real,random_cv,random_cv_05,lightgbm,lightgbm_permutation
hg_x_sa_log,0.0,0.0,other,real,real,random_cv,random_cv_05,lightgbm,lightgbm_permutation
aged_x_fg_any,0.0,0.0,other,real,real,random_cv,random_cv_05,lightgbm,lightgbm_permutation
aged_x_fg_complexing,0.609460533503108,0.1447853626467861,other,real,real,random_cv,random_cv_05,lightgbm,lightgbm_permutation
ret_ps_x_fg_any,0.0,0.0,polymer_identity,real,real,random_cv,random_cv_05,lightgbm,lightgbm_permutation
ret_pe_x_fg_any,0.0,0.0,polymer_identity,real,real,random_cv,random_cv_05,lightgbm,lightgbm_permutation
ret_pa_x_fg_any,0.0,0.0,polymer_identity,real,real,random_cv,random_cv_05,lightgbm,lightgbm_permutation
null_random_normal,0.0091296369295944,0.0021688652849874,null_feature,,random_noise,random_cv,random_cv_05,lightgbm,lightgbm_permutation
null_random_uniform,0.0,0.0,null_feature,,random_noise,random_cv,random_cv_05,lightgbm,lightgbm_permutation
null_random_binary,0.0,0.0,null_feature,,random_noise,random_cv,random_cv_05,lightgbm,lightgbm_permutation
null_perm_ph,0.0,0.0,null_feature,,permuted_real,random_cv,random_cv_05,lightgbm,lightgbm_permutation
null_perm_ce,0.0007676324057357,0.0001823611704683,null_feature,,permuted_real,random_cv,random_cv_05,lightgbm,lightgbm_permutation
null_study_random_effect,0.2404697928339085,0.0571267608764324,null_feature,,group_aware_random,random_cv,random_cv_05,lightgbm,lightgbm_permutation
null_exp_random_effect,0.1495247003238727,0.0355215584454797,null_feature,,group_aware_random,random_cv,random_cv_05,lightgbm,lightgbm_permutation
num__ph,76.0,0.0050951997854652,solution_chemistry,real,real,random_cv,random_cv_05,lightgbm,lightgbm_builtin_gain
num__temp,115.0,0.0077098417806382,solution_chemistry,real,real,random_cv,random_cv_05,lightgbm,lightgbm_builtin_gain
num__ce,484.0,0.0324483775811209,solution_chemistry,real,real,random_cv,random_cv_05,lightgbm,lightgbm_builtin_gain
num__rpm,321.0,0.0215205148833467,solution_chemistry,real,real,random_cv,random_cv_05,lightgbm,lightgbm_builtin_gain
num__sa,597.0,0.0400241351568785,surface_area_porosity,real,real,random_cv,random_cv_05,lightgbm,lightgbm_builtin_gain
num__fg_complexing,12.0,0.0008045052292839,surface_functionality,real,real,random_cv,random_cv_05,lightgbm,lightgbm_builtin_gain
num__fg_polar,12.0,0.0008045052292839,surface_functionality,real,real,random_cv,random_cv_05,lightgbm,lightgbm_builtin_gain
num__fg_any,10.0,0.0006704210244033,surface_functionality,real,real,random_cv,random_cv_05,lightgbm,lightgbm_builtin_gain
num__ags_aged,112.0,0.0075087154733172,aging_state,real,real,random_cv,random_cv_05,lightgbm,lightgbm_builtin_gain
num__ags_virgin,12.0,0.0008045052292839,aging_state,real,real,random_cv,random_cv_05,lightgbm,lightgbm_builtin_gain
num__ph_missing,54.0,0.0036202735317779,solution_chemistry,real,real,random_cv,random_cv_05,lightgbm,lightgbm_builtin_gain
num__temp_missing,88.0,0.0058997050147492,solution_chemistry,real,real,random_cv,random_cv_05,lightgbm,lightgbm_builtin_gain
num__rpm_missing,172.0,0.0115312416197371,solution_chemistry,real,real,random_cv,random_cv_05,lightgbm,lightgbm_builtin_gain
num__sa_missing,63.0,0.0042236524537409,surface_area_porosity,real,real,random_cv,random_cv_05,lightgbm,lightgbm_builtin_gain
num__metal_cd,23.0,0.0015419683561276,metal_identity,real,real,random_cv,random_cv_05,lightgbm,lightgbm_builtin_gain
num__metal_cr,22.0,0.0014749262536873,metal_identity,real,real,random_cv,random_cv_05,lightgbm,lightgbm_builtin_gain
num__metal_hg,29.0,0.0019442209707696,metal_identity,real,real,random_cv,random_cv_05,lightgbm,lightgbm_builtin_gain
num__ret_other,101.0,0.0067712523464735,polymer_identity,real,real,random_cv,random_cv_05,lightgbm,lightgbm_builtin_gain
num__ret_pa,62.0,0.0041566103513006,polymer_identity,real,real,random_cv,random_cv_05,lightgbm,lightgbm_builtin_gain
num__ret_pe,28.0,0.0018771788683293,polymer_identity,real,real,random_cv,random_cv_05,lightgbm,lightgbm_builtin_gain
num__ret_pet,8.0,0.0005363368195226,polymer_identity,real,real,random_cv,random_cv_05,lightgbm,lightgbm_builtin_gain
num__ret_pla,178.0,0.0119334942343791,polymer_identity,real,real,random_cv,random_cv_05,lightgbm,lightgbm_builtin_gain
num__ret_pp,75.0,0.0050281576830249,polymer_identity,real,real,random_cv,random_cv_05,lightgbm,lightgbm_builtin_gain
num__ret_ps,114.0,0.0076427996781979,polymer_identity,real,real,random_cv,random_cv_05,lightgbm,lightgbm_builtin_gain
num__ret_pvc,6.0,0.0004022526146419,polymer_identity,real,real,random_cv,random_cv_05,lightgbm,lightgbm_builtin_gain
num__ce_log1p,35.0,0.0023464735854116,solution_chemistry,real,real,random_cv,random_cv_05,lightgbm,lightgbm_builtin_gain
num__rpm_log1p,43.0,0.0028828104049342,solution_chemistry,real,real,random_cv,random_cv_05,lightgbm,lightgbm_builtin_gain
num__sa_log1p,316.0,0.021185304371145,surface_area_porosity,real,real,random_cv,random_cv_05,lightgbm,lightgbm_builtin_gain
num__temp_log1p,19.0,0.0012737999463663,solution_chemistry,real,real,random_cv,random_cv_05,lightgbm,lightgbm_builtin_gain
num__ph_x_temp,77.0,0.0051622418879056,solution_chemistry,real,real,random_cv,random_cv_05,lightgbm,lightgbm_builtin_gain
num__ph_x_ce_log,771.0,0.0516894609814963,solution_chemistry,real,real,random_cv,random_cv_05,lightgbm,lightgbm_builtin_gain
num__temp_x_ce_log,757.0,0.0507508715473317,solution_chemistry,real,real,random_cv,random_cv_05,lightgbm,lightgbm_builtin_gain
num__ce_log_x_rpm_log,442.0,0.0296326092786269,solution_chemistry,real,real,random_cv,random_cv_05,lightgbm,lightgbm_builtin_gain
num__ce_over_rpm,950.0,0.0636899973183159,solution_chemistry,real,real,random_cv,random_cv_05,lightgbm,lightgbm_builtin_gain
num__ce_over_sa,716.0,0.048002145347278,solution_chemistry,real,real,random_cv,random_cv_05,lightgbm,lightgbm_builtin_gain
num__cd_x_ph,243.0,0.0162912308930008,other,real,real,random_cv,random_cv_05,lightgbm,lightgbm_builtin_gain
num__cd_x_ce_log,332.0,0.0222579780101904,other,real,real,random_cv,random_cv_05,lightgbm,lightgbm_builtin_gain
num__cd_x_sa_log,374.0,0.0250737463126843,other,real,real,random_cv,random_cv_05,lightgbm,lightgbm_builtin_gain
num__cr_x_ph,0.0,0.0,other,real,real,random_cv,random_cv_05,lightgbm,lightgbm_builtin_gain
num__cr_x_ce_log,285.0,0.0191069991954947,other,real,real,random_cv,random_cv_05,lightgbm,lightgbm_builtin_gain
num__cr_x_sa_log,386.0,0.0258782515419683,other,real,real,random_cv,random_cv_05,lightgbm,lightgbm_builtin_gain
num__hg_x_ph,153.0,0.0102574416733708,other,real,real,random_cv,random_cv_05,lightgbm,lightgbm_builtin_gain
num__hg_x_ce_log,656.0,0.0439796192008581,other,real,real,random_cv,random_cv_05,lightgbm,lightgbm_builtin_gain
num__hg_x_sa_log,23.0,0.0015419683561276,other,real,real,random_cv,random_cv_05,lightgbm,lightgbm_builtin_gain
num__aged_x_fg_any,0.0,0.0,other,real,real,random_cv,random_cv_05,lightgbm,lightgbm_builtin_gain
num__aged_x_fg_complexing,118.0,0.0079109680879592,other,real,real,random_cv,random_cv_05,lightgbm,lightgbm_builtin_gain
num__ret_ps_x_fg_any,31.0,0.0020783051756503,polymer_identity,real,real,random_cv,random_cv_05,lightgbm,lightgbm_builtin_gain
num__ret_pe_x_fg_any,57.0,0.0038213998390989,polymer_identity,real,real,random_cv,random_cv_05,lightgbm,lightgbm_builtin_gain
num__ret_pa_x_fg_any,8.0,0.0005363368195226,polymer_identity,real,real,random_cv,random_cv_05,lightgbm,lightgbm_builtin_gain
num__null_random_normal,920.0,0.0616787342451059,null_feature,real,random_noise,random_cv,random_cv_05,lightgbm,lightgbm_builtin_gain
num__null_random_uniform,719.0,0.048203271654599,null_feature,real,random_noise,random_cv,random_cv_05,lightgbm,lightgbm_builtin_gain
num__null_random_binary,141.0,0.0094529364440868,null_feature,real,random_noise,random_cv,random_cv_05,lightgbm,lightgbm_builtin_gain
num__null_perm_ph,679.0,0.0455215875569857,null_feature,real,permuted_real,random_cv,random_cv_05,lightgbm,lightgbm_builtin_gain
num__null_perm_ce,1116.0,0.0748189863234111,null_feature,real,permuted_real,random_cv,random_cv_05,lightgbm,lightgbm_builtin_gain
num__null_study_random_effect,534.0,0.0358004827031375,null_feature,real,group_aware_random,random_cv,random_cv_05,lightgbm,lightgbm_builtin_gain
num__null_exp_random_effect,1241.0,0.0831992491284526,null_feature,real,group_aware_random,random_cv,random_cv_05,lightgbm,lightgbm_builtin_gain
ph,0.0012622219390848,0.0015214708280699,solution_chemistry,real,real,random_cv,random_cv_05,lightgbm,lightgbm_shap
temp,0.0043226043375441,0.0052104278948204,solution_chemistry,real,real,random_cv,random_cv_05,lightgbm,lightgbm_shap
ce,0.0089318505379163,0.0107663712801359,solution_chemistry,real,real,random_cv,random_cv_05,lightgbm,lightgbm_shap
rpm,0.0460188205973164,0.0554706671726567,solution_chemistry,real,real,random_cv,random_cv_05,lightgbm,lightgbm_shap
sa,0.0191648101108646,0.0231010875395823,surface_area_porosity,real,real,random_cv,random_cv_05,lightgbm,lightgbm_shap
fg_complexing,0.0006378083615855,0.0007688083893986,surface_functionality,real,real,random_cv,random_cv_05,lightgbm,lightgbm_shap
fg_polar,0.0017720502240685,0.0021360131988752,surface_functionality,real,real,random_cv,random_cv_05,lightgbm,lightgbm_shap
fg_any,0.0014144543331548,0.0017049703692303,surface_functionality,real,real,random_cv,random_cv_05,lightgbm,lightgbm_shap
ags_aged,0.0106478800463627,0.0128348576186806,aging_state,real,real,random_cv,random_cv_05,lightgbm,lightgbm_shap
ags_virgin,0.0016342625513782,0.001969925193292,aging_state,real,real,random_cv,random_cv_05,lightgbm,lightgbm_shap
ph_missing,0.0021287568739164,0.0025659841454392,solution_chemistry,real,real,random_cv,random_cv_05,lightgbm,lightgbm_shap
temp_missing,0.0047088144811704,0.005675962084044,solution_chemistry,real,real,random_cv,random_cv_05,lightgbm,lightgbm_shap
rpm_missing,0.0380394106204513,0.0458523590692398,solution_chemistry,real,real,random_cv,random_cv_05,lightgbm,lightgbm_shap
sa_missing,0.0120463233662198,0.0145205284583227,surface_area_porosity,real,real,random_cv,random_cv_05,lightgbm,lightgbm_shap
metal_cd,0.0003621555329283,0.0004365389805965,metal_identity,real,real,random_cv,random_cv_05,lightgbm,lightgbm_shap
metal_cr,0.0013189939083033,0.0015899032426425,metal_identity,real,real,random_cv,random_cv_05,lightgbm,lightgbm_shap
metal_hg,0.0017335240842641,0.0020895741408811,metal_identity,real,real,random_cv,random_cv_05,lightgbm,lightgbm_shap
ret_other,0.0643728164047961,0.0775944065364686,polymer_identity,real,real,random_cv,random_cv_05,lightgbm,lightgbm_shap
ret_pa,0.0154607117760122,0.0186362011465709,polymer_identity,real,real,random_cv,random_cv_05,lightgbm,lightgbm_shap
ret_pe,0.0009091912818571,0.0010959308895265,polymer_identity,real,real,random_cv,random_cv_05,lightgbm,lightgbm_shap
ret_pet,0.0001422373298113,0.0001714515817459,polymer_identity,real,real,random_cv,random_cv_05,lightgbm,lightgbm_shap
ret_pla,0.0124337420142285,0.0149875193677208,polymer_identity,real,real,random_cv,random_cv_05,lightgbm,lightgbm_shap
ret_pp,0.0211274809246826,0.0254668730610204,polymer_identity,real,real,random_cv,random_cv_05,lightgbm,lightgbm_shap
ret_ps,0.0042213059167911,0.0050883237011498,polymer_identity,real,real,random_cv,random_cv_05,lightgbm,lightgbm_shap
ret_pvc,8.044876838980442e-05,9.697221262687525e-05,polymer_identity,real,real,random_cv,random_cv_05,lightgbm,lightgbm_shap
ce_log1p,0.0014502549037794,0.0017481240509618,solution_chemistry,real,real,random_cv,random_cv_05,lightgbm,lightgbm_shap
rpm_log1p,0.0028546851682324,0.003441011499086,solution_chemistry,real,real,random_cv,random_cv_05,lightgbm,lightgbm_shap
sa_log1p,0.0073506202501364,0.008860370694326,surface_area_porosity,real,real,random_cv,random_cv_05,lightgbm,lightgbm_shap
temp_log1p,0.00061910357884,0.0007462618146549,solution_chemistry,real,real,random_cv,random_cv_05,lightgbm,lightgbm_shap
ph_x_temp,0.0056219368661353,0.0067766314894491,solution_chemistry,real,real,random_cv,random_cv_05,lightgbm,lightgbm_shap
ph_x_ce_log,0.0336303001171806,0.0405376574302183,solution_chemistry,real,real,random_cv,random_cv_05,lightgbm,lightgbm_shap
temp_x_ce_log,0.0754041652960669,0.0908914940078677,solution_chemistry,real,real,random_cv,random_cv_05,lightgbm,lightgbm_shap
ce_log_x_rpm_log,0.0191043380910048,0.0230281951176696,solution_chemistry,real,real,random_cv,random_cv_05,lightgbm,lightgbm_shap
ce_over_rpm,0.0188291799101835,0.0226965219528632,solution_chemistry,real,real,random_cv,random_cv_05,lightgbm,lightgbm_shap
ce_over_sa,0.0131401703467168,0.0158390416450013,solution_chemistry,real,real,random_cv,random_cv_05,lightgbm,lightgbm_shap
cd_x_ph,0.0037704519496671,0.0045448684359086,other,real,real,random_cv,random_cv_05,lightgbm,lightgbm_shap
cd_x_ce_log,0.0087848724872954,0.0105892052767083,other,real,real,random_cv,random_cv_05,lightgbm,lightgbm_shap
cd_x_sa_log,0.0093518280438709,0.0112726083403304,other,real,real,random_cv,random_cv_05,lightgbm,lightgbm_shap
cr_x_ph,0.0,0.0,other,real,real,random_cv,random_cv_05,lightgbm,lightgbm_shap
cr_x_ce_log,0.0865744125245692,0.1043560082697712,other,real,real,random_cv,random_cv_05,lightgbm,lightgbm_shap
cr_x_sa_log,0.0084210856177034,0.0101506998977569,other,real,real,random_cv,random_cv_05,lightgbm,lightgbm_shap
hg_x_ph,0.0024706719123039,0.0029781254182823,other,real,real,random_cv,random_cv_05,lightgbm,lightgbm_shap
hg_x_ce_log,0.0810537775964323,0.0977014852136482,other,real,real,random_cv,random_cv_05,lightgbm,lightgbm_shap
hg_x_sa_log,0.0005803186712911,0.0006995108403788,other,real,real,random_cv,random_cv_05,lightgbm,lightgbm_shap
aged_x_fg_any,0.0,0.0,other,real,real,random_cv,random_cv_05,lightgbm,lightgbm_shap
aged_x_fg_complexing,0.0581217470233702,0.0700594244437184,other,real,real,random_cv,random_cv_05,lightgbm,lightgbm_shap
ret_ps_x_fg_any,0.0006007728214102,0.0007241660866199,polymer_identity,real,real,random_cv,random_cv_05,lightgbm,lightgbm_shap
ret_pe_x_fg_any,0.013538473381564,0.0163191524951511,polymer_identity,real,real,random_cv,random_cv_05,lightgbm,lightgbm_shap
ret_pa_x_fg_any,0.0023940661737334,0.0028857855587943,polymer_identity,real,real,random_cv,random_cv_05,lightgbm,lightgbm_shap
null_random_normal,0.0062054650429443,0.0074800110385443,null_feature,,random_noise,random_cv,random_cv_05,lightgbm,lightgbm_shap
null_random_uniform,0.0043550006966335,0.0052494781709754,null_feature,,random_noise,random_cv,random_cv_05,lightgbm,lightgbm_shap
null_random_binary,0.0011269672635452,0.0013584360741797,null_feature,,random_noise,random_cv,random_cv_05,lightgbm,lightgbm_shap
null_perm_ph,0.0042582871891335,0.005132900589977,null_feature,,permuted_real,random_cv,random_cv_05,lightgbm,lightgbm_shap
null_perm_ce,0.0063798234523505,0.0076901810770501,null_feature,,permuted_real,random_cv,random_cv_05,lightgbm,lightgbm_shap
null_study_random_effect,0.0522533137551307,0.0629856684364547,null_feature,,group_aware_random,random_cv,random_cv_05,lightgbm,lightgbm_shap
null_exp_random_effect,0.0264676353233784,0.0319038465309125,null_feature,,group_aware_random,random_cv,random_cv_05,lightgbm,lightgbm_shap
num__ph,0.0002838483993244,0.0122697287073842,solution_chemistry,real,real,random_cv,random_cv_06,elastic_net,elastic_net_coef
num__temp,0.003988681327779,0.1724161133497054,solution_chemistry,real,real,random_cv,random_cv_06,elastic_net,elastic_net_coef
num__ce,0.0,0.0,solution_chemistry,real,real,random_cv,random_cv_06,elastic_net,elastic_net_coef
num__rpm,0.0,0.0,solution_chemistry,real,real,random_cv,random_cv_06,elastic_net,elastic_net_coef
num__sa,0.0,0.0,surface_area_porosity,real,real,random_cv,random_cv_06,elastic_net,elastic_net_coef
num__fg_complexing,0.0,0.0,surface_functionality,real,real,random_cv,random_cv_06,elastic_net,elastic_net_coef
num__fg_polar,0.0,0.0,surface_functionality,real,real,random_cv,random_cv_06,elastic_net,elastic_net_coef
num__fg_any,0.0,0.0,surface_functionality,real,real,random_cv,random_cv_06,elastic_net,elastic_net_coef
num__ags_aged,0.0,0.0,aging_state,real,real,random_cv,random_cv_06,elastic_net,elastic_net_coef
num__ags_virgin,0.0,0.0,aging_state,real,real,random_cv,random_cv_06,elastic_net,elastic_net_coef
num__ph_missing,0.0,0.0,solution_chemistry,real,real,random_cv,random_cv_06,elastic_net,elastic_net_coef
num__temp_missing,0.0,0.0,solution_chemistry,real,real,random_cv,random_cv_06,elastic_net,elastic_net_coef
num__rpm_missing,0.0,0.0,solution_chemistry,real,real,random_cv,random_cv_06,elastic_net,elastic_net_coef
num__sa_missing,0.0,0.0,surface_area_porosity,real,real,random_cv,random_cv_06,elastic_net,elastic_net_coef
num__metal_cd,0.0,0.0,metal_identity,real,real,random_cv,random_cv_06,elastic_net,elastic_net_coef
num__metal_cr,0.0,0.0,metal_identity,real,real,random_cv,random_cv_06,elastic_net,elastic_net_coef
num__metal_hg,0.0,0.0,metal_identity,real,real,random_cv,random_cv_06,elastic_net,elastic_net_coef
num__ret_other,0.0,0.0,polymer_identity,real,real,random_cv,random_cv_06,elastic_net,elastic_net_coef
num__ret_pa,0.0,0.0,polymer_identity,real,real,random_cv,random_cv_06,elastic_net,elastic_net_coef
num__ret_pe,0.0,0.0,polymer_identity,real,real,random_cv,random_cv_06,elastic_net,elastic_net_coef
num__ret_pet,0.0,0.0,polymer_identity,real,real,random_cv,random_cv_06,elastic_net,elastic_net_coef
num__ret_pla,0.0,0.0,polymer_identity,real,real,random_cv,random_cv_06,elastic_net,elastic_net_coef
num__ret_pp,0.0,0.0,polymer_identity,real,real,random_cv,random_cv_06,elastic_net,elastic_net_coef
num__ret_ps,0.0,0.0,polymer_identity,real,real,random_cv,random_cv_06,elastic_net,elastic_net_coef
num__ret_pvc,0.0,0.0,polymer_identity,real,real,random_cv,random_cv_06,elastic_net,elastic_net_coef
num__ce_log1p,0.0,0.0,solution_chemistry,real,real,random_cv,random_cv_06,elastic_net,elastic_net_coef
num__rpm_log1p,0.0,0.0,solution_chemistry,real,real,random_cv,random_cv_06,elastic_net,elastic_net_coef
num__sa_log1p,0.0,0.0,surface_area_porosity,real,real,random_cv,random_cv_06,elastic_net,elastic_net_coef
num__temp_log1p,0.0,0.0,solution_chemistry,real,real,random_cv,random_cv_06,elastic_net,elastic_net_coef
num__ph_x_temp,0.0,0.0,solution_chemistry,real,real,random_cv,random_cv_06,elastic_net,elastic_net_coef
num__ph_x_ce_log,0.0,0.0,solution_chemistry,real,real,random_cv,random_cv_06,elastic_net,elastic_net_coef
num__temp_x_ce_log,0.0,0.0,solution_chemistry,real,real,random_cv,random_cv_06,elastic_net,elastic_net_coef
num__ce_log_x_rpm_log,0.0,0.0,solution_chemistry,real,real,random_cv,random_cv_06,elastic_net,elastic_net_coef
num__ce_over_rpm,0.0188615106493256,0.8153141579429104,solution_chemistry,real,real,random_cv,random_cv_06,elastic_net,elastic_net_coef
num__ce_over_sa,0.0,0.0,solution_chemistry,real,real,random_cv,random_cv_06,elastic_net,elastic_net_coef
num__cd_x_ph,0.0,0.0,other,real,real,random_cv,random_cv_06,elastic_net,elastic_net_coef
num__cd_x_ce_log,0.0,0.0,other,real,real,random_cv,random_cv_06,elastic_net,elastic_net_coef
num__cd_x_sa_log,0.0,0.0,other,real,real,random_cv,random_cv_06,elastic_net,elastic_net_coef
num__cr_x_ph,0.0,0.0,other,real,real,random_cv,random_cv_06,elastic_net,elastic_net_coef
num__cr_x_ce_log,0.0,0.0,other,real,real,random_cv,random_cv_06,elastic_net,elastic_net_coef
num__cr_x_sa_log,0.0,0.0,other,real,real,random_cv,random_cv_06,elastic_net,elastic_net_coef
num__hg_x_ph,0.0,0.0,other,real,real,random_cv,random_cv_06,elastic_net,elastic_net_coef
num__hg_x_ce_log,0.0,0.0,other,real,real,random_cv,random_cv_06,elastic_net,elastic_net_coef
num__hg_x_sa_log,0.0,0.0,other,real,real,random_cv,random_cv_06,elastic_net,elastic_net_coef
num__aged_x_fg_any,0.0,0.0,other,real,real,random_cv,random_cv_06,elastic_net,elastic_net_coef
num__aged_x_fg_complexing,0.0,0.0,other,real,real,random_cv,random_cv_06,elastic_net,elastic_net_coef
num__ret_ps_x_fg_any,0.0,0.0,polymer_identity,real,real,random_cv,random_cv_06,elastic_net,elastic_net_coef
num__ret_pe_x_fg_any,0.0,0.0,polymer_identity,real,real,random_cv,random_cv_06,elastic_net,elastic_net_coef
num__ret_pa_x_fg_any,0.0,0.0,polymer_identity,real,real,random_cv,random_cv_06,elastic_net,elastic_net_coef
num__null_random_normal,0.0,0.0,null_feature,real,random_noise,random_cv,random_cv_06,elastic_net,elastic_net_coef
num__null_random_uniform,0.0,0.0,null_feature,real,random_noise,random_cv,random_cv_06,elastic_net,elastic_net_coef
num__null_random_binary,0.0,0.0,null_feature,real,random_noise,random_cv,random_cv_06,elastic_net,elastic_net_coef
num__null_perm_ph,0.0,0.0,null_feature,real,permuted_real,random_cv,random_cv_06,elastic_net,elastic_net_coef
num__null_perm_ce,0.0,0.0,null_feature,real,permuted_real,random_cv,random_cv_06,elastic_net,elastic_net_coef
num__null_study_random_effect,0.0,0.0,null_feature,real,group_aware_random,random_cv,random_cv_06,elastic_net,elastic_net_coef
num__null_exp_random_effect,0.0,0.0,null_feature,real,group_aware_random,random_cv,random_cv_06,elastic_net,elastic_net_coef
ph,0.0002006804940652,0.0027915676475931,solution_chemistry,real,real,random_cv,random_cv_06,elastic_net,elastic_net_permutation
temp,0.002000216613557,0.0278240294981924,solution_chemistry,real,real,random_cv,random_cv_06,elastic_net,elastic_net_permutation
ce,0.0007704828269415,0.010717807641118,solution_chemistry,real,real,random_cv,random_cv_06,elastic_net,elastic_net_permutation
rpm,0.0,0.0,solution_chemistry,real,real,random_cv,random_cv_06,elastic_net,elastic_net_permutation
sa,0.0,0.0,surface_area_porosity,real,real,random_cv,random_cv_06,elastic_net,elastic_net_permutation
fg_complexing,0.0,0.0,surface_functionality,real,real,random_cv,random_cv_06,elastic_net,elastic_net_permutation
fg_polar,0.0,0.0,surface_functionality,real,real,random_cv,random_cv_06,elastic_net,elastic_net_permutation
fg_any,0.0,0.0,surface_functionality,real,real,random_cv,random_cv_06,elastic_net,elastic_net_permutation
ags_aged,0.0,0.0,aging_state,real,real,random_cv,random_cv_06,elastic_net,elastic_net_permutation
ags_virgin,0.0,0.0,aging_state,real,real,random_cv,random_cv_06,elastic_net,elastic_net_permutation
ph_missing,0.0,0.0,solution_chemistry,real,real,random_cv,random_cv_06,elastic_net,elastic_net_permutation
temp_missing,2.3710449717606606e-06,3.2982440396037926e-05,solution_chemistry,real,real,random_cv,random_cv_06,elastic_net,elastic_net_permutation
rpm_missing,1.3648735686100368e-08,1.898608489546281e-07,solution_chemistry,real,real,random_cv,random_cv_06,elastic_net,elastic_net_permutation
sa_missing,0.0,0.0,surface_area_porosity,real,real,random_cv,random_cv_06,elastic_net,elastic_net_permutation
metal_cd,0.0,0.0,metal_identity,real,real,random_cv,random_cv_06,elastic_net,elastic_net_permutation
metal_cr,1.9703637426204955e-06,2.74087608938253e-05,metal_identity,real,real,random_cv,random_cv_06,elastic_net,elastic_net_permutation
metal_hg,0.0,0.0,metal_identity,real,real,random_cv,random_cv_06,elastic_net,elastic_net_permutation
ret_other,5.193383006862895e-06,7.224259662627022e-05,polymer_identity,real,real,random_cv,random_cv_06,elastic_net,elastic_net_permutation
ret_pa,3.569482812215696e-07,4.965331973908676e-06,polymer_identity,real,real,random_cv,random_cv_06,elastic_net,elastic_net_permutation
ret_pe,0.0,0.0,polymer_identity,real,real,random_cv,random_cv_06,elastic_net,elastic_net_permutation
ret_pet,0.0,0.0,polymer_identity,real,real,random_cv,random_cv_06,elastic_net,elastic_net_permutation
ret_pla,5.634214449656838e-07,7.837478600260832e-06,polymer_identity,real,real,random_cv,random_cv_06,elastic_net,elastic_net_permutation
ret_pp,0.0,0.0,polymer_identity,real,real,random_cv,random_cv_06,elastic_net,elastic_net_permutation
ret_ps,4.168411677507588e-06,5.798472459906615e-05,polymer_identity,real,real,random_cv,random_cv_06,elastic_net,elastic_net_permutation
ret_pvc,4.441643832731046e-07,6.1785522720261954e-06,polymer_identity,real,real,random_cv,random_cv_06,elastic_net,elastic_net_permutation
ce_log1p,4.284894318106192e-05,0.0005960505732007,solution_chemistry,real,real,random_cv,random_cv_06,elastic_net,elastic_net_permutation
rpm_log1p,1.531826066536457e-05,0.0002130847897799,solution_chemistry,real,real,random_cv,random_cv_06,elastic_net,elastic_net_permutation
sa_log1p,6.003732451020927e-06,8.351496917096215e-05,surface_area_porosity,real,real,random_cv,random_cv_06,elastic_net,elastic_net_permutation
temp_log1p,1.8963270586702663e-06,2.63788729985757e-05,solution_chemistry,real,real,random_cv,random_cv_06,elastic_net,elastic_net_permutation
ph_x_temp,0.0002104983205619,0.0029281386030583,solution_chemistry,real,real,random_cv,random_cv_06,elastic_net,elastic_net_permutation
ph_x_ce_log,0.0001966156365349,0.0027350234138013,solution_chemistry,real,real,random_cv,random_cv_06,elastic_net,elastic_net_permutation
temp_x_ce_log,0.0014734103396045,0.0204958865326064,solution_chemistry,real,real,random_cv,random_cv_06,elastic_net,elastic_net_permutation
ce_log_x_rpm_log,0.0,0.0,solution_chemistry,real,real,random_cv,random_cv_06,elastic_net,elastic_net_permutation
ce_over_rpm,0.0665581466262588,0.9258576408785762,solution_chemistry,real,real,random_cv,random_cv_06,elastic_net,elastic_net_permutation
ce_over_sa,8.750613125917406e-05,0.0012172547517731,solution_chemistry,real,real,random_cv,random_cv_06,elastic_net,elastic_net_permutation
cd_x_ph,5.478338556702544e-05,0.0007620647312378,other,real,real,random_cv,random_cv_06,elastic_net,elastic_net_permutation
cd_x_ce_log,7.383636798070636e-05,0.0010271013983236,other,real,real,random_cv,random_cv_06,elastic_net,elastic_net_permutation
cd_x_sa_log,6.590443459075779e-06,9.16764174283096e-05,other,real,real,random_cv,random_cv_06,elastic_net,elastic_net_permutation
cr_x_ph,0.0,0.0,other,real,real,random_cv,random_cv_06,elastic_net,elastic_net_permutation
cr_x_ce_log,1.391154810141959e-05,0.0001935167031989,other,real,real,random_cv,random_cv_06,elastic_net,elastic_net_permutation
cr_x_sa_log,0.0,0.0,other,real,real,random_cv,random_cv_06,elastic_net,elastic_net_permutation
hg_x_ph,4.033373893712611e-05,0.0005610628040746,other,real,real,random_cv,random_cv_06,elastic_net,elastic_net_permutation
hg_x_ce_log,0.0,0.0,other,real,real,random_cv,random_cv_06,elastic_net,elastic_net_permutation
hg_x_sa_log,0.0,0.0,other,real,real,random_cv,random_cv_06,elastic_net,elastic_net_permutation
aged_x_fg_any,0.0,0.0,other,real,real,random_cv,random_cv_06,elastic_net,elastic_net_permutation
aged_x_fg_complexing,0.0,0.0,other,real,real,random_cv,random_cv_06,elastic_net,elastic_net_permutation
ret_ps_x_fg_any,4.0989186939732745e-06,5.701804188546863e-05,polymer_identity,real,real,random_cv,random_cv_06,elastic_net,elastic_net_permutation
ret_pe_x_fg_any,0.0,0.0,polymer_identity,real,real,random_cv,random_cv_06,elastic_net,elastic_net_permutation
ret_pa_x_fg_any,3.569482812215696e-07,4.965331973908676e-06,polymer_identity,real,real,random_cv,random_cv_06,elastic_net,elastic_net_permutation
null_random_normal,0.0,0.0,null_feature,,random_noise,random_cv,random_cv_06,elastic_net,elastic_net_permutation
null_random_uniform,1.1078123948427e-05,0.0001541023334355,null_feature,,random_noise,random_cv,random_cv_06,elastic_net,elastic_net_permutation
null_random_binary,0.0,0.0,null_feature,,random_noise,random_cv,random_cv_06,elastic_net,elastic_net_permutation
null_perm_ph,0.0,0.0,null_feature,,permuted_real,random_cv,random_cv_06,elastic_net,elastic_net_permutation
null_perm_ce,5.803154197072669e-05,0.0008072482373534,null_feature,,permuted_real,random_cv,random_cv_06,elastic_net,elastic_net_permutation
null_study_random_effect,0.0,0.0,null_feature,,group_aware_random,random_cv,random_cv_06,elastic_net,elastic_net_permutation
null_exp_random_effect,4.637329393020195e-05,0.0006450760830086,null_feature,,group_aware_random,random_cv,random_cv_06,elastic_net,elastic_net_permutation
ph,0.0005696010819826,0.0002437598669714,solution_chemistry,real,real,random_cv,random_cv_06,lightgbm,lightgbm_permutation
temp,0.0,0.0,solution_chemistry,real,real,random_cv,random_cv_06,lightgbm,lightgbm_permutation
ce,0.0,0.0,solution_chemistry,real,real,random_cv,random_cv_06,lightgbm,lightgbm_permutation
rpm,0.0,0.0,solution_chemistry,real,real,random_cv,random_cv_06,lightgbm,lightgbm_permutation
sa,0.0112015455834204,0.0047936834174981,surface_area_porosity,real,real,random_cv,random_cv_06,lightgbm,lightgbm_permutation
fg_complexing,3.179860626340014e-05,1.3608162410197322e-05,surface_functionality,real,real,random_cv,random_cv_06,lightgbm,lightgbm_permutation
fg_polar,0.001219406603556,0.0005218430948766,surface_functionality,real,real,random_cv,random_cv_06,lightgbm,lightgbm_permutation
fg_any,0.0007474694352456,0.0003198783426929,surface_functionality,real,real,random_cv,random_cv_06,lightgbm,lightgbm_permutation
ags_aged,0.1233715210012829,0.0527966439997993,aging_state,real,real,random_cv,random_cv_06,lightgbm,lightgbm_permutation
ags_virgin,0.0182722003298586,0.00781955874483,aging_state,real,real,random_cv,random_cv_06,lightgbm,lightgbm_permutation
ph_missing,0.001985513042577,0.0008496971133622,solution_chemistry,real,real,random_cv,random_cv_06,lightgbm,lightgbm_permutation
temp_missing,0.0,0.0,solution_chemistry,real,real,random_cv,random_cv_06,lightgbm,lightgbm_permutation
rpm_missing,0.3732508214048772,0.1597320887382192,solution_chemistry,real,real,random_cv,random_cv_06,lightgbm,lightgbm_permutation
sa_missing,0.0097852005376146,0.0041875608329876,surface_area_porosity,real,real,random_cv,random_cv_06,lightgbm,lightgbm_permutation
metal_cd,0.0,0.0,metal_identity,real,real,random_cv,random_cv_06,lightgbm,lightgbm_permutation
metal_cr,0.0,0.0,metal_identity,real,real,random_cv,random_cv_06,lightgbm,lightgbm_permutation
metal_hg,0.000789463983205,0.0003378498419542,metal_identity,real,real,random_cv,random_cv_06,lightgbm,lightgbm_permutation
ret_other,0.1515788564607318,0.0648679278451201,polymer_identity,real,real,random_cv,random_cv_06,lightgbm,lightgbm_permutation
ret_pa,0.0054132462432055,0.0023165900239067,polymer_identity,real,real,random_cv,random_cv_06,lightgbm,lightgbm_permutation
ret_pe,0.0137407031935266,0.0058803118331335,polymer_identity,real,real,random_cv,random_cv_06,lightgbm,lightgbm_permutation
ret_pet,0.0004885721157741,0.0002090836511976,polymer_identity,real,real,random_cv,random_cv_06,lightgbm,lightgbm_permutation
ret_pla,0.1075061874662241,0.0460071000289516,polymer_identity,real,real,random_cv,random_cv_06,lightgbm,lightgbm_permutation
ret_pp,0.0751888051303142,0.0321769282328472,polymer_identity,real,real,random_cv,random_cv_06,lightgbm,lightgbm_permutation
ret_ps,0.0013317567178475,0.0005699231456002,polymer_identity,real,real,random_cv,random_cv_06,lightgbm,lightgbm_permutation
ret_pvc,0.0010173905679888,0.0004353906573487,polymer_identity,real,real,random_cv,random_cv_06,lightgbm,lightgbm_permutation
ce_log1p,0.0,0.0,solution_chemistry,real,real,random_cv,random_cv_06,lightgbm,lightgbm_permutation
rpm_log1p,0.0034917199659221,0.0014942759438449,solution_chemistry,real,real,random_cv,random_cv_06,lightgbm,lightgbm_permutation
sa_log1p,0.0,0.0,surface_area_porosity,real,real,random_cv,random_cv_06,lightgbm,lightgbm_permutation
temp_log1p,0.0,0.0,solution_chemistry,real,real,random_cv,random_cv_06,lightgbm,lightgbm_permutation
ph_x_temp,0.0123490776827918,0.0052847679339014,solution_chemistry,real,real,random_cv,random_cv_06,lightgbm,lightgbm_permutation
ph_x_ce_log,0.0476761986950639,0.0204029525561317,solution_chemistry,real,real,random_cv,random_cv_06,lightgbm,lightgbm_permutation
temp_x_ce_log,0.1186431797143271,0.0507731579504188,solution_chemistry,real,real,random_cv,random_cv_06,lightgbm,lightgbm_permutation
ce_log_x_rpm_log,0.0,0.0,solution_chemistry,real,real,random_cv,random_cv_06,lightgbm,lightgbm_permutation
ce_over_rpm,0.0111141364291713,0.0047562768105133,solution_chemistry,real,real,random_cv,random_cv_06,lightgbm,lightgbm_permutation
ce_over_sa,0.0,0.0,solution_chemistry,real,real,random_cv,random_cv_06,lightgbm,lightgbm_permutation
cd_x_ph,0.0040830569539295,0.0017473376568428,other,real,real,random_cv,random_cv_06,lightgbm,lightgbm_permutation
cd_x_ce_log,0.0,0.0,other,real,real,random_cv,random_cv_06,lightgbm,lightgbm_permutation
cd_x_sa_log,0.0,0.0,other,real,real,random_cv,random_cv_06,lightgbm,lightgbm_permutation
cr_x_ph,0.0,0.0,other,real,real,random_cv,random_cv_06,lightgbm,lightgbm_permutation
cr_x_ce_log,0.1125581004744739,0.0481690580760745,other,real,real,random_cv,random_cv_06,lightgbm,lightgbm_permutation
cr_x_sa_log,0.0153826640987446,0.006582986361832,other,real,real,random_cv,random_cv_06,lightgbm,lightgbm_permutation
hg_x_ph,0.0186250281083322,0.0079705508251912,other,real,real,random_cv,random_cv_06,lightgbm,lightgbm_permutation
hg_x_ce_log,0.6836413330895786,0.292563209027012,other,real,real,random_cv,random_cv_06,lightgbm,lightgbm_permutation
hg_x_sa_log,0.0,0.0,other,real,real,random_cv,random_cv_06,lightgbm,lightgbm_permutation
aged_x_fg_any,0.0030418776612506,0.0013017666530213,other,real,real,random_cv,random_cv_06,lightgbm,lightgbm_permutation
aged_x_fg_complexing,0.2628016665764436,0.112465550559648,other,real,real,random_cv,random_cv_06,lightgbm,lightgbm_permutation
ret_ps_x_fg_any,0.0,0.0,polymer_identity,real,real,random_cv,random_cv_06,lightgbm,lightgbm_permutation
ret_pe_x_fg_any,0.0370106067071625,0.0158386296178866,polymer_identity,real,real,random_cv,random_cv_06,lightgbm,lightgbm_permutation
ret_pa_x_fg_any,0.0001634532374086,6.994955007474642e-05,polymer_identity,real,real,random_cv,random_cv_06,lightgbm,lightgbm_permutation
null_random_normal,0.0,0.0,null_feature,,random_noise,random_cv,random_cv_06,lightgbm,lightgbm_permutation
null_random_uniform,0.0,0.0,null_feature,,random_noise,random_cv,random_cv_06,lightgbm,lightgbm_permutation
null_random_binary,0.0,0.0,null_feature,,random_noise,random_cv,random_cv_06,lightgbm,lightgbm_permutation
null_perm_ph,0.0,0.0,null_feature,,permuted_real,random_cv,random_cv_06,lightgbm,lightgbm_permutation
null_perm_ce,0.0,0.0,null_feature,,permuted_real,random_cv,random_cv_06,lightgbm,lightgbm_permutation
null_study_random_effect,0.0854852088445699,0.036583257643134,null_feature,,group_aware_random,random_cv,random_cv_06,lightgbm,lightgbm_permutation
null_exp_random_effect,0.0231729934076767,0.0099168452607638,null_feature,,group_aware_random,random_cv,random_cv_06,lightgbm,lightgbm_permutation
num__ph,107.0,0.0071638993036957,solution_chemistry,real,real,random_cv,random_cv_06,lightgbm,lightgbm_builtin_gain
num__temp,138.0,0.0092394215318693,solution_chemistry,real,real,random_cv,random_cv_06,lightgbm,lightgbm_builtin_gain
num__ce,548.0,0.0366898768077129,solution_chemistry,real,real,random_cv,random_cv_06,lightgbm,lightgbm_builtin_gain
num__rpm,335.0,0.0224290305302624,solution_chemistry,real,real,random_cv,random_cv_06,lightgbm,lightgbm_builtin_gain
num__sa,703.0,0.0470674879485806,surface_area_porosity,real,real,random_cv,random_cv_06,lightgbm,lightgbm_builtin_gain
num__fg_complexing,14.0,0.0009373326191751,surface_functionality,real,real,random_cv,random_cv_06,lightgbm,lightgbm_builtin_gain
num__fg_polar,13.0,0.000870380289234,surface_functionality,real,real,random_cv,random_cv_06,lightgbm,lightgbm_builtin_gain
num__fg_any,20.0,0.0013390465988216,surface_functionality,real,real,random_cv,random_cv_06,lightgbm,lightgbm_builtin_gain
num__ags_aged,73.0,0.0048875200856989,aging_state,real,real,random_cv,random_cv_06,lightgbm,lightgbm_builtin_gain
num__ags_virgin,6.0,0.0004017139796464,aging_state,real,real,random_cv,random_cv_06,lightgbm,lightgbm_builtin_gain
num__ph_missing,42.0,0.0028119978575254,solution_chemistry,real,real,random_cv,random_cv_06,lightgbm,lightgbm_builtin_gain
num__temp_missing,40.0,0.0026780931976432,solution_chemistry,real,real,random_cv,random_cv_06,lightgbm,lightgbm_builtin_gain
num__rpm_missing,152.0,0.0101767541510444,solution_chemistry,real,real,random_cv,random_cv_06,lightgbm,lightgbm_builtin_gain
num__sa_missing,61.0,0.0040840921264059,surface_area_porosity,real,real,random_cv,random_cv_06,lightgbm,lightgbm_builtin_gain
num__metal_cd,26.0,0.0017407605784681,metal_identity,real,real,random_cv,random_cv_06,lightgbm,lightgbm_builtin_gain
num__metal_cr,18.0,0.0012051419389394,metal_identity,real,real,random_cv,random_cv_06,lightgbm,lightgbm_builtin_gain
num__metal_hg,14.0,0.0009373326191751,metal_identity,real,real,random_cv,random_cv_06,lightgbm,lightgbm_builtin_gain
num__ret_other,111.0,0.00743170862346,polymer_identity,real,real,random_cv,random_cv_06,lightgbm,lightgbm_builtin_gain
num__ret_pa,63.0,0.0042179967862881,polymer_identity,real,real,random_cv,random_cv_06,lightgbm,lightgbm_builtin_gain
num__ret_pe,29.0,0.0019416175682913,polymer_identity,real,real,random_cv,random_cv_06,lightgbm,lightgbm_builtin_gain
num__ret_pet,6.0,0.0004017139796464,polymer_identity,real,real,random_cv,random_cv_06,lightgbm,lightgbm_builtin_gain
num__ret_pla,133.0,0.0089046598821639,polymer_identity,real,real,random_cv,random_cv_06,lightgbm,lightgbm_builtin_gain
num__ret_pp,87.0,0.0058248527048741,polymer_identity,real,real,random_cv,random_cv_06,lightgbm,lightgbm_builtin_gain
num__ret_ps,90.0,0.0060257096946973,polymer_identity,real,real,random_cv,random_cv_06,lightgbm,lightgbm_builtin_gain
num__ret_pvc,27.0,0.0018077129084092,polymer_identity,real,real,random_cv,random_cv_06,lightgbm,lightgbm_builtin_gain
num__ce_log1p,54.0,0.0036154258168184,solution_chemistry,real,real,random_cv,random_cv_06,lightgbm,lightgbm_builtin_gain
num__rpm_log1p,80.0,0.0053561863952865,solution_chemistry,real,real,random_cv,random_cv_06,lightgbm,lightgbm_builtin_gain
num__sa_log1p,294.0,0.019683985002678,surface_area_porosity,real,real,random_cv,random_cv_06,lightgbm,lightgbm_builtin_gain
num__temp_log1p,61.0,0.0040840921264059,solution_chemistry,real,real,random_cv,random_cv_06,lightgbm,lightgbm_builtin_gain
num__ph_x_temp,59.0,0.0039501874665238,solution_chemistry,real,real,random_cv,random_cv_06,lightgbm,lightgbm_builtin_gain
num__ph_x_ce_log,945.0,0.0632699517943224,solution_chemistry,real,real,random_cv,random_cv_06,lightgbm,lightgbm_builtin_gain
num__temp_x_ce_log,777.0,0.0520219603642206,solution_chemistry,real,real,random_cv,random_cv_06,lightgbm,lightgbm_builtin_gain
num__ce_log_x_rpm_log,470.0,0.0314675950723085,solution_chemistry,real,real,random_cv,random_cv_06,lightgbm,lightgbm_builtin_gain
num__ce_over_rpm,718.0,0.0480717728976968,solution_chemistry,real,real,random_cv,random_cv_06,lightgbm,lightgbm_builtin_gain
num__ce_over_sa,717.0,0.0480048205677557,solution_chemistry,real,real,random_cv,random_cv_06,lightgbm,lightgbm_builtin_gain
num__cd_x_ph,182.0,0.0121853240492769,other,real,real,random_cv,random_cv_06,lightgbm,lightgbm_builtin_gain
num__cd_x_ce_log,334.0,0.0223620782003213,other,real,real,random_cv,random_cv_06,lightgbm,lightgbm_builtin_gain
num__cd_x_sa_log,419.0,0.0280530262453133,other,real,real,random_cv,random_cv_06,lightgbm,lightgbm_builtin_gain
num__cr_x_ph,0.0,0.0,other,real,real,random_cv,random_cv_06,lightgbm,lightgbm_builtin_gain
num__cr_x_ce_log,332.0,0.0222281735404392,other,real,real,random_cv,random_cv_06,lightgbm,lightgbm_builtin_gain
num__cr_x_sa_log,420.0,0.0281199785752544,other,real,real,random_cv,random_cv_06,lightgbm,lightgbm_builtin_gain
num__hg_x_ph,126.0,0.0084359935725763,other,real,real,random_cv,random_cv_06,lightgbm,lightgbm_builtin_gain
num__hg_x_ce_log,683.0,0.0457284413497589,other,real,real,random_cv,random_cv_06,lightgbm,lightgbm_builtin_gain
num__hg_x_sa_log,14.0,0.0009373326191751,other,real,real,random_cv,random_cv_06,lightgbm,lightgbm_builtin_gain
num__aged_x_fg_any,0.0,0.0,other,real,real,random_cv,random_cv_06,lightgbm,lightgbm_builtin_gain
num__aged_x_fg_complexing,113.0,0.0075656132833422,other,real,real,random_cv,random_cv_06,lightgbm,lightgbm_builtin_gain
num__ret_ps_x_fg_any,26.0,0.0017407605784681,polymer_identity,real,real,random_cv,random_cv_06,lightgbm,lightgbm_builtin_gain
num__ret_pe_x_fg_any,35.0,0.0023433315479378,polymer_identity,real,real,random_cv,random_cv_06,lightgbm,lightgbm_builtin_gain
num__ret_pa_x_fg_any,6.0,0.0004017139796464,polymer_identity,real,real,random_cv,random_cv_06,lightgbm,lightgbm_builtin_gain
num__null_random_normal,792.0,0.0530262453133369,null_feature,real,random_noise,random_cv,random_cv_06,lightgbm,lightgbm_builtin_gain
num__null_random_uniform,768.0,0.0514193893947509,null_feature,real,random_noise,random_cv,random_cv_06,lightgbm,lightgbm_builtin_gain
num__null_random_binary,119.0,0.0079673272629887,null_feature,real,random_noise,random_cv,random_cv_06,lightgbm,lightgbm_builtin_gain
num__null_perm_ph,646.0,0.0432512051419389,null_feature,real,permuted_real,random_cv,random_cv_06,lightgbm,lightgbm_builtin_gain
num__null_perm_ce,965.0,0.064608998393144,null_feature,real,permuted_real,random_cv,random_cv_06,lightgbm,lightgbm_builtin_gain
num__null_study_random_effect,557.0,0.0372924477771826,null_feature,real,group_aware_random,random_cv,random_cv_06,lightgbm,lightgbm_builtin_gain
num__null_exp_random_effect,1368.0,0.0915907873594001,null_feature,real,group_aware_random,random_cv,random_cv_06,lightgbm,lightgbm_builtin_gain
ph,0.0010040235825373,0.0013122717520321,solution_chemistry,real,real,random_cv,random_cv_06,lightgbm,lightgbm_shap
temp,0.0036316491172939,0.0047466121641024,solution_chemistry,real,real,random_cv,random_cv_06,lightgbm,lightgbm_shap
ce,0.0110051080295985,0.0143838179167148,solution_chemistry,real,real,random_cv,random_cv_06,lightgbm,lightgbm_shap
rpm,0.0262219373527989,0.0342724098020436,solution_chemistry,real,real,random_cv,random_cv_06,lightgbm,lightgbm_shap
sa,0.0311156303849066,0.0406685296152083,surface_area_porosity,real,real,random_cv,random_cv_06,lightgbm,lightgbm_shap
fg_complexing,0.0001546437880988,0.0002021214225233,surface_functionality,real,real,random_cv,random_cv_06,lightgbm,lightgbm_shap
fg_polar,0.0024960825254924,0.0032624120049721,surface_functionality,real,real,random_cv,random_cv_06,lightgbm,lightgbm_shap
fg_any,0.0024764758103162,0.0032367857757446,surface_functionality,real,real,random_cv,random_cv_06,lightgbm,lightgbm_shap
ags_aged,0.0182584217669321,0.0238639923784295,aging_state,real,real,random_cv,random_cv_06,lightgbm,lightgbm_shap
ags_virgin,0.0013906446160386,0.0018175904216625,aging_state,real,real,random_cv,random_cv_06,lightgbm,lightgbm_shap
ph_missing,0.0011611179509281,0.0015175961145552,solution_chemistry,real,real,random_cv,random_cv_06,lightgbm,lightgbm_shap
temp_missing,0.0054034016303766,0.0070623155150484,solution_chemistry,real,real,random_cv,random_cv_06,lightgbm,lightgbm_shap
rpm_missing,0.0464284423409105,0.0606825720376604,solution_chemistry,real,real,random_cv,random_cv_06,lightgbm,lightgbm_shap
sa_missing,0.0067401075728568,0.0088094073957563,surface_area_porosity,real,real,random_cv,random_cv_06,lightgbm,lightgbm_shap
metal_cd,0.0005192954117211,0.0006787257905231,metal_identity,real,real,random_cv,random_cv_06,lightgbm,lightgbm_shap
metal_cr,0.0010787419743863,0.0014099296523903,metal_identity,real,real,random_cv,random_cv_06,lightgbm,lightgbm_shap
metal_hg,0.0005018510892237,0.0006559258363738,metal_identity,real,real,random_cv,random_cv_06,lightgbm,lightgbm_shap
ret_other,0.0626214299416603,0.0818470153625572,polymer_identity,real,real,random_cv,random_cv_06,lightgbm,lightgbm_shap
ret_pa,0.0179948538736004,0.0235195057476596,polymer_identity,real,real,random_cv,random_cv_06,lightgbm,lightgbm_shap
ret_pe,0.0022178147133242,0.0028987123909796,polymer_identity,real,real,random_cv,random_cv_06,lightgbm,lightgbm_shap
ret_pet,0.0002853319124975,0.0003729324840932,polymer_identity,real,real,random_cv,random_cv_06,lightgbm,lightgbm_shap
ret_pla,0.0126342792788032,0.0165131657196334,polymer_identity,real,real,random_cv,random_cv_06,lightgbm,lightgbm_shap
ret_pp,0.0257534578263666,0.0336601010279919,polymer_identity,real,real,random_cv,random_cv_06,lightgbm,lightgbm_shap
ret_ps,0.001819441782239,0.002378033839868,polymer_identity,real,real,random_cv,random_cv_06,lightgbm,lightgbm_shap
ret_pvc,0.0017021278396676,0.0022247030061769,polymer_identity,real,real,random_cv,random_cv_06,lightgbm,lightgbm_shap
ce_log1p,0.0018946921357895,0.0024763870210206,solution_chemistry,real,real,random_cv,random_cv_06,lightgbm,lightgbm_shap
rpm_log1p,0.0030822282602372,0.004028512028575,solution_chemistry,real,real,random_cv,random_cv_06,lightgbm,lightgbm_shap
sa_log1p,0.0043406313115516,0.0056732610221571,surface_area_porosity,real,real,random_cv,random_cv_06,lightgbm,lightgbm_shap
temp_log1p,0.0078672051923569,0.0102825384990267,solution_chemistry,real,real,random_cv,random_cv_06,lightgbm,lightgbm_shap
ph_x_temp,0.002054278091236,0.0026849679199118,solution_chemistry,real,real,random_cv,random_cv_06,lightgbm,lightgbm_shap
ph_x_ce_log,0.02208767731919,0.0288688786977741,solution_chemistry,real,real,random_cv,random_cv_06,lightgbm,lightgbm_shap
temp_x_ce_log,0.0694293845950052,0.0907450997662354,solution_chemistry,real,real,random_cv,random_cv_06,lightgbm,lightgbm_shap
ce_log_x_rpm_log,0.0248402985535507,0.0324665900989017,solution_chemistry,real,real,random_cv,random_cv_06,lightgbm,lightgbm_shap
ce_over_rpm,0.0140761802590258,0.0183977488693556,solution_chemistry,real,real,random_cv,random_cv_06,lightgbm,lightgbm_shap
ce_over_sa,0.0205986170486161,0.0269226577482529,solution_chemistry,real,real,random_cv,random_cv_06,lightgbm,lightgbm_shap
cd_x_ph,0.004490608627374,0.005869283305321,other,real,real,random_cv,random_cv_06,lightgbm,lightgbm_shap
cd_x_ce_log,0.0041880596546798,0.0054738479018321,other,real,real,random_cv,random_cv_06,lightgbm,lightgbm_shap
cd_x_sa_log,0.0114241577477642,0.0149315212948129,other,real,real,random_cv,random_cv_06,lightgbm,lightgbm_shap
cr_x_ph,0.0,0.0,other,real,real,random_cv,random_cv_06,lightgbm,lightgbm_shap
cr_x_ce_log,0.0759375945597232,0.0992514140018139,other,real,real,random_cv,random_cv_06,lightgbm,lightgbm_shap
cr_x_sa_log,0.0070430832134431,0.0092054004596747,other,real,real,random_cv,random_cv_06,lightgbm,lightgbm_shap
hg_x_ph,0.0042493891940751,0.0055540063996138,other,real,real,random_cv,random_cv_06,lightgbm,lightgbm_shap
hg_x_ce_log,0.0489011532563351,0.0639144370472979,other,real,real,random_cv,random_cv_06,lightgbm,lightgbm_shap
hg_x_sa_log,0.0008355927765527,0.0010921305195851,other,real,real,random_cv,random_cv_06,lightgbm,lightgbm_shap
aged_x_fg_any,0.0,0.0,other,real,real,random_cv,random_cv_06,lightgbm,lightgbm_shap
aged_x_fg_complexing,0.0520279621322903,0.0680012165147184,other,real,real,random_cv,random_cv_06,lightgbm,lightgbm_shap
ret_ps_x_fg_any,0.0007077023482254,0.0009249760828088,polymer_identity,real,real,random_cv,random_cv_06,lightgbm,lightgbm_shap
ret_pe_x_fg_any,0.0064051497732018,0.008371613238074,polymer_identity,real,real,random_cv,random_cv_06,lightgbm,lightgbm_shap
ret_pa_x_fg_any,0.001543761882669,0.0020177166609682,polymer_identity,real,real,random_cv,random_cv_06,lightgbm,lightgbm_shap
null_random_normal,0.0043245279643782,0.0056522137400251,null_feature,,random_noise,random_cv,random_cv_06,lightgbm,lightgbm_shap
null_random_uniform,0.0038537676312061,0.0050369239221926,null_feature,,random_noise,random_cv,random_cv_06,lightgbm,lightgbm_shap
null_random_binary,0.0005145143712184,0.0006724769090166,null_feature,,random_noise,random_cv,random_cv_06,lightgbm,lightgbm_shap
null_perm_ph,0.0043484553182475,0.005683487099665,null_feature,,permuted_real,random_cv,random_cv_06,lightgbm,lightgbm_shap
null_perm_ce,0.0077720375965719,0.0101581532257826,null_feature,,permuted_real,random_cv,random_cv_06,lightgbm,lightgbm_shap
null_study_random_effect,0.045232630002169,0.0591196299114443,null_feature,,group_aware_random,random_cv,random_cv_06,lightgbm,lightgbm_shap
null_exp_random_effect,0.026415749611033,0.034525724919439,null_feature,,group_aware_random,random_cv,random_cv_06,lightgbm,lightgbm_shap
num__ph,0.0,0.0,solution_chemistry,real,real,random_cv,random_cv_07,elastic_net,elastic_net_coef
num__temp,0.0018943308443463,0.0885839722004796,solution_chemistry,real,real,random_cv,random_cv_07,elastic_net,elastic_net_coef
num__ce,0.0,0.0,solution_chemistry,real,real,random_cv,random_cv_07,elastic_net,elastic_net_coef
num__rpm,0.0,0.0,solution_chemistry,real,real,random_cv,random_cv_07,elastic_net,elastic_net_coef
num__sa,0.0,0.0,surface_area_porosity,real,real,random_cv,random_cv_07,elastic_net,elastic_net_coef
num__fg_complexing,0.0,0.0,surface_functionality,real,real,random_cv,random_cv_07,elastic_net,elastic_net_coef
num__fg_polar,0.0,0.0,surface_functionality,real,real,random_cv,random_cv_07,elastic_net,elastic_net_coef
num__fg_any,0.0,0.0,surface_functionality,real,real,random_cv,random_cv_07,elastic_net,elastic_net_coef
num__ags_aged,0.0,0.0,aging_state,real,real,random_cv,random_cv_07,elastic_net,elastic_net_coef
num__ags_virgin,0.0,0.0,aging_state,real,real,random_cv,random_cv_07,elastic_net,elastic_net_coef
num__ph_missing,0.0,0.0,solution_chemistry,real,real,random_cv,random_cv_07,elastic_net,elastic_net_coef
num__temp_missing,0.0,0.0,solution_chemistry,real,real,random_cv,random_cv_07,elastic_net,elastic_net_coef
num__rpm_missing,0.0,0.0,solution_chemistry,real,real,random_cv,random_cv_07,elastic_net,elastic_net_coef
num__sa_missing,0.0,0.0,surface_area_porosity,real,real,random_cv,random_cv_07,elastic_net,elastic_net_coef
num__metal_cd,0.0,0.0,metal_identity,real,real,random_cv,random_cv_07,elastic_net,elastic_net_coef
num__metal_cr,0.0,0.0,metal_identity,real,real,random_cv,random_cv_07,elastic_net,elastic_net_coef
num__metal_hg,0.0,0.0,metal_identity,real,real,random_cv,random_cv_07,elastic_net,elastic_net_coef
num__ret_other,0.0,0.0,polymer_identity,real,real,random_cv,random_cv_07,elastic_net,elastic_net_coef
num__ret_pa,0.0,0.0,polymer_identity,real,real,random_cv,random_cv_07,elastic_net,elastic_net_coef
num__ret_pe,0.0,0.0,polymer_identity,real,real,random_cv,random_cv_07,elastic_net,elastic_net_coef
num__ret_pet,0.0,0.0,polymer_identity,real,real,random_cv,random_cv_07,elastic_net,elastic_net_coef
num__ret_pla,0.0,0.0,polymer_identity,real,real,random_cv,random_cv_07,elastic_net,elastic_net_coef
num__ret_pp,0.0,0.0,polymer_identity,real,real,random_cv,random_cv_07,elastic_net,elastic_net_coef
num__ret_ps,0.0,0.0,polymer_identity,real,real,random_cv,random_cv_07,elastic_net,elastic_net_coef
num__ret_pvc,0.0,0.0,polymer_identity,real,real,random_cv,random_cv_07,elastic_net,elastic_net_coef
num__ce_log1p,0.0,0.0,solution_chemistry,real,real,random_cv,random_cv_07,elastic_net,elastic_net_coef
num__rpm_log1p,0.0,0.0,solution_chemistry,real,real,random_cv,random_cv_07,elastic_net,elastic_net_coef
num__sa_log1p,0.0,0.0,surface_area_porosity,real,real,random_cv,random_cv_07,elastic_net,elastic_net_coef
num__temp_log1p,0.0,0.0,solution_chemistry,real,real,random_cv,random_cv_07,elastic_net,elastic_net_coef
num__ph_x_temp,0.0,0.0,solution_chemistry,real,real,random_cv,random_cv_07,elastic_net,elastic_net_coef
num__ph_x_ce_log,0.0,0.0,solution_chemistry,real,real,random_cv,random_cv_07,elastic_net,elastic_net_coef
num__temp_x_ce_log,0.0,0.0,solution_chemistry,real,real,random_cv,random_cv_07,elastic_net,elastic_net_coef
num__ce_log_x_rpm_log,0.0,0.0,solution_chemistry,real,real,random_cv,random_cv_07,elastic_net,elastic_net_coef
num__ce_over_rpm,0.0194902469442763,0.9114160277995204,solution_chemistry,real,real,random_cv,random_cv_07,elastic_net,elastic_net_coef
num__ce_over_sa,0.0,0.0,solution_chemistry,real,real,random_cv,random_cv_07,elastic_net,elastic_net_coef
num__cd_x_ph,0.0,0.0,other,real,real,random_cv,random_cv_07,elastic_net,elastic_net_coef
num__cd_x_ce_log,0.0,0.0,other,real,real,random_cv,random_cv_07,elastic_net,elastic_net_coef
num__cd_x_sa_log,0.0,0.0,other,real,real,random_cv,random_cv_07,elastic_net,elastic_net_coef
num__cr_x_ph,0.0,0.0,other,real,real,random_cv,random_cv_07,elastic_net,elastic_net_coef
num__cr_x_ce_log,0.0,0.0,other,real,real,random_cv,random_cv_07,elastic_net,elastic_net_coef
num__cr_x_sa_log,0.0,0.0,other,real,real,random_cv,random_cv_07,elastic_net,elastic_net_coef
num__hg_x_ph,0.0,0.0,other,real,real,random_cv,random_cv_07,elastic_net,elastic_net_coef
num__hg_x_ce_log,0.0,0.0,other,real,real,random_cv,random_cv_07,elastic_net,elastic_net_coef
num__hg_x_sa_log,0.0,0.0,other,real,real,random_cv,random_cv_07,elastic_net,elastic_net_coef
num__aged_x_fg_any,0.0,0.0,other,real,real,random_cv,random_cv_07,elastic_net,elastic_net_coef
num__aged_x_fg_complexing,0.0,0.0,other,real,real,random_cv,random_cv_07,elastic_net,elastic_net_coef
num__ret_ps_x_fg_any,0.0,0.0,polymer_identity,real,real,random_cv,random_cv_07,elastic_net,elastic_net_coef
num__ret_pe_x_fg_any,0.0,0.0,polymer_identity,real,real,random_cv,random_cv_07,elastic_net,elastic_net_coef
num__ret_pa_x_fg_any,0.0,0.0,polymer_identity,real,real,random_cv,random_cv_07,elastic_net,elastic_net_coef
num__null_random_normal,0.0,0.0,null_feature,real,random_noise,random_cv,random_cv_07,elastic_net,elastic_net_coef
num__null_random_uniform,0.0,0.0,null_feature,real,random_noise,random_cv,random_cv_07,elastic_net,elastic_net_coef
num__null_random_binary,0.0,0.0,null_feature,real,random_noise,random_cv,random_cv_07,elastic_net,elastic_net_coef
num__null_perm_ph,0.0,0.0,null_feature,real,permuted_real,random_cv,random_cv_07,elastic_net,elastic_net_coef
num__null_perm_ce,0.0,0.0,null_feature,real,permuted_real,random_cv,random_cv_07,elastic_net,elastic_net_coef
num__null_study_random_effect,0.0,0.0,null_feature,real,group_aware_random,random_cv,random_cv_07,elastic_net,elastic_net_coef
num__null_exp_random_effect,0.0,0.0,null_feature,real,group_aware_random,random_cv,random_cv_07,elastic_net,elastic_net_coef
ph,2.663151629556104e-06,4.701829469934546e-05,solution_chemistry,real,real,random_cv,random_cv_07,elastic_net,elastic_net_permutation
temp,0.0024870499056429,0.0439091954426148,solution_chemistry,real,real,random_cv,random_cv_07,elastic_net,elastic_net_permutation
ce,0.0001437895322679,0.0025386232341499,solution_chemistry,real,real,random_cv,random_cv_07,elastic_net,elastic_net_permutation
rpm,0.0,0.0,solution_chemistry,real,real,random_cv,random_cv_07,elastic_net,elastic_net_permutation
sa,5.879837542235311e-05,0.0010380931047143,surface_area_porosity,real,real,random_cv,random_cv_07,elastic_net,elastic_net_permutation
fg_complexing,0.0,0.0,surface_functionality,real,real,random_cv,random_cv_07,elastic_net,elastic_net_permutation
fg_polar,0.0,0.0,surface_functionality,real,real,random_cv,random_cv_07,elastic_net,elastic_net_permutation
fg_any,0.0,0.0,surface_functionality,real,real,random_cv,random_cv_07,elastic_net,elastic_net_permutation
ags_aged,0.0,0.0,aging_state,real,real,random_cv,random_cv_07,elastic_net,elastic_net_permutation
ags_virgin,0.0,0.0,aging_state,real,real,random_cv,random_cv_07,elastic_net,elastic_net_permutation
ph_missing,4.235490264203889e-06,7.477814151789049e-05,solution_chemistry,real,real,random_cv,random_cv_07,elastic_net,elastic_net_permutation
temp_missing,8.505831484795224e-06,0.000150171581286,solution_chemistry,real,real,random_cv,random_cv_07,elastic_net,elastic_net_permutation
rpm_missing,1.7654616159923364e-05,0.0003116945862934,solution_chemistry,real,real,random_cv,random_cv_07,elastic_net,elastic_net_permutation
sa_missing,0.0,0.0,surface_area_porosity,real,real,random_cv,random_cv_07,elastic_net,elastic_net_permutation
metal_cd,0.0,0.0,metal_identity,real,real,random_cv,random_cv_07,elastic_net,elastic_net_permutation
metal_cr,3.0800956737131457e-06,5.437949701458137e-05,metal_identity,real,real,random_cv,random_cv_07,elastic_net,elastic_net_permutation
metal_hg,0.0,0.0,metal_identity,real,real,random_cv,random_cv_07,elastic_net,elastic_net_permutation
ret_other,0.0,0.0,polymer_identity,real,real,random_cv,random_cv_07,elastic_net,elastic_net_permutation
ret_pa,0.0,0.0,polymer_identity,real,real,random_cv,random_cv_07,elastic_net,elastic_net_permutation
ret_pe,0.0,0.0,polymer_identity,real,real,random_cv,random_cv_07,elastic_net,elastic_net_permutation
ret_pet,6.601545756090843e-06,0.0001165511645624,polymer_identity,real,real,random_cv,random_cv_07,elastic_net,elastic_net_permutation
ret_pla,0.0,0.0,polymer_identity,real,real,random_cv,random_cv_07,elastic_net,elastic_net_permutation
ret_pp,0.0,0.0,polymer_identity,real,real,random_cv,random_cv_07,elastic_net,elastic_net_permutation
ret_ps,1.2176054231538558e-07,2.1496984992518675e-06,polymer_identity,real,real,random_cv,random_cv_07,elastic_net,elastic_net_permutation
ret_pvc,2.900894946700205e-07,5.121568444772584e-06,polymer_identity,real,real,random_cv,random_cv_07,elastic_net,elastic_net_permutation
ce_log1p,3.5581698466424784e-05,0.0006281995984871,solution_chemistry,real,real,random_cv,random_cv_07,elastic_net,elastic_net_permutation
rpm_log1p,4.02860301913055e-05,0.0007112551980817,solution_chemistry,real,real,random_cv,random_cv_07,elastic_net,elastic_net_permutation
sa_log1p,1.4284474569903338e-05,0.0002521942902158,surface_area_porosity,real,real,random_cv,random_cv_07,elastic_net,elastic_net_permutation
temp_log1p,9.338621104126865e-06,0.0001648745923012,solution_chemistry,real,real,random_cv,random_cv_07,elastic_net,elastic_net_permutation
ph_x_temp,2.759212484604312e-05,0.000487142618165,solution_chemistry,real,real,random_cv,random_cv_07,elastic_net,elastic_net_permutation
ph_x_ce_log,0.0001206294924525,0.0021297296641384,solution_chemistry,real,real,random_cv,random_cv_07,elastic_net,elastic_net_permutation
temp_x_ce_log,0.0006294320898172,0.0111127069010277,solution_chemistry,real,real,random_cv,random_cv_07,elastic_net,elastic_net_permutation
ce_log_x_rpm_log,0.0,0.0,solution_chemistry,real,real,random_cv,random_cv_07,elastic_net,elastic_net_permutation
ce_over_rpm,0.0527740331452347,0.931732544011872,solution_chemistry,real,real,random_cv,random_cv_07,elastic_net,elastic_net_permutation
ce_over_sa,0.0001262256484325,0.0022285305390619,solution_chemistry,real,real,random_cv,random_cv_07,elastic_net,elastic_net_permutation
cd_x_ph,0.0,0.0,other,real,real,random_cv,random_cv_07,elastic_net,elastic_net_permutation
cd_x_ce_log,3.113132981189537e-05,0.0005496277505318,other,real,real,random_cv,random_cv_07,elastic_net,elastic_net_permutation
cd_x_sa_log,1.2754385677427036e-05,0.0002251803681904,other,real,real,random_cv,random_cv_07,elastic_net,elastic_net_permutation
cr_x_ph,0.0,0.0,other,real,real,random_cv,random_cv_07,elastic_net,elastic_net_permutation
cr_x_ce_log,0.0,0.0,other,real,real,random_cv,random_cv_07,elastic_net,elastic_net_permutation
cr_x_sa_log,9.067320531386258e-06,0.0001600847447613,other,real,real,random_cv,random_cv_07,elastic_net,elastic_net_permutation
hg_x_ph,0.0,0.0,other,real,real,random_cv,random_cv_07,elastic_net,elastic_net_permutation
hg_x_ce_log,1.7865820506113295e-05,0.000315423426995,other,real,real,random_cv,random_cv_07,elastic_net,elastic_net_permutation
hg_x_sa_log,9.10758657757249e-06,0.0001607956471391,other,real,real,random_cv,random_cv_07,elastic_net,elastic_net_permutation
aged_x_fg_any,0.0,0.0,other,real,real,random_cv,random_cv_07,elastic_net,elastic_net_permutation
aged_x_fg_complexing,0.0,0.0,other,real,real,random_cv,random_cv_07,elastic_net,elastic_net_permutation
ret_ps_x_fg_any,1.1156840612702724e-06,1.9697549851080734e-05,polymer_identity,real,real,random_cv,random_cv_07,elastic_net,elastic_net_permutation
ret_pe_x_fg_any,0.0,0.0,polymer_identity,real,real,random_cv,random_cv_07,elastic_net,elastic_net_permutation
ret_pa_x_fg_any,0.0,0.0,polymer_identity,real,real,random_cv,random_cv_07,elastic_net,elastic_net_permutation
null_random_normal,0.0,0.0,null_feature,,random_noise,random_cv,random_cv_07,elastic_net,elastic_net_permutation
null_random_uniform,7.665971767556457e-06,0.0001353437467561,null_feature,,random_noise,random_cv,random_cv_07,elastic_net,elastic_net_permutation
null_random_binary,6.658574955098473e-06,0.0001175580226232,null_feature,,random_noise,random_cv,random_cv_07,elastic_net,elastic_net_permutation
null_perm_ph,6.416261328423545e-06,0.0001132799434548,null_feature,,permuted_real,random_cv,random_cv_07,elastic_net,elastic_net_permutation
null_perm_ce,0.0,0.0,null_feature,,permuted_real,random_cv,random_cv_07,elastic_net,elastic_net_permutation
null_study_random_effect,2.8776622015214137e-05,0.0005080550725489,null_feature,,group_aware_random,random_cv,random_cv_07,elastic_net,elastic_net_permutation
null_exp_random_effect,0.0,0.0,null_feature,,group_aware_random,random_cv,random_cv_07,elastic_net,elastic_net_permutation
ph,0.0004917477680602,0.0001151096984507,solution_chemistry,real,real,random_cv,random_cv_07,lightgbm,lightgbm_permutation
temp,0.0,0.0,solution_chemistry,real,real,random_cv,random_cv_07,lightgbm,lightgbm_permutation
ce,0.1989502950926106,0.0465708437582316,solution_chemistry,real,real,random_cv,random_cv_07,lightgbm,lightgbm_permutation
rpm,0.1269056099297702,0.0297064215427842,solution_chemistry,real,real,random_cv,random_cv_07,lightgbm,lightgbm_permutation
sa,0.0944309123913722,0.0221046531490628,surface_area_porosity,real,real,random_cv,random_cv_07,lightgbm,lightgbm_permutation
fg_complexing,0.0005628512928118,0.0001317538111941,surface_functionality,real,real,random_cv,random_cv_07,lightgbm,lightgbm_permutation
fg_polar,0.0035401554083217,0.0008286895192794,surface_functionality,real,real,random_cv,random_cv_07,lightgbm,lightgbm_permutation
fg_any,0.0013027740654723,0.0003049570116352,surface_functionality,real,real,random_cv,random_cv_07,lightgbm,lightgbm_permutation
ags_aged,0.1095427741002742,0.0256420801743088,aging_state,real,real,random_cv,random_cv_07,lightgbm,lightgbm_permutation
ags_virgin,0.0032896647412825,0.0007700539605227,aging_state,real,real,random_cv,random_cv_07,lightgbm,lightgbm_permutation
ph_missing,0.0014763436803524,0.0003455866744964,solution_chemistry,real,real,random_cv,random_cv_07,lightgbm,lightgbm_permutation
temp_missing,0.0111760659724125,0.0026161249069303,solution_chemistry,real,real,random_cv,random_cv_07,lightgbm,lightgbm_permutation
rpm_missing,0.710548414607201,0.1663271682202203,solution_chemistry,real,real,random_cv,random_cv_07,lightgbm,lightgbm_permutation
sa_missing,0.0074465725875015,0.0017431146224006,surface_area_porosity,real,real,random_cv,random_cv_07,lightgbm,lightgbm_permutation
metal_cd,0.0,0.0,metal_identity,real,real,random_cv,random_cv_07,lightgbm,lightgbm_permutation
metal_cr,0.0150990360565181,0.0035344247605196,metal_identity,real,real,random_cv,random_cv_07,lightgbm,lightgbm_permutation
metal_hg,0.0029991008544972,0.000702037949956,metal_identity,real,real,random_cv,random_cv_07,lightgbm,lightgbm_permutation
ret_other,0.2434186096524512,0.056980111704249,polymer_identity,real,real,random_cv,random_cv_07,lightgbm,lightgbm_permutation
ret_pa,0.0066381311441881,0.0015538723791222,polymer_identity,real,real,random_cv,random_cv_07,lightgbm,lightgbm_permutation
ret_pe,0.0354593527683337,0.0083004248713146,polymer_identity,real,real,random_cv,random_cv_07,lightgbm,lightgbm_permutation
ret_pet,0.0,0.0,polymer_identity,real,real,random_cv,random_cv_07,lightgbm,lightgbm_permutation
ret_pla,0.1057916315863329,0.0247640022008617,polymer_identity,real,real,random_cv,random_cv_07,lightgbm,lightgbm_permutation
ret_pp,0.1154773129712171,0.0270312536983148,polymer_identity,real,real,random_cv,random_cv_07,lightgbm,lightgbm_permutation
ret_ps,0.0,0.0,polymer_identity,real,real,random_cv,random_cv_07,lightgbm,lightgbm_permutation
ret_pvc,0.0010893947036723,0.0002550085714231,polymer_identity,real,real,random_cv,random_cv_07,lightgbm,lightgbm_permutation
ce_log1p,0.0013452948062254,0.0003149103860354,solution_chemistry,real,real,random_cv,random_cv_07,lightgbm,lightgbm_permutation
rpm_log1p,0.001386307846273,0.0003245108336207,solution_chemistry,real,real,random_cv,random_cv_07,lightgbm,lightgbm_permutation
sa_log1p,0.0,0.0,surface_area_porosity,real,real,random_cv,random_cv_07,lightgbm,lightgbm_permutation
temp_log1p,0.002457156554403,0.0005751781063272,solution_chemistry,real,real,random_cv,random_cv_07,lightgbm,lightgbm_permutation
ph_x_temp,0.0025329557312175,0.0005929213904917,solution_chemistry,real,real,random_cv,random_cv_07,lightgbm,lightgbm_permutation
ph_x_ce_log,0.0517344386106155,0.012110142668214,solution_chemistry,real,real,random_cv,random_cv_07,lightgbm,lightgbm_permutation
temp_x_ce_log,0.1384501369417428,0.0324087968445499,solution_chemistry,real,real,random_cv,random_cv_07,lightgbm,lightgbm_permutation
ce_log_x_rpm_log,0.0790552856266239,0.0185054832588515,solution_chemistry,real,real,random_cv,random_cv_07,lightgbm,lightgbm_permutation
ce_over_rpm,0.0392371886241565,0.0091847512971883,solution_chemistry,real,real,random_cv,random_cv_07,lightgbm,lightgbm_permutation
ce_over_sa,0.0458732937700522,0.010738149424941,solution_chemistry,real,real,random_cv,random_cv_07,lightgbm,lightgbm_permutation
cd_x_ph,0.0009571524347693,0.0002240529297617,other,real,real,random_cv,random_cv_07,lightgbm,lightgbm_permutation
cd_x_ce_log,0.0,0.0,other,real,real,random_cv,random_cv_07,lightgbm,lightgbm_permutation
cd_x_sa_log,0.0378679169474635,0.008864228337983,other,real,real,random_cv,random_cv_07,lightgbm,lightgbm_permutation
cr_x_ph,2.4200750424385743e-05,5.664979618760495e-06,other,real,real,random_cv,random_cv_07,lightgbm,lightgbm_permutation
cr_x_ce_log,0.0865211412049671,0.020253111697898,other,real,real,random_cv,random_cv_07,lightgbm,lightgbm_permutation
cr_x_sa_log,0.0,0.0,other,real,real,random_cv,random_cv_07,lightgbm,lightgbm_permutation
hg_x_ph,0.0,0.0,other,real,real,random_cv,random_cv_07,lightgbm,lightgbm_permutation
hg_x_ce_log,0.8566718414735719,0.2005321503181026,other,real,real,random_cv,random_cv_07,lightgbm,lightgbm_permutation
hg_x_sa_log,0.0001744921895674,4.084562173478237e-05,other,real,real,random_cv,random_cv_07,lightgbm,lightgbm_permutation
aged_x_fg_any,0.0,0.0,other,real,real,random_cv,random_cv_07,lightgbm,lightgbm_permutation
aged_x_fg_complexing,0.615436125837936,0.1440630165752109,other,real,real,random_cv,random_cv_07,lightgbm,lightgbm_permutation
ret_ps_x_fg_any,0.0,0.0,polymer_identity,real,real,random_cv,random_cv_07,lightgbm,lightgbm_permutation
ret_pe_x_fg_any,0.0317578888551576,0.0074339758042397,polymer_identity,real,real,random_cv,random_cv_07,lightgbm,lightgbm_permutation
ret_pa_x_fg_any,0.0011947743515275,0.0002796761353152,polymer_identity,real,real,random_cv,random_cv_07,lightgbm,lightgbm_permutation
null_random_normal,0.0305572362861967,0.0071529236792807,null_feature,,random_noise,random_cv,random_cv_07,lightgbm,lightgbm_permutation
null_random_uniform,0.0,0.0,null_feature,,random_noise,random_cv,random_cv_07,lightgbm,lightgbm_permutation
null_random_binary,0.0004742269018406,0.0001110083648847,null_feature,,random_noise,random_cv,random_cv_07,lightgbm,lightgbm_permutation
null_perm_ph,0.0,0.0,null_feature,,permuted_real,random_cv,random_cv_07,lightgbm,lightgbm_permutation
null_perm_ce,0.0774926413292778,0.0181396950935838,null_feature,,permuted_real,random_cv,random_cv_07,lightgbm,lightgbm_permutation
null_study_random_effect,0.2658298331221329,0.0622261938281861,null_feature,,group_aware_random,random_cv,random_cv_07,lightgbm,lightgbm_permutation
null_exp_random_effect,0.1093242149672387,0.0255909192387003,null_feature,,group_aware_random,random_cv,random_cv_07,lightgbm,lightgbm_permutation
num__ph,69.0,0.0046194014862422,solution_chemistry,real,real,random_cv,random_cv_07,lightgbm,lightgbm_builtin_gain
num__temp,92.0,0.0061592019816562,solution_chemistry,real,real,random_cv,random_cv_07,lightgbm,lightgbm_builtin_gain
num__ce,635.0,0.0425118832429537,solution_chemistry,real,real,random_cv,random_cv_07,lightgbm,lightgbm_builtin_gain
num__rpm,362.0,0.0242351208408649,solution_chemistry,real,real,random_cv,random_cv_07,lightgbm,lightgbm_builtin_gain
num__sa,735.0,0.0492066680056236,surface_area_porosity,real,real,random_cv,random_cv_07,lightgbm,lightgbm_builtin_gain
num__fg_complexing,8.0,0.0005355827810135,surface_functionality,real,real,random_cv,random_cv_07,lightgbm,lightgbm_builtin_gain
num__fg_polar,16.0,0.0010711655620271,surface_functionality,real,real,random_cv,random_cv_07,lightgbm,lightgbm_builtin_gain
num__fg_any,11.0,0.0007364263238936,surface_functionality,real,real,random_cv,random_cv_07,lightgbm,lightgbm_builtin_gain
num__ags_aged,92.0,0.0061592019816562,aging_state,real,real,random_cv,random_cv_07,lightgbm,lightgbm_builtin_gain
num__ags_virgin,7.0,0.0004686349333868,aging_state,real,real,random_cv,random_cv_07,lightgbm,lightgbm_builtin_gain
num__ph_missing,48.0,0.0032134966860815,solution_chemistry,real,real,random_cv,random_cv_07,lightgbm,lightgbm_builtin_gain
num__temp_missing,72.0,0.0048202450291223,solution_chemistry,real,real,random_cv,random_cv_07,lightgbm,lightgbm_builtin_gain
num__rpm_missing,172.0,0.0115150297917921,solution_chemistry,real,real,random_cv,random_cv_07,lightgbm,lightgbm_builtin_gain
num__sa_missing,53.0,0.003548235924215,surface_area_porosity,real,real,random_cv,random_cv_07,lightgbm,lightgbm_builtin_gain
num__metal_cd,16.0,0.0010711655620271,metal_identity,real,real,random_cv,random_cv_07,lightgbm,lightgbm_builtin_gain
num__metal_cr,17.0,0.0011381134096538,metal_identity,real,real,random_cv,random_cv_07,lightgbm,lightgbm_builtin_gain
num__metal_hg,15.0,0.0010042177144004,metal_identity,real,real,random_cv,random_cv_07,lightgbm,lightgbm_builtin_gain
num__ret_other,129.0,0.0086362723438441,polymer_identity,real,real,random_cv,random_cv_07,lightgbm,lightgbm_builtin_gain
num__ret_pa,67.0,0.0044855057909888,polymer_identity,real,real,random_cv,random_cv_07,lightgbm,lightgbm_builtin_gain
num__ret_pe,20.0,0.0013389569525339,polymer_identity,real,real,random_cv,random_cv_07,lightgbm,lightgbm_builtin_gain
num__ret_pet,8.0,0.0005355827810135,polymer_identity,real,real,random_cv,random_cv_07,lightgbm,lightgbm_builtin_gain
num__ret_pla,135.0,0.0090379594296043,polymer_identity,real,real,random_cv,random_cv_07,lightgbm,lightgbm_builtin_gain
num__ret_pp,108.0,0.0072303675436834,polymer_identity,real,real,random_cv,random_cv_07,lightgbm,lightgbm_builtin_gain
num__ret_ps,89.0,0.0059583584387761,polymer_identity,real,real,random_cv,random_cv_07,lightgbm,lightgbm_builtin_gain
num__ret_pvc,14.0,0.0009372698667737,polymer_identity,real,real,random_cv,random_cv_07,lightgbm,lightgbm_builtin_gain
num__ce_log1p,71.0,0.0047532971814956,solution_chemistry,real,real,random_cv,random_cv_07,lightgbm,lightgbm_builtin_gain
num__rpm_log1p,66.0,0.0044185579433621,solution_chemistry,real,real,random_cv,random_cv_07,lightgbm,lightgbm_builtin_gain
num__sa_log1p,309.0,0.0206868849166499,surface_area_porosity,real,real,random_cv,random_cv_07,lightgbm,lightgbm_builtin_gain
num__temp_log1p,41.0,0.0027448617526946,solution_chemistry,real,real,random_cv,random_cv_07,lightgbm,lightgbm_builtin_gain
num__ph_x_temp,85.0,0.0056905670482693,solution_chemistry,real,real,random_cv,random_cv_07,lightgbm,lightgbm_builtin_gain
num__ph_x_ce_log,814.0,0.0544955479681328,solution_chemistry,real,real,random_cv,random_cv_07,lightgbm,lightgbm_builtin_gain
num__temp_x_ce_log,630.0,0.0421771440048202,solution_chemistry,real,real,random_cv,random_cv_07,lightgbm,lightgbm_builtin_gain
num__ce_log_x_rpm_log,552.0,0.0369552118899377,solution_chemistry,real,real,random_cv,random_cv_07,lightgbm,lightgbm_builtin_gain
num__ce_over_rpm,699.0,0.0467965454910624,solution_chemistry,real,real,random_cv,random_cv_07,lightgbm,lightgbm_builtin_gain
num__ce_over_sa,693.0,0.0463948584053022,solution_chemistry,real,real,random_cv,random_cv_07,lightgbm,lightgbm_builtin_gain
num__cd_x_ph,185.0,0.0123853518109392,other,real,real,random_cv,random_cv_07,lightgbm,lightgbm_builtin_gain
num__cd_x_ce_log,326.0,0.0218249983263038,other,real,real,random_cv,random_cv_07,lightgbm,lightgbm_builtin_gain
num__cd_x_sa_log,284.0,0.0190131887259824,other,real,real,random_cv,random_cv_07,lightgbm,lightgbm_builtin_gain
num__cr_x_ph,0.0,0.0,other,real,real,random_cv,random_cv_07,lightgbm,lightgbm_builtin_gain
num__cr_x_ce_log,312.0,0.02088772845953,other,real,real,random_cv,random_cv_07,lightgbm,lightgbm_builtin_gain
num__cr_x_sa_log,472.0,0.0315993840798018,other,real,real,random_cv,random_cv_07,lightgbm,lightgbm_builtin_gain
num__hg_x_ph,152.0,0.0101760728392582,other,real,real,random_cv,random_cv_07,lightgbm,lightgbm_builtin_gain
num__hg_x_ce_log,696.0,0.0465957019481823,other,real,real,random_cv,random_cv_07,lightgbm,lightgbm_builtin_gain
num__hg_x_sa_log,23.0,0.001539800495414,other,real,real,random_cv,random_cv_07,lightgbm,lightgbm_builtin_gain
num__aged_x_fg_any,0.0,0.0,other,real,real,random_cv,random_cv_07,lightgbm,lightgbm_builtin_gain
num__aged_x_fg_complexing,123.0,0.0082345852580839,other,real,real,random_cv,random_cv_07,lightgbm,lightgbm_builtin_gain
num__ret_ps_x_fg_any,22.0,0.0014728526477873,polymer_identity,real,real,random_cv,random_cv_07,lightgbm,lightgbm_builtin_gain
num__ret_pe_x_fg_any,11.0,0.0007364263238936,polymer_identity,real,real,random_cv,random_cv_07,lightgbm,lightgbm_builtin_gain
num__ret_pa_x_fg_any,7.0,0.0004686349333868,polymer_identity,real,real,random_cv,random_cv_07,lightgbm,lightgbm_builtin_gain
num__null_random_normal,919.0,0.0615250719689361,null_feature,real,random_noise,random_cv,random_cv_07,lightgbm,lightgbm_builtin_gain
num__null_random_uniform,1003.0,0.0671486911695789,null_feature,real,random_noise,random_cv,random_cv_07,lightgbm,lightgbm_builtin_gain
num__null_random_binary,127.0,0.0085023766485907,null_feature,real,random_noise,random_cv,random_cv_07,lightgbm,lightgbm_builtin_gain
num__null_perm_ph,824.0,0.0551650264443998,null_feature,real,permuted_real,random_cv,random_cv_07,lightgbm,lightgbm_builtin_gain
num__null_perm_ce,885.0,0.0592488451496284,null_feature,real,permuted_real,random_cv,random_cv_07,lightgbm,lightgbm_builtin_gain
num__null_study_random_effect,517.0,0.0346120372230032,null_feature,real,group_aware_random,random_cv,random_cv_07,lightgbm,lightgbm_builtin_gain
num__null_exp_random_effect,1099.0,0.0735756845417419,null_feature,real,group_aware_random,random_cv,random_cv_07,lightgbm,lightgbm_builtin_gain
ph,0.0009329439198902,0.00117482473803,solution_chemistry,real,real,random_cv,random_cv_07,lightgbm,lightgbm_shap
temp,0.0024888250395989,0.0031340932319847,solution_chemistry,real,real,random_cv,random_cv_07,lightgbm,lightgbm_shap
ce,0.023246731065905,0.0292738225227608,solution_chemistry,real,real,random_cv,random_cv_07,lightgbm,lightgbm_shap
rpm,0.0311550718647671,0.0392325287313485,solution_chemistry,real,real,random_cv,random_cv_07,lightgbm,lightgbm_shap
sa,0.0392137174854687,0.0493805087206828,surface_area_porosity,real,real,random_cv,random_cv_07,lightgbm,lightgbm_shap
fg_complexing,0.0001042035274703,0.0001312199793065,surface_functionality,real,real,random_cv,random_cv_07,lightgbm,lightgbm_shap
fg_polar,0.0040226175715653,0.0050655463141504,surface_functionality,real,real,random_cv,random_cv_07,lightgbm,lightgbm_shap
fg_any,0.000988610351385,0.0012449235932813,surface_functionality,real,real,random_cv,random_cv_07,lightgbm,lightgbm_shap
ags_aged,0.0201585961136672,0.0253850385788225,aging_state,real,real,random_cv,random_cv_07,lightgbm,lightgbm_shap
ags_virgin,0.0023274534676338,0.0029308834669414,aging_state,real,real,random_cv,random_cv_07,lightgbm,lightgbm_shap
ph_missing,0.0054178112354687,0.0068224665274139,solution_chemistry,real,real,random_cv,random_cv_07,lightgbm,lightgbm_shap
temp_missing,0.0049884888594412,0.0062818353735004,solution_chemistry,real,real,random_cv,random_cv_07,lightgbm,lightgbm_shap
rpm_missing,0.0767992954818495,0.0967107564257099,solution_chemistry,real,real,random_cv,random_cv_07,lightgbm,lightgbm_shap
sa_missing,0.0031168313407885,0.0039249203358937,surface_area_porosity,real,real,random_cv,random_cv_07,lightgbm,lightgbm_shap
metal_cd,0.0003385371825266,0.0004263084289375,metal_identity,real,real,random_cv,random_cv_07,lightgbm,lightgbm_shap
metal_cr,0.0002345081372224,0.0002953081691241,metal_identity,real,real,random_cv,random_cv_07,lightgbm,lightgbm_shap
metal_hg,0.0011261643745318,0.0014181407243039,metal_identity,real,real,random_cv,random_cv_07,lightgbm,lightgbm_shap
ret_other,0.0790512489862776,0.0995465653414341,polymer_identity,real,real,random_cv,random_cv_07,lightgbm,lightgbm_shap
ret_pa,0.015352336367481,0.0193326781669751,polymer_identity,real,real,random_cv,random_cv_07,lightgbm,lightgbm_shap
ret_pe,0.0041140352505605,0.0051806655067268,polymer_identity,real,real,random_cv,random_cv_07,lightgbm,lightgbm_shap
ret_pet,0.000210396967025,0.0002649457876274,polymer_identity,real,real,random_cv,random_cv_07,lightgbm,lightgbm_shap
ret_pla,0.0089884955820163,0.0113189086099285,polymer_identity,real,real,random_cv,random_cv_07,lightgbm,lightgbm_shap
ret_pp,0.0288829581785398,0.0363713327802452,polymer_identity,real,real,random_cv,random_cv_07,lightgbm,lightgbm_shap
ret_ps,0.0032686517154821,0.0041161026011128,polymer_identity,real,real,random_cv,random_cv_07,lightgbm,lightgbm_shap
ret_pvc,0.0002844655361136,0.0003582178326244,polymer_identity,real,real,random_cv,random_cv_07,lightgbm,lightgbm_shap
ce_log1p,0.0020311553171069,0.0025577652230148,solution_chemistry,real,real,random_cv,random_cv_07,lightgbm,lightgbm_shap
rpm_log1p,0.0029512789163995,0.0037164457647363,solution_chemistry,real,real,random_cv,random_cv_07,lightgbm,lightgbm_shap
sa_log1p,0.0066420455539252,0.008364103416625,surface_area_porosity,real,real,random_cv,random_cv_07,lightgbm,lightgbm_shap
temp_log1p,0.0016468704802298,0.002073848319557,solution_chemistry,real,real,random_cv,random_cv_07,lightgbm,lightgbm_shap
ph_x_temp,0.0027243298845607,0.003430656521469,solution_chemistry,real,real,random_cv,random_cv_07,lightgbm,lightgbm_shap
ph_x_ce_log,0.032763476307357,0.0412579380701373,solution_chemistry,real,real,random_cv,random_cv_07,lightgbm,lightgbm_shap
temp_x_ce_log,0.0380587660661472,0.0479261174440867,solution_chemistry,real,real,random_cv,random_cv_07,lightgbm,lightgbm_shap
ce_log_x_rpm_log,0.0205518788783534,0.0258802862685747,solution_chemistry,real,real,random_cv,random_cv_07,lightgbm,lightgbm_shap
ce_over_rpm,0.0138799362711408,0.0174785345034828,solution_chemistry,real,real,random_cv,random_cv_07,lightgbm,lightgbm_shap
ce_over_sa,0.0142784487416655,0.0179803677849955,solution_chemistry,real,real,random_cv,random_cv_07,lightgbm,lightgbm_shap
cd_x_ph,0.0077765340890894,0.0097927264749961,other,real,real,random_cv,random_cv_07,lightgbm,lightgbm_shap
cd_x_ce_log,0.0062208765515503,0.0078337395305088,other,real,real,random_cv,random_cv_07,lightgbm,lightgbm_shap
cd_x_sa_log,0.012278261549129,0.0154615996743044,other,real,real,random_cv,random_cv_07,lightgbm,lightgbm_shap
cr_x_ph,0.0,0.0,other,real,real,random_cv,random_cv_07,lightgbm,lightgbm_shap
cr_x_ce_log,0.0582000560953635,0.0732893630558315,other,real,real,random_cv,random_cv_07,lightgbm,lightgbm_shap
cr_x_sa_log,0.0076998419587138,0.0096961506679657,other,real,real,random_cv,random_cv_07,lightgbm,lightgbm_shap
hg_x_ph,0.0092637573501499,0.01166553644869,other,real,real,random_cv,random_cv_07,lightgbm,lightgbm_shap
hg_x_ce_log,0.0611167664311765,0.0769622777757045,other,real,real,random_cv,random_cv_07,lightgbm,lightgbm_shap
hg_x_sa_log,0.0006609292316875,0.0008322858372506,other,real,real,random_cv,random_cv_07,lightgbm,lightgbm_shap
aged_x_fg_any,0.0,0.0,other,real,real,random_cv,random_cv_07,lightgbm,lightgbm_shap
aged_x_fg_complexing,0.0431111932065773,0.0542884681332575,other,real,real,random_cv,random_cv_07,lightgbm,lightgbm_shap
ret_ps_x_fg_any,0.0005661242635179,0.0007129011459318,polymer_identity,real,real,random_cv,random_cv_07,lightgbm,lightgbm_shap
ret_pe_x_fg_any,0.0023959700041024,0.0030171640249593,polymer_identity,real,real,random_cv,random_cv_07,lightgbm,lightgbm_shap
ret_pa_x_fg_any,0.0018429889418764,0.0023208136680786,polymer_identity,real,real,random_cv,random_cv_07,lightgbm,lightgbm_shap
null_random_normal,0.0053771294855394,0.0067712373750669,null_feature,,random_noise,random_cv,random_cv_07,lightgbm,lightgbm_shap
null_random_uniform,0.0048825767885312,0.0061484638832014,null_feature,,random_noise,random_cv,random_cv_07,lightgbm,lightgbm_shap
null_random_binary,0.0013501256356176,0.0017001675688702,null_feature,,random_noise,random_cv,random_cv_07,lightgbm,lightgbm_shap
null_perm_ph,0.0053868839194251,0.0067835208038884,null_feature,,permuted_real,random_cv,random_cv_07,lightgbm,lightgbm_shap
null_perm_ce,0.0098229783929098,0.0123697446021003,null_feature,,permuted_real,random_cv,random_cv_07,lightgbm,lightgbm_shap
null_study_random_effect,0.0455569299313208,0.0573683017070431,null_feature,,group_aware_random,random_cv,random_cv_07,lightgbm,lightgbm_shap
null_exp_random_effect,0.0182621688325978,0.0229969318168024,null_feature,,group_aware_random,random_cv,random_cv_07,lightgbm,lightgbm_shap
num__ph,0.0013424234499891,0.0621657828691279,solution_chemistry,real,real,random_cv,random_cv_08,elastic_net,elastic_net_coef
num__temp,0.0,0.0,solution_chemistry,real,real,random_cv,random_cv_08,elastic_net,elastic_net_coef
num__ce,0.0,0.0,solution_chemistry,real,real,random_cv,random_cv_08,elastic_net,elastic_net_coef
num__rpm,0.0,0.0,solution_chemistry,real,real,random_cv,random_cv_08,elastic_net,elastic_net_coef
num__sa,0.0,0.0,surface_area_porosity,real,real,random_cv,random_cv_08,elastic_net,elastic_net_coef
num__fg_complexing,0.0,0.0,surface_functionality,real,real,random_cv,random_cv_08,elastic_net,elastic_net_coef
num__fg_polar,0.0,0.0,surface_functionality,real,real,random_cv,random_cv_08,elastic_net,elastic_net_coef
num__fg_any,0.0,0.0,surface_functionality,real,real,random_cv,random_cv_08,elastic_net,elastic_net_coef
num__ags_aged,0.0,0.0,aging_state,real,real,random_cv,random_cv_08,elastic_net,elastic_net_coef
num__ags_virgin,0.0,0.0,aging_state,real,real,random_cv,random_cv_08,elastic_net,elastic_net_coef
num__ph_missing,0.0,0.0,solution_chemistry,real,real,random_cv,random_cv_08,elastic_net,elastic_net_coef
num__temp_missing,0.0,0.0,solution_chemistry,real,real,random_cv,random_cv_08,elastic_net,elastic_net_coef
num__rpm_missing,0.0,0.0,solution_chemistry,real,real,random_cv,random_cv_08,elastic_net,elastic_net_coef
num__sa_missing,0.0,0.0,surface_area_porosity,real,real,random_cv,random_cv_08,elastic_net,elastic_net_coef
num__metal_cd,0.0,0.0,metal_identity,real,real,random_cv,random_cv_08,elastic_net,elastic_net_coef
num__metal_cr,0.0,0.0,metal_identity,real,real,random_cv,random_cv_08,elastic_net,elastic_net_coef
num__metal_hg,0.0,0.0,metal_identity,real,real,random_cv,random_cv_08,elastic_net,elastic_net_coef
num__ret_other,0.0,0.0,polymer_identity,real,real,random_cv,random_cv_08,elastic_net,elastic_net_coef
num__ret_pa,0.0,0.0,polymer_identity,real,real,random_cv,random_cv_08,elastic_net,elastic_net_coef
num__ret_pe,0.0,0.0,polymer_identity,real,real,random_cv,random_cv_08,elastic_net,elastic_net_coef
num__ret_pet,0.0,0.0,polymer_identity,real,real,random_cv,random_cv_08,elastic_net,elastic_net_coef
num__ret_pla,0.0,0.0,polymer_identity,real,real,random_cv,random_cv_08,elastic_net,elastic_net_coef
num__ret_pp,0.0,0.0,polymer_identity,real,real,random_cv,random_cv_08,elastic_net,elastic_net_coef
num__ret_ps,0.0,0.0,polymer_identity,real,real,random_cv,random_cv_08,elastic_net,elastic_net_coef
num__ret_pvc,0.0,0.0,polymer_identity,real,real,random_cv,random_cv_08,elastic_net,elastic_net_coef
num__ce_log1p,0.0,0.0,solution_chemistry,real,real,random_cv,random_cv_08,elastic_net,elastic_net_coef
num__rpm_log1p,0.0,0.0,solution_chemistry,real,real,random_cv,random_cv_08,elastic_net,elastic_net_coef
num__sa_log1p,0.0,0.0,surface_area_porosity,real,real,random_cv,random_cv_08,elastic_net,elastic_net_coef
num__temp_log1p,0.0,0.0,solution_chemistry,real,real,random_cv,random_cv_08,elastic_net,elastic_net_coef
num__ph_x_temp,0.0,0.0,solution_chemistry,real,real,random_cv,random_cv_08,elastic_net,elastic_net_coef
num__ph_x_ce_log,0.0,0.0,solution_chemistry,real,real,random_cv,random_cv_08,elastic_net,elastic_net_coef
num__temp_x_ce_log,0.0,0.0,solution_chemistry,real,real,random_cv,random_cv_08,elastic_net,elastic_net_coef
num__ce_log_x_rpm_log,0.0,0.0,solution_chemistry,real,real,random_cv,random_cv_08,elastic_net,elastic_net_coef
num__ce_over_rpm,0.0202518264417109,0.937834217130872,solution_chemistry,real,real,random_cv,random_cv_08,elastic_net,elastic_net_coef
num__ce_over_sa,0.0,0.0,solution_chemistry,real,real,random_cv,random_cv_08,elastic_net,elastic_net_coef
num__cd_x_ph,0.0,0.0,other,real,real,random_cv,random_cv_08,elastic_net,elastic_net_coef
num__cd_x_ce_log,0.0,0.0,other,real,real,random_cv,random_cv_08,elastic_net,elastic_net_coef
num__cd_x_sa_log,0.0,0.0,other,real,real,random_cv,random_cv_08,elastic_net,elastic_net_coef
num__cr_x_ph,0.0,0.0,other,real,real,random_cv,random_cv_08,elastic_net,elastic_net_coef
num__cr_x_ce_log,0.0,0.0,other,real,real,random_cv,random_cv_08,elastic_net,elastic_net_coef
num__cr_x_sa_log,0.0,0.0,other,real,real,random_cv,random_cv_08,elastic_net,elastic_net_coef
num__hg_x_ph,0.0,0.0,other,real,real,random_cv,random_cv_08,elastic_net,elastic_net_coef
num__hg_x_ce_log,0.0,0.0,other,real,real,random_cv,random_cv_08,elastic_net,elastic_net_coef
num__hg_x_sa_log,0.0,0.0,other,real,real,random_cv,random_cv_08,elastic_net,elastic_net_coef
num__aged_x_fg_any,0.0,0.0,other,real,real,random_cv,random_cv_08,elastic_net,elastic_net_coef
num__aged_x_fg_complexing,0.0,0.0,other,real,real,random_cv,random_cv_08,elastic_net,elastic_net_coef
num__ret_ps_x_fg_any,0.0,0.0,polymer_identity,real,real,random_cv,random_cv_08,elastic_net,elastic_net_coef
num__ret_pe_x_fg_any,0.0,0.0,polymer_identity,real,real,random_cv,random_cv_08,elastic_net,elastic_net_coef
num__ret_pa_x_fg_any,0.0,0.0,polymer_identity,real,real,random_cv,random_cv_08,elastic_net,elastic_net_coef
num__null_random_normal,0.0,0.0,null_feature,real,random_noise,random_cv,random_cv_08,elastic_net,elastic_net_coef
num__null_random_uniform,0.0,0.0,null_feature,real,random_noise,random_cv,random_cv_08,elastic_net,elastic_net_coef
num__null_random_binary,0.0,0.0,null_feature,real,random_noise,random_cv,random_cv_08,elastic_net,elastic_net_coef
num__null_perm_ph,0.0,0.0,null_feature,real,permuted_real,random_cv,random_cv_08,elastic_net,elastic_net_coef
num__null_perm_ce,0.0,0.0,null_feature,real,permuted_real,random_cv,random_cv_08,elastic_net,elastic_net_coef
num__null_study_random_effect,0.0,0.0,null_feature,real,group_aware_random,random_cv,random_cv_08,elastic_net,elastic_net_coef
num__null_exp_random_effect,0.0,0.0,null_feature,real,group_aware_random,random_cv,random_cv_08,elastic_net,elastic_net_coef
ph,0.000430179015651,0.0045192526275897,solution_chemistry,real,real,random_cv,random_cv_08,elastic_net,elastic_net_permutation
temp,6.23919510649218e-05,0.0006554596540787,solution_chemistry,real,real,random_cv,random_cv_08,elastic_net,elastic_net_permutation
ce,0.000916341754672,0.0096266431692492,solution_chemistry,real,real,random_cv,random_cv_08,elastic_net,elastic_net_permutation
rpm,0.0,0.0,solution_chemistry,real,real,random_cv,random_cv_08,elastic_net,elastic_net_permutation
sa,0.0002669348303589,0.0028042881907413,surface_area_porosity,real,real,random_cv,random_cv_08,elastic_net,elastic_net_permutation
fg_complexing,0.0,0.0,surface_functionality,real,real,random_cv,random_cv_08,elastic_net,elastic_net_permutation
fg_polar,0.0,0.0,surface_functionality,real,real,random_cv,random_cv_08,elastic_net,elastic_net_permutation
fg_any,0.0,0.0,surface_functionality,real,real,random_cv,random_cv_08,elastic_net,elastic_net_permutation
ags_aged,1.820280085460535e-05,0.0001912298196767,aging_state,real,real,random_cv,random_cv_08,elastic_net,elastic_net_permutation
ags_virgin,1.820280085460535e-05,0.0001912298196767,aging_state,real,real,random_cv,random_cv_08,elastic_net,elastic_net_permutation
ph_missing,0.0,0.0,solution_chemistry,real,real,random_cv,random_cv_08,elastic_net,elastic_net_permutation
temp_missing,1.0684738828103946e-05,0.000112248697094,solution_chemistry,real,real,random_cv,random_cv_08,elastic_net,elastic_net_permutation
rpm_missing,3.505045818896768e-06,3.682231571174504e-05,solution_chemistry,real,real,random_cv,random_cv_08,elastic_net,elastic_net_permutation
sa_missing,4.931890596837629e-05,0.0005181205667368,surface_area_porosity,real,real,random_cv,random_cv_08,elastic_net,elastic_net_permutation
metal_cd,3.3367023104391434e-05,0.0003505378025265,metal_identity,real,real,random_cv,random_cv_08,elastic_net,elastic_net_permutation
metal_cr,1.6921590397633857e-05,0.0001777700424363,metal_identity,real,real,random_cv,random_cv_08,elastic_net,elastic_net_permutation
metal_hg,0.0,0.0,metal_identity,real,real,random_cv,random_cv_08,elastic_net,elastic_net_permutation
ret_other,1.1497124727921635e-05,0.0001207832303436,polymer_identity,real,real,random_cv,random_cv_08,elastic_net,elastic_net_permutation
ret_pa,5.1276620230522594e-06,5.38687365677249e-05,polymer_identity,real,real,random_cv,random_cv_08,elastic_net,elastic_net_permutation
ret_pe,1.5895542384125603e-06,1.6699087838512973e-05,polymer_identity,real,real,random_cv,random_cv_08,elastic_net,elastic_net_permutation
ret_pet,1.7124658358014244e-08,1.7990337618840292e-07,polymer_identity,real,real,random_cv,random_cv_08,elastic_net,elastic_net_permutation
ret_pla,3.586811876221674e-06,3.768131035343849e-05,polymer_identity,real,real,random_cv,random_cv_08,elastic_net,elastic_net_permutation
ret_pp,0.0,0.0,polymer_identity,real,real,random_cv,random_cv_08,elastic_net,elastic_net_permutation
ret_ps,6.219440829458023e-06,6.533843653002638e-05,polymer_identity,real,real,random_cv,random_cv_08,elastic_net,elastic_net_permutation
ret_pvc,0.0,0.0,polymer_identity,real,real,random_cv,random_cv_08,elastic_net,elastic_net_permutation
ce_log1p,0.0,0.0,solution_chemistry,real,real,random_cv,random_cv_08,elastic_net,elastic_net_permutation
rpm_log1p,0.0,0.0,solution_chemistry,real,real,random_cv,random_cv_08,elastic_net,elastic_net_permutation
sa_log1p,2.864969803315631e-05,0.0003009798674629,surface_area_porosity,real,real,random_cv,random_cv_08,elastic_net,elastic_net_permutation
temp_log1p,7.774029636209435e-06,8.167019445898926e-05,solution_chemistry,real,real,random_cv,random_cv_08,elastic_net,elastic_net_permutation
ph_x_temp,8.696967150714218e-05,0.0009136612949016,solution_chemistry,real,real,random_cv,random_cv_08,elastic_net,elastic_net_permutation
ph_x_ce_log,0.00010997833904,0.0011553792249311,solution_chemistry,real,real,random_cv,random_cv_08,elastic_net,elastic_net_permutation
temp_x_ce_log,0.0007207047990133,0.0075713759578163,solution_chemistry,real,real,random_cv,random_cv_08,elastic_net,elastic_net_permutation
ce_log_x_rpm_log,0.0,0.0,solution_chemistry,real,real,random_cv,random_cv_08,elastic_net,elastic_net_permutation
ce_over_rpm,0.091862618688217,0.9650642308892468,solution_chemistry,real,real,random_cv,random_cv_08,elastic_net,elastic_net_permutation
ce_over_sa,0.0001153624395418,0.0012119419800976,solution_chemistry,real,real,random_cv,random_cv_08,elastic_net,elastic_net_permutation
cd_x_ph,4.762261426491943e-05,0.0005003001467277,other,real,real,random_cv,random_cv_08,elastic_net,elastic_net_permutation
cd_x_ce_log,9.111167056816694e-05,0.0009571751332316,other,real,real,random_cv,random_cv_08,elastic_net,elastic_net_permutation
cd_x_sa_log,1.3617712608415822e-05,0.0001430611007238,other,real,real,random_cv,random_cv_08,elastic_net,elastic_net_permutation
cr_x_ph,0.0,0.0,other,real,real,random_cv,random_cv_08,elastic_net,elastic_net_permutation
cr_x_ce_log,1.0909680897563945e-05,0.0001146118296538,other,real,real,random_cv,random_cv_08,elastic_net,elastic_net_permutation
cr_x_sa_log,2.7199620970641547e-05,0.0002857460593585,other,real,real,random_cv,random_cv_08,elastic_net,elastic_net_permutation
hg_x_ph,4.446188215367908e-05,0.0004670950242574,other,real,real,random_cv,random_cv_08,elastic_net,elastic_net_permutation
hg_x_ce_log,1.0108551760978911e-06,1.0619555451301922e-05,other,real,real,random_cv,random_cv_08,elastic_net,elastic_net_permutation
hg_x_sa_log,6.206738715417437e-05,0.0006520499426491,other,real,real,random_cv,random_cv_08,elastic_net,elastic_net_permutation
aged_x_fg_any,1.820280085460535e-05,0.0001912298196767,other,real,real,random_cv,random_cv_08,elastic_net,elastic_net_permutation
aged_x_fg_complexing,1.6666071464199737e-05,0.0001750856841359,other,real,real,random_cv,random_cv_08,elastic_net,elastic_net_permutation
ret_ps_x_fg_any,5.7711273760086e-06,6.062867227195646e-05,polymer_identity,real,real,random_cv,random_cv_08,elastic_net,elastic_net_permutation
ret_pe_x_fg_any,1.5901759396363957e-06,1.6705619130805648e-05,polymer_identity,real,real,random_cv,random_cv_08,elastic_net,elastic_net_permutation
ret_pa_x_fg_any,5.1276620230522594e-06,5.38687365677249e-05,polymer_identity,real,real,random_cv,random_cv_08,elastic_net,elastic_net_permutation
null_random_normal,6.530455046549477e-06,6.86058014331726e-05,null_feature,,random_noise,random_cv,random_cv_08,elastic_net,elastic_net_permutation
null_random_uniform,2.450120899486485e-05,0.0002573978485714,null_feature,,random_noise,random_cv,random_cv_08,elastic_net,elastic_net_permutation
null_random_binary,0.0,0.0,null_feature,,random_noise,random_cv,random_cv_08,elastic_net,elastic_net_permutation
null_perm_ph,1.5860461622496658e-06,1.6662233687473195e-05,null_feature,,permuted_real,random_cv,random_cv_08,elastic_net,elastic_net_permutation
null_perm_ce,0.0,0.0,null_feature,,permuted_real,random_cv,random_cv_08,elastic_net,elastic_net_permutation
null_study_random_effect,0.0,0.0,null_feature,,group_aware_random,random_cv,random_cv_08,elastic_net,elastic_net_permutation
null_exp_random_effect,2.396493115530696e-05,0.000251763973028,null_feature,,group_aware_random,random_cv,random_cv_08,elastic_net,elastic_net_permutation
ph,0.0002016378760745,5.08228973975529e-05,solution_chemistry,real,real,random_cv,random_cv_08,lightgbm,lightgbm_permutation
temp,0.0432812075789183,0.0109090435529692,solution_chemistry,real,real,random_cv,random_cv_08,lightgbm,lightgbm_permutation
ce,0.1416273294937045,0.0356972180806274,solution_chemistry,real,real,random_cv,random_cv_08,lightgbm,lightgbm_permutation
rpm,0.022560423271926,0.0056863625997057,solution_chemistry,real,real,random_cv,random_cv_08,lightgbm,lightgbm_permutation
sa,0.0437938309885048,0.0110382504631797,surface_area_porosity,real,real,random_cv,random_cv_08,lightgbm,lightgbm_permutation
fg_complexing,7.506805077323042e-06,1.8920928530667065e-06,surface_functionality,real,real,random_cv,random_cv_08,lightgbm,lightgbm_permutation
fg_polar,0.0095306098461238,0.0024021935549775,surface_functionality,real,real,random_cv,random_cv_08,lightgbm,lightgbm_permutation
fg_any,0.001503329708002,0.0003789147802579,surface_functionality,real,real,random_cv,random_cv_08,lightgbm,lightgbm_permutation
ags_aged,0.0062661940617812,0.0015793964114029,aging_state,real,real,random_cv,random_cv_08,lightgbm,lightgbm_permutation
ags_virgin,0.0042208134933037,0.0010638575216149,aging_state,real,real,random_cv,random_cv_08,lightgbm,lightgbm_permutation
ph_missing,0.0030477861341618,0.0007681955642545,solution_chemistry,real,real,random_cv,random_cv_08,lightgbm,lightgbm_permutation
temp_missing,0.0016555862615861,0.0004172910979992,solution_chemistry,real,real,random_cv,random_cv_08,lightgbm,lightgbm_permutation
rpm_missing,0.5049131423408414,0.127263534646518,solution_chemistry,real,real,random_cv,random_cv_08,lightgbm,lightgbm_permutation
sa_missing,0.0259014445245108,0.0065284681784233,surface_area_porosity,real,real,random_cv,random_cv_08,lightgbm,lightgbm_permutation
metal_cd,0.0082989554877516,0.0020917546418952,metal_identity,real,real,random_cv,random_cv_08,lightgbm,lightgbm_permutation
metal_cr,0.0054588755953512,0.0013759115087383,metal_identity,real,real,random_cv,random_cv_08,lightgbm,lightgbm_permutation
metal_hg,0.0,0.0,metal_identity,real,real,random_cv,random_cv_08,lightgbm,lightgbm_permutation
ret_other,0.3227634212752184,0.0813526335552563,polymer_identity,real,real,random_cv,random_cv_08,lightgbm,lightgbm_permutation
ret_pa,0.0056212162061288,0.0014168295166326,polymer_identity,real,real,random_cv,random_cv_08,lightgbm,lightgbm_permutation
ret_pe,0.0,0.0,polymer_identity,real,real,random_cv,random_cv_08,lightgbm,lightgbm_permutation
ret_pet,2.235707732289316e-05,5.635109181919884e-06,polymer_identity,real,real,random_cv,random_cv_08,lightgbm,lightgbm_permutation
ret_pla,0.1414150129065168,0.0356437036103478,polymer_identity,real,real,random_cv,random_cv_08,lightgbm,lightgbm_permutation
ret_pp,0.0380934826627452,0.0096014756680352,polymer_identity,real,real,random_cv,random_cv_08,lightgbm,lightgbm_permutation
ret_ps,0.0017334770452531,0.000436923497346,polymer_identity,real,real,random_cv,random_cv_08,lightgbm,lightgbm_permutation
ret_pvc,0.0017005882275397,0.0004286338593041,polymer_identity,real,real,random_cv,random_cv_08,lightgbm,lightgbm_permutation
ce_log1p,0.0,0.0,solution_chemistry,real,real,random_cv,random_cv_08,lightgbm,lightgbm_permutation
rpm_log1p,0.0096198903258017,0.0024246967311992,solution_chemistry,real,real,random_cv,random_cv_08,lightgbm,lightgbm_permutation
sa_log1p,0.025075925276178,0.0063203957622955,surface_area_porosity,real,real,random_cv,random_cv_08,lightgbm,lightgbm_permutation
temp_log1p,0.0031080722704255,0.0007833907060477,solution_chemistry,real,real,random_cv,random_cv_08,lightgbm,lightgbm_permutation
ph_x_temp,0.0012595160052105,0.0003174614509414,solution_chemistry,real,real,random_cv,random_cv_08,lightgbm,lightgbm_permutation
ph_x_ce_log,0.018419836865666,0.0046427263435231,solution_chemistry,real,real,random_cv,random_cv_08,lightgbm,lightgbm_permutation
temp_x_ce_log,0.3588986160724494,0.0904605220798369,solution_chemistry,real,real,random_cv,random_cv_08,lightgbm,lightgbm_permutation
ce_log_x_rpm_log,0.0475211352042442,0.0119777187982655,solution_chemistry,real,real,random_cv,random_cv_08,lightgbm,lightgbm_permutation
ce_over_rpm,0.0904966354775685,0.0228097087176201,solution_chemistry,real,real,random_cv,random_cv_08,lightgbm,lightgbm_permutation
ce_over_sa,0.0170556689411495,0.0042988873396095,solution_chemistry,real,real,random_cv,random_cv_08,lightgbm,lightgbm_permutation
cd_x_ph,0.0045259608459517,0.0011407700188931,other,real,real,random_cv,random_cv_08,lightgbm,lightgbm_permutation
cd_x_ce_log,0.0261789451947196,0.0065984123196945,other,real,real,random_cv,random_cv_08,lightgbm,lightgbm_permutation
cd_x_sa_log,0.025232997549425,0.0063599858838671,other,real,real,random_cv,random_cv_08,lightgbm,lightgbm_permutation
cr_x_ph,0.0,0.0,other,real,real,random_cv,random_cv_08,lightgbm,lightgbm_permutation
cr_x_ce_log,0.0449078883446908,0.0113190490106088,other,real,real,random_cv,random_cv_08,lightgbm,lightgbm_permutation
cr_x_sa_log,0.0150815670231212,0.0038013142586712,other,real,real,random_cv,random_cv_08,lightgbm,lightgbm_permutation
hg_x_ph,0.0023676265846493,0.0005967611112054,other,real,real,random_cv,random_cv_08,lightgbm,lightgbm_permutation
hg_x_ce_log,0.7962197688053595,0.2006874720349443,other,real,real,random_cv,random_cv_08,lightgbm,lightgbm_permutation
hg_x_sa_log,0.0073547117364009,0.0018537576731341,other,real,real,random_cv,random_cv_08,lightgbm,lightgbm_permutation
aged_x_fg_any,0.0020534793644212,0.0005175801941465,other,real,real,random_cv,random_cv_08,lightgbm,lightgbm_permutation
aged_x_fg_complexing,0.5639566293114793,0.1421454662494523,other,real,real,random_cv,random_cv_08,lightgbm,lightgbm_permutation
ret_ps_x_fg_any,0.0,0.0,polymer_identity,real,real,random_cv,random_cv_08,lightgbm,lightgbm_permutation
ret_pe_x_fg_any,0.0,0.0,polymer_identity,real,real,random_cv,random_cv_08,lightgbm,lightgbm_permutation
ret_pa_x_fg_any,0.0018191171644773,0.0004585091194383,polymer_identity,real,real,random_cv,random_cv_08,lightgbm,lightgbm_permutation
null_random_normal,0.0,0.0,null_feature,,random_noise,random_cv,random_cv_08,lightgbm,lightgbm_permutation
null_random_uniform,0.0064167617238526,0.0016173470434459,null_feature,,random_noise,random_cv,random_cv_08,lightgbm,lightgbm_permutation
null_random_binary,0.0,0.0,null_feature,,random_noise,random_cv,random_cv_08,lightgbm,lightgbm_permutation
null_perm_ph,0.0,0.0,null_feature,,permuted_real,random_cv,random_cv_08,lightgbm,lightgbm_permutation
null_perm_ce,0.0172882138258305,0.0043575003593683,null_feature,,permuted_real,random_cv,random_cv_08,lightgbm,lightgbm_permutation
null_study_random_effect,0.2837579013706306,0.0715212785804792,null_feature,,group_aware_random,random_cv,random_cv_08,lightgbm,lightgbm_permutation
null_exp_random_effect,0.2652261565767434,0.0668503458043915,null_feature,,group_aware_random,random_cv,random_cv_08,lightgbm,lightgbm_permutation
num__ph,50.0,0.0033489618218352,solution_chemistry,real,real,random_cv,random_cv_08,lightgbm,lightgbm_builtin_gain
num__temp,208.0,0.0139316811788345,solution_chemistry,real,real,random_cv,random_cv_08,lightgbm,lightgbm_builtin_gain
num__ce,561.0,0.0375753516409912,solution_chemistry,real,real,random_cv,random_cv_08,lightgbm,lightgbm_builtin_gain
num__rpm,254.0,0.0170127260549229,solution_chemistry,real,real,random_cv,random_cv_08,lightgbm,lightgbm_builtin_gain
num__sa,654.0,0.0438044206296048,surface_area_porosity,real,real,random_cv,random_cv_08,lightgbm,lightgbm_builtin_gain
num__fg_complexing,8.0,0.0005358338914936,surface_functionality,real,real,random_cv,random_cv_08,lightgbm,lightgbm_builtin_gain
num__fg_polar,15.0,0.0010046885465505,surface_functionality,real,real,random_cv,random_cv_08,lightgbm,lightgbm_builtin_gain
num__fg_any,5.0,0.0003348961821835,surface_functionality,real,real,random_cv,random_cv_08,lightgbm,lightgbm_builtin_gain
num__ags_aged,53.0,0.0035498995311453,aging_state,real,real,random_cv,random_cv_08,lightgbm,lightgbm_builtin_gain
num__ags_virgin,7.0,0.0004688546550569,aging_state,real,real,random_cv,random_cv_08,lightgbm,lightgbm_builtin_gain
num__ph_missing,83.0,0.0055592766242464,solution_chemistry,real,real,random_cv,random_cv_08,lightgbm,lightgbm_builtin_gain
num__temp_missing,66.0,0.0044206296048225,solution_chemistry,real,real,random_cv,random_cv_08,lightgbm,lightgbm_builtin_gain
num__rpm_missing,173.0,0.0115874079035498,solution_chemistry,real,real,random_cv,random_cv_08,lightgbm,lightgbm_builtin_gain
num__sa_missing,39.0,0.0026121902210314,surface_area_porosity,real,real,random_cv,random_cv_08,lightgbm,lightgbm_builtin_gain
num__metal_cd,23.0,0.0015405224380442,metal_identity,real,real,random_cv,random_cv_08,lightgbm,lightgbm_builtin_gain
num__metal_cr,21.0,0.0014065639651707,metal_identity,real,real,random_cv,random_cv_08,lightgbm,lightgbm_builtin_gain
num__metal_hg,15.0,0.0010046885465505,metal_identity,real,real,random_cv,random_cv_08,lightgbm,lightgbm_builtin_gain
num__ret_other,112.0,0.0075016744809109,polymer_identity,real,real,random_cv,random_cv_08,lightgbm,lightgbm_builtin_gain
num__ret_pa,88.0,0.00589417280643,polymer_identity,real,real,random_cv,random_cv_08,lightgbm,lightgbm_builtin_gain
num__ret_pe,27.0,0.001808439383791,polymer_identity,real,real,random_cv,random_cv_08,lightgbm,lightgbm_builtin_gain
num__ret_pet,8.0,0.0005358338914936,polymer_identity,real,real,random_cv,random_cv_08,lightgbm,lightgbm_builtin_gain
num__ret_pla,93.0,0.0062290689886135,polymer_identity,real,real,random_cv,random_cv_08,lightgbm,lightgbm_builtin_gain
num__ret_pp,89.0,0.0059611520428667,polymer_identity,real,real,random_cv,random_cv_08,lightgbm,lightgbm_builtin_gain
num__ret_ps,106.0,0.0070997990622906,polymer_identity,real,real,random_cv,random_cv_08,lightgbm,lightgbm_builtin_gain
num__ret_pvc,11.0,0.0007367716008037,polymer_identity,real,real,random_cv,random_cv_08,lightgbm,lightgbm_builtin_gain
num__ce_log1p,47.0,0.0031480241125251,solution_chemistry,real,real,random_cv,random_cv_08,lightgbm,lightgbm_builtin_gain
num__rpm_log1p,71.0,0.004755525787006,solution_chemistry,real,real,random_cv,random_cv_08,lightgbm,lightgbm_builtin_gain
num__sa_log1p,346.0,0.0231748158070997,surface_area_porosity,real,real,random_cv,random_cv_08,lightgbm,lightgbm_builtin_gain
num__temp_log1p,31.0,0.0020763563295378,solution_chemistry,real,real,random_cv,random_cv_08,lightgbm,lightgbm_builtin_gain
num__ph_x_temp,77.0,0.0051574012056262,solution_chemistry,real,real,random_cv,random_cv_08,lightgbm,lightgbm_builtin_gain
num__ph_x_ce_log,808.0,0.0541192230408573,solution_chemistry,real,real,random_cv,random_cv_08,lightgbm,lightgbm_builtin_gain
num__temp_x_ce_log,745.0,0.0498995311453449,solution_chemistry,real,real,random_cv,random_cv_08,lightgbm,lightgbm_builtin_gain
num__ce_log_x_rpm_log,415.0,0.0277963831212324,solution_chemistry,real,real,random_cv,random_cv_08,lightgbm,lightgbm_builtin_gain
num__ce_over_rpm,570.0,0.0381781647689216,solution_chemistry,real,real,random_cv,random_cv_08,lightgbm,lightgbm_builtin_gain
num__ce_over_sa,821.0,0.0549899531145344,solution_chemistry,real,real,random_cv,random_cv_08,lightgbm,lightgbm_builtin_gain
num__cd_x_ph,194.0,0.0129939718687206,other,real,real,random_cv,random_cv_08,lightgbm,lightgbm_builtin_gain
num__cd_x_ce_log,301.0,0.020160750167448,other,real,real,random_cv,random_cv_08,lightgbm,lightgbm_builtin_gain
num__cd_x_sa_log,437.0,0.0292699263228399,other,real,real,random_cv,random_cv_08,lightgbm,lightgbm_builtin_gain
num__cr_x_ph,0.0,0.0,other,real,real,random_cv,random_cv_08,lightgbm,lightgbm_builtin_gain
num__cr_x_ce_log,319.0,0.0213663764233087,other,real,real,random_cv,random_cv_08,lightgbm,lightgbm_builtin_gain
num__cr_x_sa_log,349.0,0.0233757535164099,other,real,real,random_cv,random_cv_08,lightgbm,lightgbm_builtin_gain
num__hg_x_ph,120.0,0.0080375083724045,other,real,real,random_cv,random_cv_08,lightgbm,lightgbm_builtin_gain
num__hg_x_ce_log,708.0,0.0474212993971868,other,real,real,random_cv,random_cv_08,lightgbm,lightgbm_builtin_gain
num__hg_x_sa_log,22.0,0.0014735432016075,other,real,real,random_cv,random_cv_08,lightgbm,lightgbm_builtin_gain
num__aged_x_fg_any,0.0,0.0,other,real,real,random_cv,random_cv_08,lightgbm,lightgbm_builtin_gain
num__aged_x_fg_complexing,153.0,0.0102478231748158,other,real,real,random_cv,random_cv_08,lightgbm,lightgbm_builtin_gain
num__ret_ps_x_fg_any,20.0,0.001339584728734,polymer_identity,real,real,random_cv,random_cv_08,lightgbm,lightgbm_builtin_gain
num__ret_pe_x_fg_any,65.0,0.0043536503683858,polymer_identity,real,real,random_cv,random_cv_08,lightgbm,lightgbm_builtin_gain
num__ret_pa_x_fg_any,8.0,0.0005358338914936,polymer_identity,real,real,random_cv,random_cv_08,lightgbm,lightgbm_builtin_gain
num__null_random_normal,940.0,0.0629604822505023,null_feature,real,random_noise,random_cv,random_cv_08,lightgbm,lightgbm_builtin_gain
num__null_random_uniform,905.0,0.0606162089752176,null_feature,real,random_noise,random_cv,random_cv_08,lightgbm,lightgbm_builtin_gain
num__null_random_binary,129.0,0.0086403215003348,null_feature,real,random_noise,random_cv,random_cv_08,lightgbm,lightgbm_builtin_gain
num__null_perm_ph,792.0,0.05304755525787,null_feature,real,permuted_real,random_cv,random_cv_08,lightgbm,lightgbm_builtin_gain
num__null_perm_ce,854.0,0.0572002679169457,null_feature,real,permuted_real,random_cv,random_cv_08,lightgbm,lightgbm_builtin_gain
num__null_study_random_effect,567.0,0.0379772270596115,null_feature,real,group_aware_random,random_cv,random_cv_08,lightgbm,lightgbm_builtin_gain
num__null_exp_random_effect,1347.0,0.0902210314802411,null_feature,real,group_aware_random,random_cv,random_cv_08,lightgbm,lightgbm_builtin_gain
ph,0.0008993444872016,0.001158827601879,solution_chemistry,real,real,random_cv,random_cv_08,lightgbm,lightgbm_shap
temp,0.010816263801552,0.0139370232661838,solution_chemistry,real,real,random_cv,random_cv_08,lightgbm,lightgbm_shap
ce,0.0153631033419784,0.0197957384034232,solution_chemistry,real,real,random_cv,random_cv_08,lightgbm,lightgbm_shap
rpm,0.0209761818444043,0.0270283287986391,solution_chemistry,real,real,random_cv,random_cv_08,lightgbm,lightgbm_shap
sa,0.0302399112484067,0.0389648731178231,surface_area_porosity,real,real,random_cv,random_cv_08,lightgbm,lightgbm_shap
fg_complexing,0.0001215262338866,0.000156589556265,surface_functionality,real,real,random_cv,random_cv_08,lightgbm,lightgbm_shap
fg_polar,0.0031820281790899,0.004100121962564,surface_functionality,real,real,random_cv,random_cv_08,lightgbm,lightgbm_shap
fg_any,0.0001308104627565,0.0001685525146527,surface_functionality,real,real,random_cv,random_cv_08,lightgbm,lightgbm_shap
ags_aged,0.0029834950047839,0.0038443070601006,aging_state,real,real,random_cv,random_cv_08,lightgbm,lightgbm_shap
ags_virgin,0.0013809812625352,0.0017794284920598,aging_state,real,real,random_cv,random_cv_08,lightgbm,lightgbm_shap
ph_missing,0.0034122658714687,0.0043967889202406,solution_chemistry,real,real,random_cv,random_cv_08,lightgbm,lightgbm_shap
temp_missing,0.0071010665078538,0.0091498997205002,solution_chemistry,real,real,random_cv,random_cv_08,lightgbm,lightgbm_shap
rpm_missing,0.060083281692391,0.0774187936073984,solution_chemistry,real,real,random_cv,random_cv_08,lightgbm,lightgbm_shap
sa_missing,0.0099709442508376,0.0128478081303644,surface_area_porosity,real,real,random_cv,random_cv_08,lightgbm,lightgbm_shap
metal_cd,0.0002932760263811,0.0003778934092289,metal_identity,real,real,random_cv,random_cv_08,lightgbm,lightgbm_shap
metal_cr,0.001092338118025,0.0014075046656378,metal_identity,real,real,random_cv,random_cv_08,lightgbm,lightgbm_shap
metal_hg,0.0004319923724355,0.0005566328499296,metal_identity,real,real,random_cv,random_cv_08,lightgbm,lightgbm_shap
ret_other,0.0625046022623708,0.0805387250123494,polymer_identity,real,real,random_cv,random_cv_08,lightgbm,lightgbm_shap
ret_pa,0.0174789798958759,0.0225220976436454,polymer_identity,real,real,random_cv,random_cv_08,lightgbm,lightgbm_shap
ret_pe,0.0027045831562789,0.0034849222491208,polymer_identity,real,real,random_cv,random_cv_08,lightgbm,lightgbm_shap
ret_pet,0.0003270609088549,0.0004214260653957,polymer_identity,real,real,random_cv,random_cv_08,lightgbm,lightgbm_shap
ret_pla,0.0129475322200172,0.0166832153043597,polymer_identity,real,real,random_cv,random_cv_08,lightgbm,lightgbm_shap
ret_pp,0.0325735042742956,0.0419717654137518,polymer_identity,real,real,random_cv,random_cv_08,lightgbm,lightgbm_shap
ret_ps,0.0037480245218918,0.004829422240639,polymer_identity,real,real,random_cv,random_cv_08,lightgbm,lightgbm_shap
ret_pvc,0.000967847201324,0.0012470950422851,polymer_identity,real,real,random_cv,random_cv_08,lightgbm,lightgbm_shap
ce_log1p,0.0007140245632658,0.0009200382991245,solution_chemistry,real,real,random_cv,random_cv_08,lightgbm,lightgbm_shap
rpm_log1p,0.0056747301862626,0.0073120301137542,solution_chemistry,real,real,random_cv,random_cv_08,lightgbm,lightgbm_shap
sa_log1p,0.0103201358144108,0.0132977500913931,surface_area_porosity,real,real,random_cv,random_cv_08,lightgbm,lightgbm_shap
temp_log1p,0.0008970136727946,0.0011558242899021,solution_chemistry,real,real,random_cv,random_cv_08,lightgbm,lightgbm_shap
ph_x_temp,0.0009893461417922,0.0012747969584921,solution_chemistry,real,real,random_cv,random_cv_08,lightgbm,lightgbm_shap
ph_x_ce_log,0.0127086911210957,0.0163754626446925,solution_chemistry,real,real,random_cv,random_cv_08,lightgbm,lightgbm_shap
temp_x_ce_log,0.0714909941117459,0.0921179130371288,solution_chemistry,real,real,random_cv,random_cv_08,lightgbm,lightgbm_shap
ce_log_x_rpm_log,0.0228471463446174,0.0294391128039194,solution_chemistry,real,real,random_cv,random_cv_08,lightgbm,lightgbm_shap
ce_over_rpm,0.024833702865736,0.0319988399853557,solution_chemistry,real,real,random_cv,random_cv_08,lightgbm,lightgbm_shap
ce_over_sa,0.0181713392630718,0.0234142198021106,solution_chemistry,real,real,random_cv,random_cv_08,lightgbm,lightgbm_shap
cd_x_ph,0.004000710518778,0.0051550143935538,other,real,real,random_cv,random_cv_08,lightgbm,lightgbm_shap
cd_x_ce_log,0.0043622845100833,0.0056209114187859,other,real,real,random_cv,random_cv_08,lightgbm,lightgbm_shap
cd_x_sa_log,0.0095432163099092,0.0122966701058405,other,real,real,random_cv,random_cv_08,lightgbm,lightgbm_shap
cr_x_ph,0.0,0.0,other,real,real,random_cv,random_cv_08,lightgbm,lightgbm_shap
cr_x_ce_log,0.0532423326159405,0.0686040616268795,other,real,real,random_cv,random_cv_08,lightgbm,lightgbm_shap
cr_x_sa_log,0.0066563410776821,0.0085768600109401,other,real,real,random_cv,random_cv_08,lightgbm,lightgbm_shap
hg_x_ph,0.0017760380982488,0.0022884689899455,other,real,real,random_cv,random_cv_08,lightgbm,lightgbm_shap
hg_x_ce_log,0.0494143507780371,0.0636716124081637,other,real,real,random_cv,random_cv_08,lightgbm,lightgbm_shap
hg_x_sa_log,0.0004729655867683,0.0006094278493789,other,real,real,random_cv,random_cv_08,lightgbm,lightgbm_shap
aged_x_fg_any,0.0,0.0,other,real,real,random_cv,random_cv_08,lightgbm,lightgbm_shap
aged_x_fg_complexing,0.0625511767128403,0.0805987373430131,other,real,real,random_cv,random_cv_08,lightgbm,lightgbm_shap
ret_ps_x_fg_any,0.0005166564080227,0.0006657245525209,polymer_identity,real,real,random_cv,random_cv_08,lightgbm,lightgbm_shap
ret_pe_x_fg_any,0.0122834845540819,0.0158275734727812,polymer_identity,real,real,random_cv,random_cv_08,lightgbm,lightgbm_shap
ret_pa_x_fg_any,0.0025955606090283,0.0033444440021541,polymer_identity,real,real,random_cv,random_cv_08,lightgbm,lightgbm_shap
null_random_normal,0.0057778480732433,0.0074449000600108,null_feature,,random_noise,random_cv,random_cv_08,lightgbm,lightgbm_shap
null_random_uniform,0.0037236502189434,0.0047980153488027,null_feature,,random_noise,random_cv,random_cv_08,lightgbm,lightgbm_shap
null_random_binary,0.0007012229463898,0.0009035430993476,null_feature,,random_noise,random_cv,random_cv_08,lightgbm,lightgbm_shap
null_perm_ph,0.0076014719488686,0.0097946845003377,null_feature,,permuted_real,random_cv,random_cv_08,lightgbm,lightgbm_shap
null_perm_ce,0.0066318671652753,0.0085453247698545,null_feature,,permuted_real,random_cv,random_cv_08,lightgbm,lightgbm_shap
null_study_random_effect,0.0510578038659739,0.0657892423350678,null_feature,,group_aware_random,random_cv,random_cv_08,lightgbm,lightgbm_shap
null_exp_random_effect,0.0227942966284638,0.0293710146383089,null_feature,,group_aware_random,random_cv,random_cv_08,lightgbm,lightgbm_shap
num__ph,0.0,0.0,solution_chemistry,real,real,random_cv,random_cv_09,elastic_net,elastic_net_coef
num__temp,0.0016649908789518,0.0721686441446451,solution_chemistry,real,real,random_cv,random_cv_09,elastic_net,elastic_net_coef
num__ce,0.0,0.0,solution_chemistry,real,real,random_cv,random_cv_09,elastic_net,elastic_net_coef
num__rpm,0.0,0.0,solution_chemistry,real,real,random_cv,random_cv_09,elastic_net,elastic_net_coef
num__sa,0.0,0.0,surface_area_porosity,real,real,random_cv,random_cv_09,elastic_net,elastic_net_coef
num__fg_complexing,0.0,0.0,surface_functionality,real,real,random_cv,random_cv_09,elastic_net,elastic_net_coef
num__fg_polar,0.0,0.0,surface_functionality,real,real,random_cv,random_cv_09,elastic_net,elastic_net_coef
num__fg_any,0.0,0.0,surface_functionality,real,real,random_cv,random_cv_09,elastic_net,elastic_net_coef
num__ags_aged,0.0,0.0,aging_state,real,real,random_cv,random_cv_09,elastic_net,elastic_net_coef
num__ags_virgin,0.0,0.0,aging_state,real,real,random_cv,random_cv_09,elastic_net,elastic_net_coef
num__ph_missing,0.0,0.0,solution_chemistry,real,real,random_cv,random_cv_09,elastic_net,elastic_net_coef
num__temp_missing,0.0,0.0,solution_chemistry,real,real,random_cv,random_cv_09,elastic_net,elastic_net_coef
num__rpm_missing,0.0,0.0,solution_chemistry,real,real,random_cv,random_cv_09,elastic_net,elastic_net_coef
num__sa_missing,0.0,0.0,surface_area_porosity,real,real,random_cv,random_cv_09,elastic_net,elastic_net_coef
num__metal_cd,0.0,0.0,metal_identity,real,real,random_cv,random_cv_09,elastic_net,elastic_net_coef
num__metal_cr,0.0,0.0,metal_identity,real,real,random_cv,random_cv_09,elastic_net,elastic_net_coef
num__metal_hg,0.0,0.0,metal_identity,real,real,random_cv,random_cv_09,elastic_net,elastic_net_coef
num__ret_other,0.0,0.0,polymer_identity,real,real,random_cv,random_cv_09,elastic_net,elastic_net_coef
num__ret_pa,0.0,0.0,polymer_identity,real,real,random_cv,random_cv_09,elastic_net,elastic_net_coef
num__ret_pe,0.0,0.0,polymer_identity,real,real,random_cv,random_cv_09,elastic_net,elastic_net_coef
num__ret_pet,0.0,0.0,polymer_identity,real,real,random_cv,random_cv_09,elastic_net,elastic_net_coef
num__ret_pla,0.0,0.0,polymer_identity,real,real,random_cv,random_cv_09,elastic_net,elastic_net_coef
num__ret_pp,0.0,0.0,polymer_identity,real,real,random_cv,random_cv_09,elastic_net,elastic_net_coef
num__ret_ps,0.0,0.0,polymer_identity,real,real,random_cv,random_cv_09,elastic_net,elastic_net_coef
num__ret_pvc,0.0,0.0,polymer_identity,real,real,random_cv,random_cv_09,elastic_net,elastic_net_coef
num__ce_log1p,0.0,0.0,solution_chemistry,real,real,random_cv,random_cv_09,elastic_net,elastic_net_coef
num__rpm_log1p,0.0,0.0,solution_chemistry,real,real,random_cv,random_cv_09,elastic_net,elastic_net_coef
num__sa_log1p,0.0,0.0,surface_area_porosity,real,real,random_cv,random_cv_09,elastic_net,elastic_net_coef
num__temp_log1p,0.0,0.0,solution_chemistry,real,real,random_cv,random_cv_09,elastic_net,elastic_net_coef
num__ph_x_temp,0.0,0.0,solution_chemistry,real,real,random_cv,random_cv_09,elastic_net,elastic_net_coef
num__ph_x_ce_log,0.0,0.0,solution_chemistry,real,real,random_cv,random_cv_09,elastic_net,elastic_net_coef
num__temp_x_ce_log,0.0,0.0,solution_chemistry,real,real,random_cv,random_cv_09,elastic_net,elastic_net_coef
num__ce_log_x_rpm_log,0.0,0.0,solution_chemistry,real,real,random_cv,random_cv_09,elastic_net,elastic_net_coef
num__ce_over_rpm,0.0214058440894143,0.9278313558553548,solution_chemistry,real,real,random_cv,random_cv_09,elastic_net,elastic_net_coef
num__ce_over_sa,0.0,0.0,solution_chemistry,real,real,random_cv,random_cv_09,elastic_net,elastic_net_coef
num__cd_x_ph,0.0,0.0,other,real,real,random_cv,random_cv_09,elastic_net,elastic_net_coef
num__cd_x_ce_log,0.0,0.0,other,real,real,random_cv,random_cv_09,elastic_net,elastic_net_coef
num__cd_x_sa_log,0.0,0.0,other,real,real,random_cv,random_cv_09,elastic_net,elastic_net_coef
num__cr_x_ph,0.0,0.0,other,real,real,random_cv,random_cv_09,elastic_net,elastic_net_coef
num__cr_x_ce_log,0.0,0.0,other,real,real,random_cv,random_cv_09,elastic_net,elastic_net_coef
num__cr_x_sa_log,0.0,0.0,other,real,real,random_cv,random_cv_09,elastic_net,elastic_net_coef
num__hg_x_ph,0.0,0.0,other,real,real,random_cv,random_cv_09,elastic_net,elastic_net_coef
num__hg_x_ce_log,0.0,0.0,other,real,real,random_cv,random_cv_09,elastic_net,elastic_net_coef
num__hg_x_sa_log,0.0,0.0,other,real,real,random_cv,random_cv_09,elastic_net,elastic_net_coef
num__aged_x_fg_any,0.0,0.0,other,real,real,random_cv,random_cv_09,elastic_net,elastic_net_coef
num__aged_x_fg_complexing,0.0,0.0,other,real,real,random_cv,random_cv_09,elastic_net,elastic_net_coef
num__ret_ps_x_fg_any,0.0,0.0,polymer_identity,real,real,random_cv,random_cv_09,elastic_net,elastic_net_coef
num__ret_pe_x_fg_any,0.0,0.0,polymer_identity,real,real,random_cv,random_cv_09,elastic_net,elastic_net_coef
num__ret_pa_x_fg_any,0.0,0.0,polymer_identity,real,real,random_cv,random_cv_09,elastic_net,elastic_net_coef
num__null_random_normal,0.0,0.0,null_feature,real,random_noise,random_cv,random_cv_09,elastic_net,elastic_net_coef
num__null_random_uniform,0.0,0.0,null_feature,real,random_noise,random_cv,random_cv_09,elastic_net,elastic_net_coef
num__null_random_binary,0.0,0.0,null_feature,real,random_noise,random_cv,random_cv_09,elastic_net,elastic_net_coef
num__null_perm_ph,0.0,0.0,null_feature,real,permuted_real,random_cv,random_cv_09,elastic_net,elastic_net_coef
num__null_perm_ce,0.0,0.0,null_feature,real,permuted_real,random_cv,random_cv_09,elastic_net,elastic_net_coef
num__null_study_random_effect,0.0,0.0,null_feature,real,group_aware_random,random_cv,random_cv_09,elastic_net,elastic_net_coef
num__null_exp_random_effect,0.0,0.0,null_feature,real,group_aware_random,random_cv,random_cv_09,elastic_net,elastic_net_coef
ph,5.4564767103526535e-06,0.0001105211068494,solution_chemistry,real,real,random_cv,random_cv_09,elastic_net,elastic_net_permutation
temp,0.0021337899562247,0.0432199824657373,solution_chemistry,real,real,random_cv,random_cv_09,elastic_net,elastic_net_permutation
ce,0.0012227620516819,0.0247670836950451,solution_chemistry,real,real,random_cv,random_cv_09,elastic_net,elastic_net_permutation
rpm,0.0,0.0,solution_chemistry,real,real,random_cv,random_cv_09,elastic_net,elastic_net_permutation
sa,0.0,0.0,surface_area_porosity,real,real,random_cv,random_cv_09,elastic_net,elastic_net_permutation
fg_complexing,0.0,0.0,surface_functionality,real,real,random_cv,random_cv_09,elastic_net,elastic_net_permutation
fg_polar,0.0,0.0,surface_functionality,real,real,random_cv,random_cv_09,elastic_net,elastic_net_permutation
fg_any,0.0,0.0,surface_functionality,real,real,random_cv,random_cv_09,elastic_net,elastic_net_permutation
ags_aged,6.510274767612678e-06,0.0001318658195397,aging_state,real,real,random_cv,random_cv_09,elastic_net,elastic_net_permutation
ags_virgin,6.510274767612678e-06,0.0001318658195397,aging_state,real,real,random_cv,random_cv_09,elastic_net,elastic_net_permutation
ph_missing,0.0,0.0,solution_chemistry,real,real,random_cv,random_cv_09,elastic_net,elastic_net_permutation
temp_missing,8.604435944414846e-07,1.742831198358134e-05,solution_chemistry,real,real,random_cv,random_cv_09,elastic_net,elastic_net_permutation
rpm_missing,0.0,0.0,solution_chemistry,real,real,random_cv,random_cv_09,elastic_net,elastic_net_permutation
sa_missing,1.758370501108164e-05,0.0003561584963152,surface_area_porosity,real,real,random_cv,random_cv_09,elastic_net,elastic_net_permutation
metal_cd,0.0,0.0,metal_identity,real,real,random_cv,random_cv_09,elastic_net,elastic_net_permutation
metal_cr,8.291838495777527e-06,0.0001679514487125,metal_identity,real,real,random_cv,random_cv_09,elastic_net,elastic_net_permutation
metal_hg,0.0,0.0,metal_identity,real,real,random_cv,random_cv_09,elastic_net,elastic_net_permutation
ret_other,0.0,0.0,polymer_identity,real,real,random_cv,random_cv_09,elastic_net,elastic_net_permutation
ret_pa,1.7123866549395573e-06,3.4684445385614906e-05,polymer_identity,real,real,random_cv,random_cv_09,elastic_net,elastic_net_permutation
ret_pe,9.201146663029292e-07,1.8636951415049248e-05,polymer_identity,real,real,random_cv,random_cv_09,elastic_net,elastic_net_permutation
ret_pet,0.0,0.0,polymer_identity,real,real,random_cv,random_cv_09,elastic_net,elastic_net_permutation
ret_pla,5.431939178457412e-07,1.100240983715434e-05,polymer_identity,real,real,random_cv,random_cv_09,elastic_net,elastic_net_permutation
ret_pp,0.0,0.0,polymer_identity,real,real,random_cv,random_cv_09,elastic_net,elastic_net_permutation
ret_ps,3.0363350285922407e-05,0.0006150106120475,polymer_identity,real,real,random_cv,random_cv_09,elastic_net,elastic_net_permutation
ret_pvc,0.0,0.0,polymer_identity,real,real,random_cv,random_cv_09,elastic_net,elastic_net_permutation
ce_log1p,1.4989514925267678e-05,0.0003036130947894,solution_chemistry,real,real,random_cv,random_cv_09,elastic_net,elastic_net_permutation
rpm_log1p,3.497570946120465e-05,0.0007084340917578,solution_chemistry,real,real,random_cv,random_cv_09,elastic_net,elastic_net_permutation
sa_log1p,2.167271764510481e-05,0.0004389815754234,surface_area_porosity,real,real,random_cv,random_cv_09,elastic_net,elastic_net_permutation
temp_log1p,5.508733129877541e-06,0.0001115795622653,solution_chemistry,real,real,random_cv,random_cv_09,elastic_net,elastic_net_permutation
ph_x_temp,0.0005148927956306,0.0104291697193395,solution_chemistry,real,real,random_cv,random_cv_09,elastic_net,elastic_net_permutation
ph_x_ce_log,0.0005903461369915,0.0119574795143537,solution_chemistry,real,real,random_cv,random_cv_09,elastic_net,elastic_net_permutation
temp_x_ce_log,0.0020210251793478,0.0409359283744925,solution_chemistry,real,real,random_cv,random_cv_09,elastic_net,elastic_net_permutation
ce_log_x_rpm_log,0.0,0.0,solution_chemistry,real,real,random_cv,random_cv_09,elastic_net,elastic_net_permutation
ce_over_rpm,0.0422729120782887,0.8562391595618108,solution_chemistry,real,real,random_cv,random_cv_09,elastic_net,elastic_net_permutation
ce_over_sa,0.0,0.0,solution_chemistry,real,real,random_cv,random_cv_09,elastic_net,elastic_net_permutation
cd_x_ph,4.996275652719984e-05,0.0010119971999802,other,real,real,random_cv,random_cv_09,elastic_net,elastic_net_permutation
cd_x_ce_log,0.0001588103657976,0.0032167089385386,other,real,real,random_cv,random_cv_09,elastic_net,elastic_net_permutation
cd_x_sa_log,2.458295784055764e-05,0.0004979285818294,other,real,real,random_cv,random_cv_09,elastic_net,elastic_net_permutation
cr_x_ph,0.0,0.0,other,real,real,random_cv,random_cv_09,elastic_net,elastic_net_permutation
cr_x_ce_log,3.917280997787209e-05,0.0007934464943179,other,real,real,random_cv,random_cv_09,elastic_net,elastic_net_permutation
cr_x_sa_log,7.276003924072683e-06,0.0001473756876124,other,real,real,random_cv,random_cv_09,elastic_net,elastic_net_permutation
hg_x_ph,4.158637766666917e-05,0.0008423333835289,other,real,real,random_cv,random_cv_09,elastic_net,elastic_net_permutation
hg_x_ce_log,2.4427482828048854e-06,4.9477943057633335e-05,other,real,real,random_cv,random_cv_09,elastic_net,elastic_net_permutation
hg_x_sa_log,5.772546860249861e-06,0.0001169231176455,other,real,real,random_cv,random_cv_09,elastic_net,elastic_net_permutation
aged_x_fg_any,6.510274767612678e-06,0.0001318658195397,other,real,real,random_cv,random_cv_09,elastic_net,elastic_net_permutation
aged_x_fg_complexing,5.578589004207046e-06,0.0001129944951901,other,real,real,random_cv,random_cv_09,elastic_net,elastic_net_permutation
ret_ps_x_fg_any,2.559249395339691e-05,0.0005183767674477,polymer_identity,real,real,random_cv,random_cv_09,elastic_net,elastic_net_permutation
ret_pe_x_fg_any,8.079051447174023e-07,1.6364144037140455e-05,polymer_identity,real,real,random_cv,random_cv_09,elastic_net,elastic_net_permutation
ret_pa_x_fg_any,1.7123866549395573e-06,3.4684445385614906e-05,polymer_identity,real,real,random_cv,random_cv_09,elastic_net,elastic_net_permutation
null_random_normal,1.8587178620910198e-05,0.000376483885745,null_feature,,random_noise,random_cv,random_cv_09,elastic_net,elastic_net_permutation
null_random_uniform,0.0,0.0,null_feature,,random_noise,random_cv,random_cv_09,elastic_net,elastic_net_permutation
null_random_binary,1.4180419286091706e-05,0.0002872248372496,null_feature,,random_noise,random_cv,random_cv_09,elastic_net,elastic_net_permutation
null_perm_ph,2.2520736167264133e-05,0.0004561582171784,null_feature,,permuted_real,random_cv,random_cv_09,elastic_net,elastic_net_permutation
null_perm_ce,0.0,0.0,null_feature,,permuted_real,random_cv,random_cv_09,elastic_net,elastic_net_permutation
null_study_random_effect,1.939853375654277e-05,0.0003929179094563,null_feature,,group_aware_random,random_cv,random_cv_09,elastic_net,elastic_net_permutation
null_exp_random_effect,1.4327356524379552e-05,0.0002902010556182,null_feature,,group_aware_random,random_cv,random_cv_09,elastic_net,elastic_net_permutation
ph,0.0,0.0,solution_chemistry,real,real,random_cv,random_cv_09,lightgbm,lightgbm_permutation
temp,6.30777588413789e-05,1.743946179270234e-05,solution_chemistry,real,real,random_cv,random_cv_09,lightgbm,lightgbm_permutation
ce,0.059795248439426,0.0165319277301342,solution_chemistry,real,real,random_cv,random_cv_09,lightgbm,lightgbm_permutation
rpm,0.1959896043678081,0.0541863452335764,solution_chemistry,real,real,random_cv,random_cv_09,lightgbm,lightgbm_permutation
sa,0.0510823591766138,0.0141230263646789,surface_area_porosity,real,real,random_cv,random_cv_09,lightgbm,lightgbm_permutation
fg_complexing,0.0,0.0,surface_functionality,real,real,random_cv,random_cv_09,lightgbm,lightgbm_permutation
fg_polar,0.0002443283321592,6.75508244400534e-05,surface_functionality,real,real,random_cv,random_cv_09,lightgbm,lightgbm_permutation
fg_any,0.0024082639693588,0.0006658262476634,surface_functionality,real,real,random_cv,random_cv_09,lightgbm,lightgbm_permutation
ags_aged,0.0486567188893182,0.013452395988931,aging_state,real,real,random_cv,random_cv_09,lightgbm,lightgbm_permutation
ags_virgin,0.0,0.0,aging_state,real,real,random_cv,random_cv_09,lightgbm,lightgbm_permutation
ph_missing,0.0014110222413377,0.0003901132335462,solution_chemistry,real,real,random_cv,random_cv_09,lightgbm,lightgbm_permutation
temp_missing,0.000360922356126,9.978622822697354e-05,solution_chemistry,real,real,random_cv,random_cv_09,lightgbm,lightgbm_permutation
rpm_missing,0.5732936970041707,0.1585017240394197,solution_chemistry,real,real,random_cv,random_cv_09,lightgbm,lightgbm_permutation
sa_missing,0.0299290543390067,0.0082746535264411,surface_area_porosity,real,real,random_cv,random_cv_09,lightgbm,lightgbm_permutation
metal_cd,0.0138629922422545,0.0038327792233279,metal_identity,real,real,random_cv,random_cv_09,lightgbm,lightgbm_permutation
metal_cr,0.0,0.0,metal_identity,real,real,random_cv,random_cv_09,lightgbm,lightgbm_permutation
metal_hg,0.0,0.0,metal_identity,real,real,random_cv,random_cv_09,lightgbm,lightgbm_permutation
ret_other,0.2003157696452519,0.055382424413476,polymer_identity,real,real,random_cv,random_cv_09,lightgbm,lightgbm_permutation
ret_pa,0.0041350248165349,0.0011432335045571,polymer_identity,real,real,random_cv,random_cv_09,lightgbm,lightgbm_permutation
ret_pe,0.0441013588108013,0.0121929500368154,polymer_identity,real,real,random_cv,random_cv_09,lightgbm,lightgbm_permutation
ret_pet,0.0,0.0,polymer_identity,real,real,random_cv,random_cv_09,lightgbm,lightgbm_permutation
ret_pla,0.0404922679943585,0.0111951244552499,polymer_identity,real,real,random_cv,random_cv_09,lightgbm,lightgbm_permutation
ret_pp,0.1986879839759322,0.0549323813791602,polymer_identity,real,real,random_cv,random_cv_09,lightgbm,lightgbm_permutation
ret_ps,9.16163097811562e-05,2.532967504496595e-05,polymer_identity,real,real,random_cv,random_cv_09,lightgbm,lightgbm_permutation
ret_pvc,0.0,0.0,polymer_identity,real,real,random_cv,random_cv_09,lightgbm,lightgbm_permutation
ce_log1p,0.0041578874984558,0.0011495544784655,solution_chemistry,real,real,random_cv,random_cv_09,lightgbm,lightgbm_permutation
rpm_log1p,0.0739995185733406,0.0204590619664116,solution_chemistry,real,real,random_cv,random_cv_09,lightgbm,lightgbm_permutation
sa_log1p,0.0266788382395804,0.0073760480508327,surface_area_porosity,real,real,random_cv,random_cv_09,lightgbm,lightgbm_permutation
temp_log1p,0.00093399383466,0.0002582265142795,solution_chemistry,real,real,random_cv,random_cv_09,lightgbm,lightgbm_permutation
ph_x_temp,0.0,0.0,solution_chemistry,real,real,random_cv,random_cv_09,lightgbm,lightgbm_permutation
ph_x_ce_log,0.0375346268941479,0.0103774088307402,solution_chemistry,real,real,random_cv,random_cv_09,lightgbm,lightgbm_permutation
temp_x_ce_log,0.2041295968583807,0.0564368546150084,solution_chemistry,real,real,random_cv,random_cv_09,lightgbm,lightgbm_permutation
ce_log_x_rpm_log,0.0513248472871199,0.0141900684127166,solution_chemistry,real,real,random_cv,random_cv_09,lightgbm,lightgbm_permutation
ce_over_rpm,0.0008758747817731,0.0002421580137356,solution_chemistry,real,real,random_cv,random_cv_09,lightgbm,lightgbm_permutation
ce_over_sa,0.0061224069758551,0.0016926961974552,solution_chemistry,real,real,random_cv,random_cv_09,lightgbm,lightgbm_permutation
cd_x_ph,0.0151345594845229,0.0041843365510725,other,real,real,random_cv,random_cv_09,lightgbm,lightgbm_permutation
cd_x_ce_log,0.0185762185415929,0.0051358713349923,other,real,real,random_cv,random_cv_09,lightgbm,lightgbm_permutation
cd_x_sa_log,0.0234594713706958,0.0064859716350267,other,real,real,random_cv,random_cv_09,lightgbm,lightgbm_permutation
cr_x_ph,5.704996989245869e-05,1.5772925171870342e-05,other,real,real,random_cv,random_cv_09,lightgbm,lightgbm_permutation
cr_x_ce_log,0.193437023646296,0.0534806189239664,other,real,real,random_cv,random_cv_09,lightgbm,lightgbm_permutation
cr_x_sa_log,0.0,0.0,other,real,real,random_cv,random_cv_09,lightgbm,lightgbm_permutation
hg_x_ph,0.0,0.0,other,real,real,random_cv,random_cv_09,lightgbm,lightgbm_permutation
hg_x_ce_log,0.6587213653017086,0.182120390661057,other,real,real,random_cv,random_cv_09,lightgbm,lightgbm_permutation
hg_x_sa_log,0.0,0.0,other,real,real,random_cv,random_cv_09,lightgbm,lightgbm_permutation
aged_x_fg_any,0.0,0.0,other,real,real,random_cv,random_cv_09,lightgbm,lightgbm_permutation
aged_x_fg_complexing,0.4222551971694586,0.1167432628087613,other,real,real,random_cv,random_cv_09,lightgbm,lightgbm_permutation
ret_ps_x_fg_any,0.0,0.0,polymer_identity,real,real,random_cv,random_cv_09,lightgbm,lightgbm_permutation
ret_pe_x_fg_any,0.0,0.0,polymer_identity,real,real,random_cv,random_cv_09,lightgbm,lightgbm_permutation
ret_pa_x_fg_any,0.0,0.0,polymer_identity,real,real,random_cv,random_cv_09,lightgbm,lightgbm_permutation
null_random_normal,0.0232440397150212,0.0064264100368171,null_feature,,random_noise,random_cv,random_cv_09,lightgbm,lightgbm_permutation
null_random_uniform,0.0043779051208993,0.0012103839846306,null_feature,,random_noise,random_cv,random_cv_09,lightgbm,lightgbm_permutation
null_random_binary,0.0119538815381913,0.0033049566786926,null_feature,,random_noise,random_cv,random_cv_09,lightgbm,lightgbm_permutation
null_perm_ph,0.0,0.0,null_feature,,permuted_real,random_cv,random_cv_09,lightgbm,lightgbm_permutation
null_perm_ce,0.0312811578292438,0.0086484771623928,null_feature,,permuted_real,random_cv,random_cv_09,lightgbm,lightgbm_permutation
null_study_random_effect,0.1776548670260171,0.0491172375603716,null_feature,,group_aware_random,random_cv,random_cv_09,lightgbm,lightgbm_permutation
null_exp_random_effect,0.1661239530314879,0.0459292210909182,null_feature,,group_aware_random,random_cv,random_cv_09,lightgbm,lightgbm_permutation
num__ph,105.0,0.0070267014655691,solution_chemistry,real,real,random_cv,random_cv_09,lightgbm,lightgbm_builtin_gain
num__temp,83.0,0.0055544402061165,solution_chemistry,real,real,random_cv,random_cv_09,lightgbm,lightgbm_builtin_gain
num__ce,617.0,0.0412902362310111,solution_chemistry,real,real,random_cv,random_cv_09,lightgbm,lightgbm_builtin_gain
num__rpm,283.0,0.0189386334738673,solution_chemistry,real,real,random_cv,random_cv_09,lightgbm,lightgbm_builtin_gain
num__sa,708.0,0.0473800441678377,surface_area_porosity,real,real,random_cv,random_cv_09,lightgbm,lightgbm_builtin_gain
num__fg_complexing,10.0,0.0006692096633875,surface_functionality,real,real,random_cv,random_cv_09,lightgbm,lightgbm_builtin_gain
num__fg_polar,16.0,0.00107073546142,surface_functionality,real,real,random_cv,random_cv_09,lightgbm,lightgbm_builtin_gain
num__fg_any,31.0,0.0020745499565013,surface_functionality,real,real,random_cv,random_cv_09,lightgbm,lightgbm_builtin_gain
num__ags_aged,93.0,0.0062236498695041,aging_state,real,real,random_cv,random_cv_09,lightgbm,lightgbm_builtin_gain
num__ags_virgin,16.0,0.00107073546142,aging_state,real,real,random_cv,random_cv_09,lightgbm,lightgbm_builtin_gain
num__ph_missing,52.0,0.0034798902496152,solution_chemistry,real,real,random_cv,random_cv_09,lightgbm,lightgbm_builtin_gain
num__temp_missing,81.0,0.005420598273439,solution_chemistry,real,real,random_cv,random_cv_09,lightgbm,lightgbm_builtin_gain
num__rpm_missing,187.0,0.0125142207053469,solution_chemistry,real,real,random_cv,random_cv_09,lightgbm,lightgbm_builtin_gain
num__sa_missing,64.0,0.0042829418456802,surface_area_porosity,real,real,random_cv,random_cv_09,lightgbm,lightgbm_builtin_gain
num__metal_cd,18.0,0.0012045773940975,metal_identity,real,real,random_cv,random_cv_09,lightgbm,lightgbm_builtin_gain
num__metal_cr,23.0,0.0015391822257913,metal_identity,real,real,random_cv,random_cv_09,lightgbm,lightgbm_builtin_gain
num__metal_hg,4.0,0.000267683865355,metal_identity,real,real,random_cv,random_cv_09,lightgbm,lightgbm_builtin_gain
num__ret_other,121.0,0.0080974369269892,polymer_identity,real,real,random_cv,random_cv_09,lightgbm,lightgbm_builtin_gain
num__ret_pa,79.0,0.0052867563407615,polymer_identity,real,real,random_cv,random_cv_09,lightgbm,lightgbm_builtin_gain
num__ret_pe,52.0,0.0034798902496152,polymer_identity,real,real,random_cv,random_cv_09,lightgbm,lightgbm_builtin_gain
num__ret_pet,9.0,0.0006022886970487,polymer_identity,real,real,random_cv,random_cv_09,lightgbm,lightgbm_builtin_gain
num__ret_pla,118.0,0.0078966740279729,polymer_identity,real,real,random_cv,random_cv_09,lightgbm,lightgbm_builtin_gain
num__ret_pp,102.0,0.0068259385665529,polymer_identity,real,real,random_cv,random_cv_09,lightgbm,lightgbm_builtin_gain
num__ret_ps,96.0,0.0064244127685203,polymer_identity,real,real,random_cv,random_cv_09,lightgbm,lightgbm_builtin_gain
num__ret_pvc,4.0,0.000267683865355,polymer_identity,real,real,random_cv,random_cv_09,lightgbm,lightgbm_builtin_gain
num__ce_log1p,28.0,0.0018737870574851,solution_chemistry,real,real,random_cv,random_cv_09,lightgbm,lightgbm_builtin_gain
num__rpm_log1p,102.0,0.0068259385665529,solution_chemistry,real,real,random_cv,random_cv_09,lightgbm,lightgbm_builtin_gain
num__sa_log1p,295.0,0.0197416850699324,surface_area_porosity,real,real,random_cv,random_cv_09,lightgbm,lightgbm_builtin_gain
num__temp_log1p,23.0,0.0015391822257913,solution_chemistry,real,real,random_cv,random_cv_09,lightgbm,lightgbm_builtin_gain
num__ph_x_temp,77.0,0.005152914408084,solution_chemistry,real,real,random_cv,random_cv_09,lightgbm,lightgbm_builtin_gain
num__ph_x_ce_log,908.0,0.0607642374355885,solution_chemistry,real,real,random_cv,random_cv_09,lightgbm,lightgbm_builtin_gain
num__temp_x_ce_log,867.0,0.0580204778156996,solution_chemistry,real,real,random_cv,random_cv_09,lightgbm,lightgbm_builtin_gain
num__ce_log_x_rpm_log,463.0,0.030984407414843,solution_chemistry,real,real,random_cv,random_cv_09,lightgbm,lightgbm_builtin_gain
num__ce_over_rpm,661.0,0.0442347587499163,solution_chemistry,real,real,random_cv,random_cv_09,lightgbm,lightgbm_builtin_gain
num__ce_over_sa,860.0,0.0575520310513283,solution_chemistry,real,real,random_cv,random_cv_09,lightgbm,lightgbm_builtin_gain
num__cd_x_ph,247.0,0.0165294786856722,other,real,real,random_cv,random_cv_09,lightgbm,lightgbm_builtin_gain
num__cd_x_ce_log,406.0,0.027169912333534,other,real,real,random_cv,random_cv_09,lightgbm,lightgbm_builtin_gain
num__cd_x_sa_log,373.0,0.0249615204443552,other,real,real,random_cv,random_cv_09,lightgbm,lightgbm_builtin_gain
num__cr_x_ph,0.0,0.0,other,real,real,random_cv,random_cv_09,lightgbm,lightgbm_builtin_gain
num__cr_x_ce_log,275.0,0.0184032657431573,other,real,real,random_cv,random_cv_09,lightgbm,lightgbm_builtin_gain
num__cr_x_sa_log,299.0,0.0200093689352874,other,real,real,random_cv,random_cv_09,lightgbm,lightgbm_builtin_gain
num__hg_x_ph,157.0,0.0105065917151843,other,real,real,random_cv,random_cv_09,lightgbm,lightgbm_builtin_gain
num__hg_x_ce_log,621.0,0.0415579200963661,other,real,real,random_cv,random_cv_09,lightgbm,lightgbm_builtin_gain
num__hg_x_sa_log,3.0,0.0002007628990162,other,real,real,random_cv,random_cv_09,lightgbm,lightgbm_builtin_gain
num__aged_x_fg_any,0.0,0.0,other,real,real,random_cv,random_cv_09,lightgbm,lightgbm_builtin_gain
num__aged_x_fg_complexing,96.0,0.0064244127685203,other,real,real,random_cv,random_cv_09,lightgbm,lightgbm_builtin_gain
num__ret_ps_x_fg_any,29.0,0.0019407080238238,polymer_identity,real,real,random_cv,random_cv_09,lightgbm,lightgbm_builtin_gain
num__ret_pe_x_fg_any,20.0,0.001338419326775,polymer_identity,real,real,random_cv,random_cv_09,lightgbm,lightgbm_builtin_gain
num__ret_pa_x_fg_any,6.0,0.0004015257980325,polymer_identity,real,real,random_cv,random_cv_09,lightgbm,lightgbm_builtin_gain
num__null_random_normal,964.0,0.0645118115505588,null_feature,real,random_noise,random_cv,random_cv_09,lightgbm,lightgbm_builtin_gain
num__null_random_uniform,858.0,0.0574181891186508,null_feature,real,random_noise,random_cv,random_cv_09,lightgbm,lightgbm_builtin_gain
num__null_random_binary,107.0,0.0071605433982466,null_feature,real,random_noise,random_cv,random_cv_09,lightgbm,lightgbm_builtin_gain
num__null_perm_ph,707.0,0.047313123201499,null_feature,real,permuted_real,random_cv,random_cv_09,lightgbm,lightgbm_builtin_gain
num__null_perm_ce,829.0,0.055477481094827,null_feature,real,permuted_real,random_cv,random_cv_09,lightgbm,lightgbm_builtin_gain
num__null_study_random_effect,512.0,0.034263534765442,null_feature,real,group_aware_random,random_cv,random_cv_09,lightgbm,lightgbm_builtin_gain
num__null_exp_random_effect,1178.0,0.0788328983470521,null_feature,real,group_aware_random,random_cv,random_cv_09,lightgbm,lightgbm_builtin_gain
ph,0.0020516437571569,0.002549145183537,solution_chemistry,real,real,random_cv,random_cv_09,lightgbm,lightgbm_shap
temp,0.002605600718091,0.0032374307174783,solution_chemistry,real,real,random_cv,random_cv_09,lightgbm,lightgbm_shap
ce,0.0123667837545313,0.0153655950911247,solution_chemistry,real,real,random_cv,random_cv_09,lightgbm,lightgbm_shap
rpm,0.0442345633386925,0.0549609666333831,solution_chemistry,real,real,random_cv,random_cv_09,lightgbm,lightgbm_shap
sa,0.0237222046914941,0.0294745828174379,surface_area_porosity,real,real,random_cv,random_cv_09,lightgbm,lightgbm_shap
fg_complexing,0.0001104776972255,0.0001372673441909,surface_functionality,real,real,random_cv,random_cv_09,lightgbm,lightgbm_shap
fg_polar,0.0034600583739969,0.0042990851155631,surface_functionality,real,real,random_cv,random_cv_09,lightgbm,lightgbm_shap
fg_any,0.0023713225475225,0.0029463426238318,surface_functionality,real,real,random_cv,random_cv_09,lightgbm,lightgbm_shap
ags_aged,0.021088290698121,0.0262019731615773,aging_state,real,real,random_cv,random_cv_09,lightgbm,lightgbm_shap
ags_virgin,0.0010232207479357,0.0012713407150713,aging_state,real,real,random_cv,random_cv_09,lightgbm,lightgbm_shap
ph_missing,0.004353490426862,0.0054091647804336,solution_chemistry,real,real,random_cv,random_cv_09,lightgbm,lightgbm_shap
temp_missing,0.0018383545318034,0.0022841356273635,solution_chemistry,real,real,random_cv,random_cv_09,lightgbm,lightgbm_shap
rpm_missing,0.0790918074310224,0.0982707155015148,solution_chemistry,real,real,random_cv,random_cv_09,lightgbm,lightgbm_shap
sa_missing,0.0065465523931331,0.0081340205596188,surface_area_porosity,real,real,random_cv,random_cv_09,lightgbm,lightgbm_shap
metal_cd,0.0004208282946177,0.0005228746055833,metal_identity,real,real,random_cv,random_cv_09,lightgbm,lightgbm_shap
metal_cr,0.0012215399993388,0.001517750240484,metal_identity,real,real,random_cv,random_cv_09,lightgbm,lightgbm_shap
metal_hg,5.683709837525113e-05,7.061948014321301e-05,metal_identity,real,real,random_cv,random_cv_09,lightgbm,lightgbm_shap
ret_other,0.0521290803019403,0.0647698185956271,polymer_identity,real,real,random_cv,random_cv_09,lightgbm,lightgbm_shap
ret_pa,0.0184856562491371,0.02296822800139,polymer_identity,real,real,random_cv,random_cv_09,lightgbm,lightgbm_shap
ret_pe,0.0143416707528367,0.017819370831771,polymer_identity,real,real,random_cv,random_cv_09,lightgbm,lightgbm_shap
ret_pet,6.698932307682047e-05,8.323350955739042e-05,polymer_identity,real,real,random_cv,random_cv_09,lightgbm,lightgbm_shap
ret_pla,0.008995625085916,0.0111769668982126,polymer_identity,real,real,random_cv,random_cv_09,lightgbm,lightgbm_shap
ret_pp,0.0206623816309368,0.0256727857510193,polymer_identity,real,real,random_cv,random_cv_09,lightgbm,lightgbm_shap
ret_ps,0.0039087337597871,0.0048565594308133,polymer_identity,real,real,random_cv,random_cv_09,lightgbm,lightgbm_shap
ret_pvc,0.0001751807366162,0.0002176601709901,polymer_identity,real,real,random_cv,random_cv_09,lightgbm,lightgbm_shap
ce_log1p,0.000712265366593,0.00088498201616,solution_chemistry,real,real,random_cv,random_cv_09,lightgbm,lightgbm_shap
rpm_log1p,0.0108830323614813,0.0135220500292857,solution_chemistry,real,real,random_cv,random_cv_09,lightgbm,lightgbm_shap
sa_log1p,0.0054919472170428,0.0068236850319299,surface_area_porosity,real,real,random_cv,random_cv_09,lightgbm,lightgbm_shap
temp_log1p,0.0014188511478423,0.0017629072089446,solution_chemistry,real,real,random_cv,random_cv_09,lightgbm,lightgbm_shap
ph_x_temp,0.0009959469170853,0.0012374532751557,solution_chemistry,real,real,random_cv,random_cv_09,lightgbm,lightgbm_shap
ph_x_ce_log,0.0331717897821866,0.0412155901128479,solution_chemistry,real,real,random_cv,random_cv_09,lightgbm,lightgbm_shap
temp_x_ce_log,0.0686582786611664,0.0853071688242742,solution_chemistry,real,real,random_cv,random_cv_09,lightgbm,lightgbm_shap
ce_log_x_rpm_log,0.0373055688353038,0.0463517658871756,solution_chemistry,real,real,random_cv,random_cv_09,lightgbm,lightgbm_shap
ce_over_rpm,0.0103447210598675,0.012853204057871,solution_chemistry,real,real,random_cv,random_cv_09,lightgbm,lightgbm_shap
ce_over_sa,0.0154071557508472,0.0191432244205506,solution_chemistry,real,real,random_cv,random_cv_09,lightgbm,lightgbm_shap
cd_x_ph,0.0069335753275026,0.008614892370636,other,real,real,random_cv,random_cv_09,lightgbm,lightgbm_shap
cd_x_ce_log,0.0079758090332821,0.0099098564802384,other,real,real,random_cv,random_cv_09,lightgbm,lightgbm_shap
cd_x_sa_log,0.0120294916904154,0.0149465133486502,other,real,real,random_cv,random_cv_09,lightgbm,lightgbm_shap
cr_x_ph,0.0,0.0,other,real,real,random_cv,random_cv_09,lightgbm,lightgbm_shap
cr_x_ce_log,0.0696965543593392,0.0865972151522236,other,real,real,random_cv,random_cv_09,lightgbm,lightgbm_shap
cr_x_sa_log,0.0046680857029299,0.0058000460091823,other,real,real,random_cv,random_cv_09,lightgbm,lightgbm_shap
hg_x_ph,0.0021393658517697,0.0026581389375413,other,real,real,random_cv,random_cv_09,lightgbm,lightgbm_shap
hg_x_ce_log,0.0466195897973065,0.0579243362185636,other,real,real,random_cv,random_cv_09,lightgbm,lightgbm_shap
hg_x_sa_log,5.584332219131077e-05,6.938472398051746e-05,other,real,real,random_cv,random_cv_09,lightgbm,lightgbm_shap
aged_x_fg_any,0.0,0.0,other,real,real,random_cv,random_cv_09,lightgbm,lightgbm_shap
aged_x_fg_complexing,0.0469288857176766,0.0583086330551604,other,real,real,random_cv,random_cv_09,lightgbm,lightgbm_shap
ret_ps_x_fg_any,0.0004803465251016,0.00059682536338,polymer_identity,real,real,random_cv,random_cv_09,lightgbm,lightgbm_shap
ret_pe_x_fg_any,0.0007786751365226,0.0009674954371988,polymer_identity,real,real,random_cv,random_cv_09,lightgbm,lightgbm_shap
ret_pa_x_fg_any,0.0021566297837497,0.002679589186349,polymer_identity,real,real,random_cv,random_cv_09,lightgbm,lightgbm_shap
null_random_normal,0.0069713128886647,0.0086617808823181,null_feature,,random_noise,random_cv,random_cv_09,lightgbm,lightgbm_shap
null_random_uniform,0.0055074079333582,0.0068428948047728,null_feature,,random_noise,random_cv,random_cv_09,lightgbm,lightgbm_shap
null_random_binary,0.0018407047150269,0.0022870557046058,null_feature,,random_noise,random_cv,random_cv_09,lightgbm,lightgbm_shap
null_perm_ph,0.0039453770569178,0.0049020883312688,null_feature,,permuted_real,random_cv,random_cv_09,lightgbm,lightgbm_shap
null_perm_ce,0.0059494527941361,0.0073921307643922,null_feature,,permuted_real,random_cv,random_cv_09,lightgbm,lightgbm_shap
null_study_random_effect,0.0490455082611306,0.0609385136780463,null_feature,,group_aware_random,random_cv,random_cv_09,lightgbm,lightgbm_shap
null_exp_random_effect,0.0213949107814438,0.0265829452995771,null_feature,,group_aware_random,random_cv,random_cv_09,lightgbm,lightgbm_shap
num__ph,0.0,0.0,solution_chemistry,real,real,random_cv,random_cv_10,elastic_net,elastic_net_coef
num__temp,0.0028113114724318,0.1174442388926818,solution_chemistry,real,real,random_cv,random_cv_10,elastic_net,elastic_net_coef
num__ce,0.0,0.0,solution_chemistry,real,real,random_cv,random_cv_10,elastic_net,elastic_net_coef
num__rpm,0.0,0.0,solution_chemistry,real,real,random_cv,random_cv_10,elastic_net,elastic_net_coef
num__sa,0.0,0.0,surface_area_porosity,real,real,random_cv,random_cv_10,elastic_net,elastic_net_coef
num__fg_complexing,0.0,0.0,surface_functionality,real,real,random_cv,random_cv_10,elastic_net,elastic_net_coef
num__fg_polar,0.0,0.0,surface_functionality,real,real,random_cv,random_cv_10,elastic_net,elastic_net_coef
num__fg_any,0.0,0.0,surface_functionality,real,real,random_cv,random_cv_10,elastic_net,elastic_net_coef
num__ags_aged,0.0,0.0,aging_state,real,real,random_cv,random_cv_10,elastic_net,elastic_net_coef
num__ags_virgin,0.0,0.0,aging_state,real,real,random_cv,random_cv_10,elastic_net,elastic_net_coef
num__ph_missing,0.0,0.0,solution_chemistry,real,real,random_cv,random_cv_10,elastic_net,elastic_net_coef
num__temp_missing,0.0,0.0,solution_chemistry,real,real,random_cv,random_cv_10,elastic_net,elastic_net_coef
num__rpm_missing,0.0,0.0,solution_chemistry,real,real,random_cv,random_cv_10,elastic_net,elastic_net_coef
num__sa_missing,0.0,0.0,surface_area_porosity,real,real,random_cv,random_cv_10,elastic_net,elastic_net_coef
num__metal_cd,0.0,0.0,metal_identity,real,real,random_cv,random_cv_10,elastic_net,elastic_net_coef
num__metal_cr,0.0,0.0,metal_identity,real,real,random_cv,random_cv_10,elastic_net,elastic_net_coef
num__metal_hg,0.0,0.0,metal_identity,real,real,random_cv,random_cv_10,elastic_net,elastic_net_coef
num__ret_other,0.0,0.0,polymer_identity,real,real,random_cv,random_cv_10,elastic_net,elastic_net_coef
num__ret_pa,0.0,0.0,polymer_identity,real,real,random_cv,random_cv_10,elastic_net,elastic_net_coef
num__ret_pe,0.0,0.0,polymer_identity,real,real,random_cv,random_cv_10,elastic_net,elastic_net_coef
num__ret_pet,0.0,0.0,polymer_identity,real,real,random_cv,random_cv_10,elastic_net,elastic_net_coef
num__ret_pla,0.0,0.0,polymer_identity,real,real,random_cv,random_cv_10,elastic_net,elastic_net_coef
num__ret_pp,0.0,0.0,polymer_identity,real,real,random_cv,random_cv_10,elastic_net,elastic_net_coef
num__ret_ps,0.0,0.0,polymer_identity,real,real,random_cv,random_cv_10,elastic_net,elastic_net_coef
num__ret_pvc,0.0,0.0,polymer_identity,real,real,random_cv,random_cv_10,elastic_net,elastic_net_coef
num__ce_log1p,0.0,0.0,solution_chemistry,real,real,random_cv,random_cv_10,elastic_net,elastic_net_coef
num__rpm_log1p,0.0,0.0,solution_chemistry,real,real,random_cv,random_cv_10,elastic_net,elastic_net_coef
num__sa_log1p,0.0,0.0,surface_area_porosity,real,real,random_cv,random_cv_10,elastic_net,elastic_net_coef
num__temp_log1p,0.0,0.0,solution_chemistry,real,real,random_cv,random_cv_10,elastic_net,elastic_net_coef
num__ph_x_temp,0.0,0.0,solution_chemistry,real,real,random_cv,random_cv_10,elastic_net,elastic_net_coef
num__ph_x_ce_log,0.0,0.0,solution_chemistry,real,real,random_cv,random_cv_10,elastic_net,elastic_net_coef
num__temp_x_ce_log,0.0,0.0,solution_chemistry,real,real,random_cv,random_cv_10,elastic_net,elastic_net_coef
num__ce_log_x_rpm_log,0.0,0.0,solution_chemistry,real,real,random_cv,random_cv_10,elastic_net,elastic_net_coef
num__ce_over_rpm,0.0211261034143108,0.8825557611073181,solution_chemistry,real,real,random_cv,random_cv_10,elastic_net,elastic_net_coef
num__ce_over_sa,0.0,0.0,solution_chemistry,real,real,random_cv,random_cv_10,elastic_net,elastic_net_coef
num__cd_x_ph,0.0,0.0,other,real,real,random_cv,random_cv_10,elastic_net,elastic_net_coef
num__cd_x_ce_log,0.0,0.0,other,real,real,random_cv,random_cv_10,elastic_net,elastic_net_coef
num__cd_x_sa_log,0.0,0.0,other,real,real,random_cv,random_cv_10,elastic_net,elastic_net_coef
num__cr_x_ph,0.0,0.0,other,real,real,random_cv,random_cv_10,elastic_net,elastic_net_coef
num__cr_x_ce_log,0.0,0.0,other,real,real,random_cv,random_cv_10,elastic_net,elastic_net_coef
num__cr_x_sa_log,0.0,0.0,other,real,real,random_cv,random_cv_10,elastic_net,elastic_net_coef
num__hg_x_ph,0.0,0.0,other,real,real,random_cv,random_cv_10,elastic_net,elastic_net_coef
num__hg_x_ce_log,0.0,0.0,other,real,real,random_cv,random_cv_10,elastic_net,elastic_net_coef
num__hg_x_sa_log,0.0,0.0,other,real,real,random_cv,random_cv_10,elastic_net,elastic_net_coef
num__aged_x_fg_any,0.0,0.0,other,real,real,random_cv,random_cv_10,elastic_net,elastic_net_coef
num__aged_x_fg_complexing,0.0,0.0,other,real,real,random_cv,random_cv_10,elastic_net,elastic_net_coef
num__ret_ps_x_fg_any,0.0,0.0,polymer_identity,real,real,random_cv,random_cv_10,elastic_net,elastic_net_coef
num__ret_pe_x_fg_any,0.0,0.0,polymer_identity,real,real,random_cv,random_cv_10,elastic_net,elastic_net_coef
num__ret_pa_x_fg_any,0.0,0.0,polymer_identity,real,real,random_cv,random_cv_10,elastic_net,elastic_net_coef
num__null_random_normal,0.0,0.0,null_feature,real,random_noise,random_cv,random_cv_10,elastic_net,elastic_net_coef
num__null_random_uniform,0.0,0.0,null_feature,real,random_noise,random_cv,random_cv_10,elastic_net,elastic_net_coef
num__null_random_binary,0.0,0.0,null_feature,real,random_noise,random_cv,random_cv_10,elastic_net,elastic_net_coef
num__null_perm_ph,0.0,0.0,null_feature,real,permuted_real,random_cv,random_cv_10,elastic_net,elastic_net_coef
num__null_perm_ce,0.0,0.0,null_feature,real,permuted_real,random_cv,random_cv_10,elastic_net,elastic_net_coef
num__null_study_random_effect,0.0,0.0,null_feature,real,group_aware_random,random_cv,random_cv_10,elastic_net,elastic_net_coef
num__null_exp_random_effect,0.0,0.0,null_feature,real,group_aware_random,random_cv,random_cv_10,elastic_net,elastic_net_coef
ph,0.0,0.0,solution_chemistry,real,real,random_cv,random_cv_10,elastic_net,elastic_net_permutation
temp,0.001862898912075,0.0341374995384515,solution_chemistry,real,real,random_cv,random_cv_10,elastic_net,elastic_net_permutation
ce,0.0,0.0,solution_chemistry,real,real,random_cv,random_cv_10,elastic_net,elastic_net_permutation
rpm,0.0,0.0,solution_chemistry,real,real,random_cv,random_cv_10,elastic_net,elastic_net_permutation
sa,2.3532276617999058e-06,4.312274149598636e-05,surface_area_porosity,real,real,random_cv,random_cv_10,elastic_net,elastic_net_permutation
fg_complexing,0.0,0.0,surface_functionality,real,real,random_cv,random_cv_10,elastic_net,elastic_net_permutation
fg_polar,0.0,0.0,surface_functionality,real,real,random_cv,random_cv_10,elastic_net,elastic_net_permutation
fg_any,0.0,0.0,surface_functionality,real,real,random_cv,random_cv_10,elastic_net,elastic_net_permutation
ags_aged,0.0,0.0,aging_state,real,real,random_cv,random_cv_10,elastic_net,elastic_net_permutation
ags_virgin,0.0,0.0,aging_state,real,real,random_cv,random_cv_10,elastic_net,elastic_net_permutation
ph_missing,1.6689234225264471e-06,3.058291150256088e-05,solution_chemistry,real,real,random_cv,random_cv_10,elastic_net,elastic_net_permutation
temp_missing,1.4350855662659255e-05,0.0002629784822917,solution_chemistry,real,real,random_cv,random_cv_10,elastic_net,elastic_net_permutation
rpm_missing,2.8329552246519897e-06,5.1913717404176655e-05,solution_chemistry,real,real,random_cv,random_cv_10,elastic_net,elastic_net_permutation
sa_missing,0.0,0.0,surface_area_porosity,real,real,random_cv,random_cv_10,elastic_net,elastic_net_permutation
metal_cd,0.0,0.0,metal_identity,real,real,random_cv,random_cv_10,elastic_net,elastic_net_permutation
metal_cr,0.0,0.0,metal_identity,real,real,random_cv,random_cv_10,elastic_net,elastic_net_permutation
metal_hg,0.0,0.0,metal_identity,real,real,random_cv,random_cv_10,elastic_net,elastic_net_permutation
ret_other,0.0,0.0,polymer_identity,real,real,random_cv,random_cv_10,elastic_net,elastic_net_permutation
ret_pa,1.6824736673637374e-06,3.0831218844349845e-05,polymer_identity,real,real,random_cv,random_cv_10,elastic_net,elastic_net_permutation
ret_pe,0.0,0.0,polymer_identity,real,real,random_cv,random_cv_10,elastic_net,elastic_net_permutation
ret_pet,4.097979726713774e-06,7.509520786259439e-05,polymer_identity,real,real,random_cv,random_cv_10,elastic_net,elastic_net_permutation
ret_pla,2.116931560938173e-05,0.0003879263105262,polymer_identity,real,real,random_cv,random_cv_10,elastic_net,elastic_net_permutation
ret_pp,0.0,0.0,polymer_identity,real,real,random_cv,random_cv_10,elastic_net,elastic_net_permutation
ret_ps,0.0,0.0,polymer_identity,real,real,random_cv,random_cv_10,elastic_net,elastic_net_permutation
ret_pvc,0.0,0.0,polymer_identity,real,real,random_cv,random_cv_10,elastic_net,elastic_net_permutation
ce_log1p,1.6944599183910115e-05,0.0003105086610285,solution_chemistry,real,real,random_cv,random_cv_10,elastic_net,elastic_net_permutation
rpm_log1p,0.0,0.0,solution_chemistry,real,real,random_cv,random_cv_10,elastic_net,elastic_net_permutation
sa_log1p,8.056933420363954e-06,0.0001476427728505,surface_area_porosity,real,real,random_cv,random_cv_10,elastic_net,elastic_net_permutation
temp_log1p,5.287298524936368e-06,9.688939629774248e-05,solution_chemistry,real,real,random_cv,random_cv_10,elastic_net,elastic_net_permutation
ph_x_temp,6.907840631495966e-05,0.0012658572338029,solution_chemistry,real,real,random_cv,random_cv_10,elastic_net,elastic_net_permutation
ph_x_ce_log,2.438246825191559e-05,0.0004468071205049,solution_chemistry,real,real,random_cv,random_cv_10,elastic_net,elastic_net_permutation
temp_x_ce_log,0.0003719412135826,0.0068157981760088,solution_chemistry,real,real,random_cv,random_cv_10,elastic_net,elastic_net_permutation
ce_log_x_rpm_log,6.186453936227743e-05,0.0011336635982968,solution_chemistry,real,real,random_cv,random_cv_10,elastic_net,elastic_net_permutation
ce_over_rpm,0.0520496178777334,0.9538058102672512,solution_chemistry,real,real,random_cv,random_cv_10,elastic_net,elastic_net_permutation
ce_over_sa,2.517473746002086e-05,0.0004613254014222,solution_chemistry,real,real,random_cv,random_cv_10,elastic_net,elastic_net_permutation
cd_x_ph,0.0,0.0,other,real,real,random_cv,random_cv_10,elastic_net,elastic_net_permutation
cd_x_ce_log,2.3744898767219527e-07,4.351237018028213e-06,other,real,real,random_cv,random_cv_10,elastic_net,elastic_net_permutation
cd_x_sa_log,1.4608561618723035e-05,0.0002677009269177,other,real,real,random_cv,random_cv_10,elastic_net,elastic_net_permutation
cr_x_ph,2.512730567882926e-06,4.6045621716430376e-05,other,real,real,random_cv,random_cv_10,elastic_net,elastic_net_permutation
cr_x_ce_log,0.0,0.0,other,real,real,random_cv,random_cv_10,elastic_net,elastic_net_permutation
cr_x_sa_log,0.0,0.0,other,real,real,random_cv,random_cv_10,elastic_net,elastic_net_permutation
hg_x_ph,0.0,0.0,other,real,real,random_cv,random_cv_10,elastic_net,elastic_net_permutation
hg_x_ce_log,1.830297092375588e-06,3.354007334547435e-05,other,real,real,random_cv,random_cv_10,elastic_net,elastic_net_permutation
hg_x_sa_log,4.823223809613531e-06,8.838525778681594e-05,other,real,real,random_cv,random_cv_10,elastic_net,elastic_net_permutation
aged_x_fg_any,0.0,0.0,other,real,real,random_cv,random_cv_10,elastic_net,elastic_net_permutation
aged_x_fg_complexing,0.0,0.0,other,real,real,random_cv,random_cv_10,elastic_net,elastic_net_permutation
ret_ps_x_fg_any,0.0,0.0,polymer_identity,real,real,random_cv,random_cv_10,elastic_net,elastic_net_permutation
ret_pe_x_fg_any,0.0,0.0,polymer_identity,real,real,random_cv,random_cv_10,elastic_net,elastic_net_permutation
ret_pa_x_fg_any,1.6824736673637374e-06,3.0831218844349845e-05,polymer_identity,real,real,random_cv,random_cv_10,elastic_net,elastic_net_permutation
null_random_normal,1.3584173663039322e-06,2.4892908528016448e-05,null_feature,,random_noise,random_cv,random_cv_10,elastic_net,elastic_net_permutation
null_random_uniform,0.0,0.0,null_feature,,random_noise,random_cv,random_cv_10,elastic_net,elastic_net_permutation
null_random_binary,0.0,0.0,null_feature,,random_noise,random_cv,random_cv_10,elastic_net,elastic_net_permutation
null_perm_ph,0.0,0.0,null_feature,,permuted_real,random_cv,random_cv_10,elastic_net,elastic_net_permutation
null_perm_ce,0.0,0.0,null_feature,,permuted_real,random_cv,random_cv_10,elastic_net,elastic_net_permutation
null_study_random_effect,0.0,0.0,null_feature,,group_aware_random,random_cv,random_cv_10,elastic_net,elastic_net_permutation
null_exp_random_effect,0.0,0.0,null_feature,,group_aware_random,random_cv,random_cv_10,elastic_net,elastic_net_permutation
ph,0.0,0.0,solution_chemistry,real,real,random_cv,random_cv_10,lightgbm,lightgbm_permutation
temp,0.0,0.0,solution_chemistry,real,real,random_cv,random_cv_10,lightgbm,lightgbm_permutation
ce,0.2017017570261798,0.0420452513714731,solution_chemistry,real,real,random_cv,random_cv_10,lightgbm,lightgbm_permutation
rpm,0.1910740629063726,0.0398298811270363,solution_chemistry,real,real,random_cv,random_cv_10,lightgbm,lightgbm_permutation
sa,0.1094506629425888,0.0228152729259479,surface_area_porosity,real,real,random_cv,random_cv_10,lightgbm,lightgbm_permutation
fg_complexing,0.0,0.0,surface_functionality,real,real,random_cv,random_cv_10,lightgbm,lightgbm_permutation
fg_polar,0.0,0.0,surface_functionality,real,real,random_cv,random_cv_10,lightgbm,lightgbm_permutation
fg_any,0.0,0.0,surface_functionality,real,real,random_cv,random_cv_10,lightgbm,lightgbm_permutation
ags_aged,0.2659532699277156,0.055438644918322,aging_state,real,real,random_cv,random_cv_10,lightgbm,lightgbm_permutation
ags_virgin,0.0,0.0,aging_state,real,real,random_cv,random_cv_10,lightgbm,lightgbm_permutation
ph_missing,0.0020624518092758,0.0004299233979964,solution_chemistry,real,real,random_cv,random_cv_10,lightgbm,lightgbm_permutation
temp_missing,0.0003306727125345,6.892957961887154e-05,solution_chemistry,real,real,random_cv,random_cv_10,lightgbm,lightgbm_permutation
rpm_missing,0.4838936048672732,0.1008688697295386,solution_chemistry,real,real,random_cv,random_cv_10,lightgbm,lightgbm_permutation
sa_missing,0.0465908125155929,0.009711975010535,surface_area_porosity,real,real,random_cv,random_cv_10,lightgbm,lightgbm_permutation
metal_cd,0.036172362940048,0.0075402223309193,metal_identity,real,real,random_cv,random_cv_10,lightgbm,lightgbm_permutation
metal_cr,0.0,0.0,metal_identity,real,real,random_cv,random_cv_10,lightgbm,lightgbm_permutation
metal_hg,0.0046529358496876,0.0009699164761864,metal_identity,real,real,random_cv,random_cv_10,lightgbm,lightgbm_permutation
ret_other,0.0499052393241771,0.0104028758255497,polymer_identity,real,real,random_cv,random_cv_10,lightgbm,lightgbm_permutation
ret_pa,0.0040668115561276,0.0008477373557812,polymer_identity,real,real,random_cv,random_cv_10,lightgbm,lightgbm_permutation
ret_pe,0.0005985717776474,0.000124773830561,polymer_identity,real,real,random_cv,random_cv_10,lightgbm,lightgbm_permutation
ret_pet,0.0,0.0,polymer_identity,real,real,random_cv,random_cv_10,lightgbm,lightgbm_permutation
ret_pla,0.2134756012229,0.0444995395549687,polymer_identity,real,real,random_cv,random_cv_10,lightgbm,lightgbm_permutation
ret_pp,0.3217569961172515,0.0670710755411219,polymer_identity,real,real,random_cv,random_cv_10,lightgbm,lightgbm_permutation
ret_ps,0.004184131208582,0.0008721929398623,polymer_identity,real,real,random_cv,random_cv_10,lightgbm,lightgbm_permutation
ret_pvc,0.0,0.0,polymer_identity,real,real,random_cv,random_cv_10,lightgbm,lightgbm_permutation
ce_log1p,0.0422061274489169,0.0087979761017937,solution_chemistry,real,real,random_cv,random_cv_10,lightgbm,lightgbm_permutation
rpm_log1p,0.0082078513431294,0.0017109477776971,solution_chemistry,real,real,random_cv,random_cv_10,lightgbm,lightgbm_permutation
sa_log1p,0.0,0.0,surface_area_porosity,real,real,random_cv,random_cv_10,lightgbm,lightgbm_permutation
temp_log1p,0.00151438493267,0.0003156774442922,solution_chemistry,real,real,random_cv,random_cv_10,lightgbm,lightgbm_permutation
ph_x_temp,0.0008170231198574,0.0001703105761555,solution_chemistry,real,real,random_cv,random_cv_10,lightgbm,lightgbm_permutation
ph_x_ce_log,0.1023489832988446,0.0213349094914234,solution_chemistry,real,real,random_cv,random_cv_10,lightgbm,lightgbm_permutation
temp_x_ce_log,0.1595014650438006,0.0332484916877268,solution_chemistry,real,real,random_cv,random_cv_10,lightgbm,lightgbm_permutation
ce_log_x_rpm_log,0.0757381957713375,0.0157878222112582,solution_chemistry,real,real,random_cv,random_cv_10,lightgbm,lightgbm_permutation
ce_over_rpm,0.0,0.0,solution_chemistry,real,real,random_cv,random_cv_10,lightgbm,lightgbm_permutation
ce_over_sa,0.0225603285988065,0.0047027586717389,solution_chemistry,real,real,random_cv,random_cv_10,lightgbm,lightgbm_permutation
cd_x_ph,0.0555956212343592,0.0115890506082623,other,real,real,random_cv,random_cv_10,lightgbm,lightgbm_permutation
cd_x_ce_log,0.0078205094328523,0.0016302053576785,other,real,real,random_cv,random_cv_10,lightgbm,lightgbm_permutation
cd_x_sa_log,0.0,0.0,other,real,real,random_cv,random_cv_10,lightgbm,lightgbm_permutation
cr_x_ph,0.0002687188822627,5.601514394112573e-05,other,real,real,random_cv,random_cv_10,lightgbm,lightgbm_permutation
cr_x_ce_log,0.1974051530985025,0.0411496132032869,other,real,real,random_cv,random_cv_10,lightgbm,lightgbm_permutation
cr_x_sa_log,0.0343627359638417,0.0071630009213244,other,real,real,random_cv,random_cv_10,lightgbm,lightgbm_permutation
hg_x_ph,0.000280981450036,5.8571307814415496e-05,other,real,real,random_cv,random_cv_10,lightgbm,lightgbm_permutation
hg_x_ce_log,0.944196490451867,0.1968201931922622,other,real,real,random_cv,random_cv_10,lightgbm,lightgbm_permutation
hg_x_sa_log,0.0075183724874477,0.0015672241323018,other,real,real,random_cv,random_cv_10,lightgbm,lightgbm_permutation
aged_x_fg_any,0.0,0.0,other,real,real,random_cv,random_cv_10,lightgbm,lightgbm_permutation
aged_x_fg_complexing,0.4712580082517116,0.0982349470321728,other,real,real,random_cv,random_cv_10,lightgbm,lightgbm_permutation
ret_ps_x_fg_any,0.000515469341422,0.0001074509134373,polymer_identity,real,real,random_cv,random_cv_10,lightgbm,lightgbm_permutation
ret_pe_x_fg_any,0.0414695065219276,0.0086444255700711,polymer_identity,real,real,random_cv,random_cv_10,lightgbm,lightgbm_permutation
ret_pa_x_fg_any,0.0004601814988141,9.592602007740522e-05,polymer_identity,real,real,random_cv,random_cv_10,lightgbm,lightgbm_permutation
null_random_normal,0.0040869037738903,0.0008519256303847,null_feature,,random_noise,random_cv,random_cv_10,lightgbm,lightgbm_permutation
null_random_uniform,0.0110662447966344,0.0023067872638926,null_feature,,random_noise,random_cv,random_cv_10,lightgbm,lightgbm_permutation
null_random_binary,0.0059463247800377,0.0012395267339225,null_feature,,random_noise,random_cv,random_cv_10,lightgbm,lightgbm_permutation
null_perm_ph,0.0316146950924631,0.0065901647154345,null_feature,,permuted_real,random_cv,random_cv_10,lightgbm,lightgbm_permutation
null_perm_ce,0.0,0.0,null_feature,,permuted_real,random_cv,random_cv_10,lightgbm,lightgbm_permutation
null_study_random_effect,0.4722877678436566,0.098449603074509,null_feature,,group_aware_random,random_cv,random_cv_10,lightgbm,lightgbm_permutation
null_exp_random_effect,0.1623361702693459,0.0338393933017202,null_feature,,group_aware_random,random_cv,random_cv_10,lightgbm,lightgbm_permutation
num__ph,65.0,0.0043536503683858,solution_chemistry,real,real,random_cv,random_cv_10,lightgbm,lightgbm_builtin_gain
num__temp,86.0,0.0057602143335565,solution_chemistry,real,real,random_cv,random_cv_10,lightgbm,lightgbm_builtin_gain
num__ce,600.0,0.0401875418620227,solution_chemistry,real,real,random_cv,random_cv_10,lightgbm,lightgbm_builtin_gain
num__rpm,351.0,0.0235097119892833,solution_chemistry,real,real,random_cv,random_cv_10,lightgbm,lightgbm_builtin_gain
num__sa,745.0,0.0498995311453449,surface_area_porosity,real,real,random_cv,random_cv_10,lightgbm,lightgbm_builtin_gain
num__fg_complexing,9.0,0.0006028131279303,surface_functionality,real,real,random_cv,random_cv_10,lightgbm,lightgbm_builtin_gain
num__fg_polar,13.0,0.0008707300736771,surface_functionality,real,real,random_cv,random_cv_10,lightgbm,lightgbm_builtin_gain
num__fg_any,4.0,0.0002679169457468,surface_functionality,real,real,random_cv,random_cv_10,lightgbm,lightgbm_builtin_gain
num__ags_aged,104.0,0.0069658405894172,aging_state,real,real,random_cv,random_cv_10,lightgbm,lightgbm_builtin_gain
num__ags_virgin,6.0,0.0004018754186202,aging_state,real,real,random_cv,random_cv_10,lightgbm,lightgbm_builtin_gain
num__ph_missing,46.0,0.0030810448760884,solution_chemistry,real,real,random_cv,random_cv_10,lightgbm,lightgbm_builtin_gain
num__temp_missing,37.0,0.002478231748158,solution_chemistry,real,real,random_cv,random_cv_10,lightgbm,lightgbm_builtin_gain
num__rpm_missing,194.0,0.0129939718687206,solution_chemistry,real,real,random_cv,random_cv_10,lightgbm,lightgbm_builtin_gain
num__sa_missing,62.0,0.0041527126590756,surface_area_porosity,real,real,random_cv,random_cv_10,lightgbm,lightgbm_builtin_gain
num__metal_cd,30.0,0.0020093770931011,metal_identity,real,real,random_cv,random_cv_10,lightgbm,lightgbm_builtin_gain
num__metal_cr,20.0,0.001339584728734,metal_identity,real,real,random_cv,random_cv_10,lightgbm,lightgbm_builtin_gain
num__metal_hg,6.0,0.0004018754186202,metal_identity,real,real,random_cv,random_cv_10,lightgbm,lightgbm_builtin_gain
num__ret_other,111.0,0.0074346952444742,polymer_identity,real,real,random_cv,random_cv_10,lightgbm,lightgbm_builtin_gain
num__ret_pa,65.0,0.0043536503683858,polymer_identity,real,real,random_cv,random_cv_10,lightgbm,lightgbm_builtin_gain
num__ret_pe,24.0,0.0016075016744809,polymer_identity,real,real,random_cv,random_cv_10,lightgbm,lightgbm_builtin_gain
num__ret_pet,4.0,0.0002679169457468,polymer_identity,real,real,random_cv,random_cv_10,lightgbm,lightgbm_builtin_gain
num__ret_pla,148.0,0.0099129269926322,polymer_identity,real,real,random_cv,random_cv_10,lightgbm,lightgbm_builtin_gain
num__ret_pp,174.0,0.0116543871399866,polymer_identity,real,real,random_cv,random_cv_10,lightgbm,lightgbm_builtin_gain
num__ret_ps,121.0,0.0081044876088412,polymer_identity,real,real,random_cv,random_cv_10,lightgbm,lightgbm_builtin_gain
num__ret_pvc,3.0,0.0002009377093101,polymer_identity,real,real,random_cv,random_cv_10,lightgbm,lightgbm_builtin_gain
num__ce_log1p,35.0,0.0023442732752846,solution_chemistry,real,real,random_cv,random_cv_10,lightgbm,lightgbm_builtin_gain
num__rpm_log1p,80.0,0.0053583389149363,solution_chemistry,real,real,random_cv,random_cv_10,lightgbm,lightgbm_builtin_gain
num__sa_log1p,358.0,0.0239785666443402,surface_area_porosity,real,real,random_cv,random_cv_10,lightgbm,lightgbm_builtin_gain
num__temp_log1p,7.0,0.0004688546550569,solution_chemistry,real,real,random_cv,random_cv_10,lightgbm,lightgbm_builtin_gain
num__ph_x_temp,49.0,0.0032819825853985,solution_chemistry,real,real,random_cv,random_cv_10,lightgbm,lightgbm_builtin_gain
num__ph_x_ce_log,941.0,0.063027461486939,solution_chemistry,real,real,random_cv,random_cv_10,lightgbm,lightgbm_builtin_gain
num__temp_x_ce_log,806.0,0.0539852645679839,solution_chemistry,real,real,random_cv,random_cv_10,lightgbm,lightgbm_builtin_gain
num__ce_log_x_rpm_log,496.0,0.0332217012726054,solution_chemistry,real,real,random_cv,random_cv_10,lightgbm,lightgbm_builtin_gain
num__ce_over_rpm,625.0,0.0418620227729403,solution_chemistry,real,real,random_cv,random_cv_10,lightgbm,lightgbm_builtin_gain
num__ce_over_sa,683.0,0.0457468184862692,solution_chemistry,real,real,random_cv,random_cv_10,lightgbm,lightgbm_builtin_gain
num__cd_x_ph,222.0,0.0148693904889484,other,real,real,random_cv,random_cv_10,lightgbm,lightgbm_builtin_gain
num__cd_x_ce_log,286.0,0.0191560616208975,other,real,real,random_cv,random_cv_10,lightgbm,lightgbm_builtin_gain
num__cd_x_sa_log,394.0,0.0263898191560616,other,real,real,random_cv,random_cv_10,lightgbm,lightgbm_builtin_gain
num__cr_x_ph,0.0,0.0,other,real,real,random_cv,random_cv_10,lightgbm,lightgbm_builtin_gain
num__cr_x_ce_log,350.0,0.0234427327528466,other,real,real,random_cv,random_cv_10,lightgbm,lightgbm_builtin_gain
num__cr_x_sa_log,360.0,0.0241125251172136,other,real,real,random_cv,random_cv_10,lightgbm,lightgbm_builtin_gain
num__hg_x_ph,163.0,0.0109176155391828,other,real,real,random_cv,random_cv_10,lightgbm,lightgbm_builtin_gain
num__hg_x_ce_log,547.0,0.0366376423308774,other,real,real,random_cv,random_cv_10,lightgbm,lightgbm_builtin_gain
num__hg_x_sa_log,6.0,0.0004018754186202,other,real,real,random_cv,random_cv_10,lightgbm,lightgbm_builtin_gain
num__aged_x_fg_any,0.0,0.0,other,real,real,random_cv,random_cv_10,lightgbm,lightgbm_builtin_gain
num__aged_x_fg_complexing,133.0,0.0089082384460817,other,real,real,random_cv,random_cv_10,lightgbm,lightgbm_builtin_gain
num__ret_ps_x_fg_any,34.0,0.0022772940388479,polymer_identity,real,real,random_cv,random_cv_10,lightgbm,lightgbm_builtin_gain
num__ret_pe_x_fg_any,71.0,0.004755525787006,polymer_identity,real,real,random_cv,random_cv_10,lightgbm,lightgbm_builtin_gain
num__ret_pa_x_fg_any,3.0,0.0002009377093101,polymer_identity,real,real,random_cv,random_cv_10,lightgbm,lightgbm_builtin_gain
num__null_random_normal,1067.0,0.0714668452779638,null_feature,real,random_noise,random_cv,random_cv_10,lightgbm,lightgbm_builtin_gain
num__null_random_uniform,900.0,0.0602813127930341,null_feature,real,random_noise,random_cv,random_cv_10,lightgbm,lightgbm_builtin_gain
num__null_random_binary,97.0,0.0064969859343603,null_feature,real,random_noise,random_cv,random_cv_10,lightgbm,lightgbm_builtin_gain
num__null_perm_ph,668.0,0.0447421299397186,null_feature,real,permuted_real,random_cv,random_cv_10,lightgbm,lightgbm_builtin_gain
num__null_perm_ce,774.0,0.0518419290020093,null_feature,real,permuted_real,random_cv,random_cv_10,lightgbm,lightgbm_builtin_gain
num__null_study_random_effect,516.0,0.0345612860013395,null_feature,real,group_aware_random,random_cv,random_cv_10,lightgbm,lightgbm_builtin_gain
num__null_exp_random_effect,1231.0,0.0824514400535833,null_feature,real,group_aware_random,random_cv,random_cv_10,lightgbm,lightgbm_builtin_gain
ph,0.0008188280466598,0.0010443773645472,solution_chemistry,real,real,random_cv,random_cv_10,lightgbm,lightgbm_shap
temp,0.0047788656167152,0.0060952224324377,solution_chemistry,real,real,random_cv,random_cv_10,lightgbm,lightgbm_shap
ce,0.0223597123481692,0.0285187806517761,solution_chemistry,real,real,random_cv,random_cv_10,lightgbm,lightgbm_shap
rpm,0.0163425035628461,0.0208441086876433,solution_chemistry,real,real,random_cv,random_cv_10,lightgbm,lightgbm_shap
sa,0.0280145880287445,0.0357313134713495,surface_area_porosity,real,real,random_cv,random_cv_10,lightgbm,lightgbm_shap
fg_complexing,0.0002823401815969,0.000360111864713,surface_functionality,real,real,random_cv,random_cv_10,lightgbm,lightgbm_shap
fg_polar,0.0013813168011775,0.0017618057983031,surface_functionality,real,real,random_cv,random_cv_10,lightgbm,lightgbm_shap
fg_any,0.0002985199021954,0.000380748351246,surface_functionality,real,real,random_cv,random_cv_10,lightgbm,lightgbm_shap
ags_aged,0.0238856499188458,0.0304650435637851,aging_state,real,real,random_cv,random_cv_10,lightgbm,lightgbm_shap
ags_virgin,0.0001303307589374,0.0001662308650684,aging_state,real,real,random_cv,random_cv_10,lightgbm,lightgbm_shap
ph_missing,0.0064181960961836,0.008186112763751,solution_chemistry,real,real,random_cv,random_cv_10,lightgbm,lightgbm_shap
temp_missing,0.0030319073001761,0.0038670577646014,solution_chemistry,real,real,random_cv,random_cv_10,lightgbm,lightgbm_shap
rpm_missing,0.0419155817311066,0.0534613890674181,solution_chemistry,real,real,random_cv,random_cv_10,lightgbm,lightgbm_shap
sa_missing,0.0102682928860442,0.0130967334429624,surface_area_porosity,real,real,random_cv,random_cv_10,lightgbm,lightgbm_shap
metal_cd,0.0029026586781561,0.0037022071152041,metal_identity,real,real,random_cv,random_cv_10,lightgbm,lightgbm_shap
metal_cr,0.0005773997953702,0.0007364467778536,metal_identity,real,real,random_cv,random_cv_10,lightgbm,lightgbm_shap
metal_hg,0.0006061626677903,0.0007731324935146,metal_identity,real,real,random_cv,random_cv_10,lightgbm,lightgbm_shap
ret_other,0.0446361154061863,0.0569313041507273,polymer_identity,real,real,random_cv,random_cv_10,lightgbm,lightgbm_shap
ret_pa,0.0216647080515994,0.0276323347629703,polymer_identity,real,real,random_cv,random_cv_10,lightgbm,lightgbm_shap
ret_pe,0.001514681527936,0.0019319063492354,polymer_identity,real,real,random_cv,random_cv_10,lightgbm,lightgbm_shap
ret_pet,6.463527386153075e-05,8.243930730957758e-05,polymer_identity,real,real,random_cv,random_cv_10,lightgbm,lightgbm_shap
ret_pla,0.0170410047148587,0.0217350146541009,polymer_identity,real,real,random_cv,random_cv_10,lightgbm,lightgbm_shap
ret_pp,0.0313309494709,0.0399611793595208,polymer_identity,real,real,random_cv,random_cv_10,lightgbm,lightgbm_shap
ret_ps,0.0023554605237446,0.0030042811358479,polymer_identity,real,real,random_cv,random_cv_10,lightgbm,lightgbm_shap
ret_pvc,5.805225440108855e-05,7.404296995534963e-05,polymer_identity,real,real,random_cv,random_cv_10,lightgbm,lightgbm_shap
ce_log1p,0.0029176109096897,0.0037212779961135,solution_chemistry,real,real,random_cv,random_cv_10,lightgbm,lightgbm_shap
rpm_log1p,0.0056779281237176,0.0072419351463666,solution_chemistry,real,real,random_cv,random_cv_10,lightgbm,lightgbm_shap
sa_log1p,0.0050268901179497,0.0064115662313575,surface_area_porosity,real,real,random_cv,random_cv_10,lightgbm,lightgbm_shap
temp_log1p,8.590662380076458e-05,0.0001095699319633,solution_chemistry,real,real,random_cv,random_cv_10,lightgbm,lightgbm_shap
ph_x_temp,0.0006553251712802,0.0008358369966623,solution_chemistry,real,real,random_cv,random_cv_10,lightgbm,lightgbm_shap
ph_x_ce_log,0.0370684469383635,0.0472790924532511,solution_chemistry,real,real,random_cv,random_cv_10,lightgbm,lightgbm_shap
temp_x_ce_log,0.0600937700998111,0.0766468289631241,solution_chemistry,real,real,random_cv,random_cv_10,lightgbm,lightgbm_shap
ce_log_x_rpm_log,0.0409105001206164,0.0521794538823685,solution_chemistry,real,real,random_cv,random_cv_10,lightgbm,lightgbm_shap
ce_over_rpm,0.0085533507919865,0.0109094039885683,solution_chemistry,real,real,random_cv,random_cv_10,lightgbm,lightgbm_shap
ce_over_sa,0.0134423007958296,0.0171450339736973,solution_chemistry,real,real,random_cv,random_cv_10,lightgbm,lightgbm_shap
cd_x_ph,0.0115234126024198,0.0146975806866867,other,real,real,random_cv,random_cv_10,lightgbm,lightgbm_shap
cd_x_ce_log,0.0047923848115063,0.0061124655411519,other,real,real,random_cv,random_cv_10,lightgbm,lightgbm_shap
cd_x_sa_log,0.0137751362887835,0.017569550276451,other,real,real,random_cv,random_cv_10,lightgbm,lightgbm_shap
cr_x_ph,0.0,0.0,other,real,real,random_cv,random_cv_10,lightgbm,lightgbm_shap
cr_x_ce_log,0.0541321398274461,0.0690430448259598,other,real,real,random_cv,random_cv_10,lightgbm,lightgbm_shap
cr_x_sa_log,0.0098723386887353,0.0125917121472781,other,real,real,random_cv,random_cv_10,lightgbm,lightgbm_shap
hg_x_ph,0.0033791126735698,0.004309902186334,other,real,real,random_cv,random_cv_10,lightgbm,lightgbm_shap
hg_x_ce_log,0.0557975088856476,0.071167146162129,other,real,real,random_cv,random_cv_10,lightgbm,lightgbm_shap
hg_x_sa_log,0.0001023251958177,0.0001305110624518,other,real,real,random_cv,random_cv_10,lightgbm,lightgbm_shap
aged_x_fg_any,0.0,0.0,other,real,real,random_cv,random_cv_10,lightgbm,lightgbm_shap
aged_x_fg_complexing,0.0483072375917117,0.0616136509861704,other,real,real,random_cv,random_cv_10,lightgbm,lightgbm_shap
ret_ps_x_fg_any,0.0005203484812966,0.000663680461068,polymer_identity,real,real,random_cv,random_cv_10,lightgbm,lightgbm_shap
ret_pe_x_fg_any,0.0110443757270943,0.0140865912714925,polymer_identity,real,real,random_cv,random_cv_10,lightgbm,lightgbm_shap
ret_pa_x_fg_any,0.0009533215277612,0.0012159175895241,polymer_identity,real,real,random_cv,random_cv_10,lightgbm,lightgbm_shap
null_random_normal,0.0054257829481819,0.0069203356176457,null_feature,,random_noise,random_cv,random_cv_10,lightgbm,lightgbm_shap
null_random_uniform,0.0042912153507968,0.0054732470352612,null_feature,,random_noise,random_cv,random_cv_10,lightgbm,lightgbm_shap
null_random_binary,0.0008013454481204,0.0010220791173603,null_feature,,random_noise,random_cv,random_cv_10,lightgbm,lightgbm_shap
null_perm_ph,0.0057779210443409,0.0073694714994995,null_feature,,permuted_real,random_cv,random_cv_10,lightgbm,lightgbm_shap
null_perm_ce,0.0048425188047462,0.0061764091346178,null_feature,,permuted_real,random_cv,random_cv_10,lightgbm,lightgbm_shap
null_study_random_effect,0.0684684746290066,0.0873283778924026,null_feature,,group_aware_random,random_cv,random_cv_10,lightgbm,lightgbm_shap
null_exp_random_effect,0.0231172631948538,0.0294850017771985,null_feature,,group_aware_random,random_cv,random_cv_10,lightgbm,lightgbm_shap
num__ph,0.0,0.0,solution_chemistry,real,real,random_cv,random_cv_11,elastic_net,elastic_net_coef
num__temp,0.0003416982974907,0.017516160360575,solution_chemistry,real,real,random_cv,random_cv_11,elastic_net,elastic_net_coef
num__ce,0.0,0.0,solution_chemistry,real,real,random_cv,random_cv_11,elastic_net,elastic_net_coef
num__rpm,0.0,0.0,solution_chemistry,real,real,random_cv,random_cv_11,elastic_net,elastic_net_coef
num__sa,0.0,0.0,surface_area_porosity,real,real,random_cv,random_cv_11,elastic_net,elastic_net_coef
num__fg_complexing,0.0,0.0,surface_functionality,real,real,random_cv,random_cv_11,elastic_net,elastic_net_coef
num__fg_polar,0.0,0.0,surface_functionality,real,real,random_cv,random_cv_11,elastic_net,elastic_net_coef
num__fg_any,0.0,0.0,surface_functionality,real,real,random_cv,random_cv_11,elastic_net,elastic_net_coef
num__ags_aged,0.0,0.0,aging_state,real,real,random_cv,random_cv_11,elastic_net,elastic_net_coef
num__ags_virgin,0.0,0.0,aging_state,real,real,random_cv,random_cv_11,elastic_net,elastic_net_coef
num__ph_missing,0.0,0.0,solution_chemistry,real,real,random_cv,random_cv_11,elastic_net,elastic_net_coef
num__temp_missing,0.0,0.0,solution_chemistry,real,real,random_cv,random_cv_11,elastic_net,elastic_net_coef
num__rpm_missing,0.0,0.0,solution_chemistry,real,real,random_cv,random_cv_11,elastic_net,elastic_net_coef
num__sa_missing,0.0,0.0,surface_area_porosity,real,real,random_cv,random_cv_11,elastic_net,elastic_net_coef
num__metal_cd,0.0,0.0,metal_identity,real,real,random_cv,random_cv_11,elastic_net,elastic_net_coef
num__metal_cr,0.0,0.0,metal_identity,real,real,random_cv,random_cv_11,elastic_net,elastic_net_coef
num__metal_hg,0.0,0.0,metal_identity,real,real,random_cv,random_cv_11,elastic_net,elastic_net_coef
num__ret_other,0.0,0.0,polymer_identity,real,real,random_cv,random_cv_11,elastic_net,elastic_net_coef
num__ret_pa,0.0,0.0,polymer_identity,real,real,random_cv,random_cv_11,elastic_net,elastic_net_coef
num__ret_pe,0.0,0.0,polymer_identity,real,real,random_cv,random_cv_11,elastic_net,elastic_net_coef
num__ret_pet,0.0,0.0,polymer_identity,real,real,random_cv,random_cv_11,elastic_net,elastic_net_coef
num__ret_pla,0.0,0.0,polymer_identity,real,real,random_cv,random_cv_11,elastic_net,elastic_net_coef
num__ret_pp,0.0,0.0,polymer_identity,real,real,random_cv,random_cv_11,elastic_net,elastic_net_coef
num__ret_ps,0.0,0.0,polymer_identity,real,real,random_cv,random_cv_11,elastic_net,elastic_net_coef
num__ret_pvc,0.0,0.0,polymer_identity,real,real,random_cv,random_cv_11,elastic_net,elastic_net_coef
num__ce_log1p,0.0,0.0,solution_chemistry,real,real,random_cv,random_cv_11,elastic_net,elastic_net_coef
num__rpm_log1p,0.0,0.0,solution_chemistry,real,real,random_cv,random_cv_11,elastic_net,elastic_net_coef
num__sa_log1p,0.0,0.0,surface_area_porosity,real,real,random_cv,random_cv_11,elastic_net,elastic_net_coef
num__temp_log1p,0.0,0.0,solution_chemistry,real,real,random_cv,random_cv_11,elastic_net,elastic_net_coef
num__ph_x_temp,0.0,0.0,solution_chemistry,real,real,random_cv,random_cv_11,elastic_net,elastic_net_coef
num__ph_x_ce_log,0.0,0.0,solution_chemistry,real,real,random_cv,random_cv_11,elastic_net,elastic_net_coef
num__temp_x_ce_log,0.0,0.0,solution_chemistry,real,real,random_cv,random_cv_11,elastic_net,elastic_net_coef
num__ce_log_x_rpm_log,0.0,0.0,solution_chemistry,real,real,random_cv,random_cv_11,elastic_net,elastic_net_coef
num__ce_over_rpm,0.0191659044223267,0.9824838396394248,solution_chemistry,real,real,random_cv,random_cv_11,elastic_net,elastic_net_coef
num__ce_over_sa,0.0,0.0,solution_chemistry,real,real,random_cv,random_cv_11,elastic_net,elastic_net_coef
num__cd_x_ph,0.0,0.0,other,real,real,random_cv,random_cv_11,elastic_net,elastic_net_coef
num__cd_x_ce_log,0.0,0.0,other,real,real,random_cv,random_cv_11,elastic_net,elastic_net_coef
num__cd_x_sa_log,0.0,0.0,other,real,real,random_cv,random_cv_11,elastic_net,elastic_net_coef
num__cr_x_ph,0.0,0.0,other,real,real,random_cv,random_cv_11,elastic_net,elastic_net_coef
num__cr_x_ce_log,0.0,0.0,other,real,real,random_cv,random_cv_11,elastic_net,elastic_net_coef
num__cr_x_sa_log,0.0,0.0,other,real,real,random_cv,random_cv_11,elastic_net,elastic_net_coef
num__hg_x_ph,0.0,0.0,other,real,real,random_cv,random_cv_11,elastic_net,elastic_net_coef
num__hg_x_ce_log,0.0,0.0,other,real,real,random_cv,random_cv_11,elastic_net,elastic_net_coef
num__hg_x_sa_log,0.0,0.0,other,real,real,random_cv,random_cv_11,elastic_net,elastic_net_coef
num__aged_x_fg_any,0.0,0.0,other,real,real,random_cv,random_cv_11,elastic_net,elastic_net_coef
num__aged_x_fg_complexing,0.0,0.0,other,real,real,random_cv,random_cv_11,elastic_net,elastic_net_coef
num__ret_ps_x_fg_any,0.0,0.0,polymer_identity,real,real,random_cv,random_cv_11,elastic_net,elastic_net_coef
num__ret_pe_x_fg_any,0.0,0.0,polymer_identity,real,real,random_cv,random_cv_11,elastic_net,elastic_net_coef
num__ret_pa_x_fg_any,0.0,0.0,polymer_identity,real,real,random_cv,random_cv_11,elastic_net,elastic_net_coef
num__null_random_normal,0.0,0.0,null_feature,real,random_noise,random_cv,random_cv_11,elastic_net,elastic_net_coef
num__null_random_uniform,0.0,0.0,null_feature,real,random_noise,random_cv,random_cv_11,elastic_net,elastic_net_coef
num__null_random_binary,0.0,0.0,null_feature,real,random_noise,random_cv,random_cv_11,elastic_net,elastic_net_coef
num__null_perm_ph,0.0,0.0,null_feature,real,permuted_real,random_cv,random_cv_11,elastic_net,elastic_net_coef
num__null_perm_ce,0.0,0.0,null_feature,real,permuted_real,random_cv,random_cv_11,elastic_net,elastic_net_coef
num__null_study_random_effect,0.0,0.0,null_feature,real,group_aware_random,random_cv,random_cv_11,elastic_net,elastic_net_coef
num__null_exp_random_effect,0.0,0.0,null_feature,real,group_aware_random,random_cv,random_cv_11,elastic_net,elastic_net_coef
ph,1.2817388705954611e-06,1.7121130320812133e-05,solution_chemistry,real,real,random_cv,random_cv_11,elastic_net,elastic_net_permutation
temp,0.0005549274238804,0.0074125744024877,solution_chemistry,real,real,random_cv,random_cv_11,elastic_net,elastic_net_permutation
ce,0.0024744817103734,0.0330534750967547,solution_chemistry,real,real,random_cv,random_cv_11,elastic_net,elastic_net_permutation
rpm,0.0,0.0,solution_chemistry,real,real,random_cv,random_cv_11,elastic_net,elastic_net_permutation
sa,0.0004355827064117,0.005818399092869,surface_area_porosity,real,real,random_cv,random_cv_11,elastic_net,elastic_net_permutation
fg_complexing,0.0,0.0,surface_functionality,real,real,random_cv,random_cv_11,elastic_net,elastic_net_permutation
fg_polar,0.0,0.0,surface_functionality,real,real,random_cv,random_cv_11,elastic_net,elastic_net_permutation
fg_any,0.0,0.0,surface_functionality,real,real,random_cv,random_cv_11,elastic_net,elastic_net_permutation
ags_aged,0.0,0.0,aging_state,real,real,random_cv,random_cv_11,elastic_net,elastic_net_permutation
ags_virgin,0.0,0.0,aging_state,real,real,random_cv,random_cv_11,elastic_net,elastic_net_permutation
ph_missing,0.0,0.0,solution_chemistry,real,real,random_cv,random_cv_11,elastic_net,elastic_net_permutation
temp_missing,0.0,0.0,solution_chemistry,real,real,random_cv,random_cv_11,elastic_net,elastic_net_permutation
rpm_missing,0.0,0.0,solution_chemistry,real,real,random_cv,random_cv_11,elastic_net,elastic_net_permutation
sa_missing,0.0,0.0,surface_area_porosity,real,real,random_cv,random_cv_11,elastic_net,elastic_net_permutation
metal_cd,0.0,0.0,metal_identity,real,real,random_cv,random_cv_11,elastic_net,elastic_net_permutation
metal_cr,4.621664183557251e-06,6.173497316887387e-05,metal_identity,real,real,random_cv,random_cv_11,elastic_net,elastic_net_permutation
metal_hg,0.0,0.0,metal_identity,real,real,random_cv,random_cv_11,elastic_net,elastic_net_permutation
ret_other,0.0,0.0,polymer_identity,real,real,random_cv,random_cv_11,elastic_net,elastic_net_permutation
ret_pa,0.0,0.0,polymer_identity,real,real,random_cv,random_cv_11,elastic_net,elastic_net_permutation
ret_pe,1.670045694623923e-07,2.23080306256795e-06,polymer_identity,real,real,random_cv,random_cv_11,elastic_net,elastic_net_permutation
ret_pet,1.6350589648883584e-07,2.184068710271733e-06,polymer_identity,real,real,random_cv,random_cv_11,elastic_net,elastic_net_permutation
ret_pla,5.801093367008292e-07,7.748947762940655e-06,polymer_identity,real,real,random_cv,random_cv_11,elastic_net,elastic_net_permutation
ret_pp,3.655446112027505e-07,4.882848659778374e-06,polymer_identity,real,real,random_cv,random_cv_11,elastic_net,elastic_net_permutation
ret_ps,0.0,0.0,polymer_identity,real,real,random_cv,random_cv_11,elastic_net,elastic_net_permutation
ret_pvc,0.0,0.0,polymer_identity,real,real,random_cv,random_cv_11,elastic_net,elastic_net_permutation
ce_log1p,3.732015188226967e-05,0.0004985127615518,solution_chemistry,real,real,random_cv,random_cv_11,elastic_net,elastic_net_permutation
rpm_log1p,2.1436362135340835e-05,0.0002863412806953,solution_chemistry,real,real,random_cv,random_cv_11,elastic_net,elastic_net_permutation
sa_log1p,4.705958495239137e-05,0.000628609543876,surface_area_porosity,real,real,random_cv,random_cv_11,elastic_net,elastic_net_permutation
temp_log1p,1.8574060134168843e-06,2.481074042764793e-05,solution_chemistry,real,real,random_cv,random_cv_11,elastic_net,elastic_net_permutation
ph_x_temp,0.0005560900727208,0.0074281047595451,solution_chemistry,real,real,random_cv,random_cv_11,elastic_net,elastic_net_permutation
ph_x_ce_log,0.0006640609120765,0.0088703508003447,solution_chemistry,real,real,random_cv,random_cv_11,elastic_net,elastic_net_permutation
temp_x_ce_log,0.0019696361769659,0.0263098813994405,solution_chemistry,real,real,random_cv,random_cv_11,elastic_net,elastic_net_permutation
ce_log_x_rpm_log,0.0,0.0,solution_chemistry,real,real,random_cv,random_cv_11,elastic_net,elastic_net_permutation
ce_over_rpm,0.0673486562606731,0.8996256158127378,solution_chemistry,real,real,random_cv,random_cv_11,elastic_net,elastic_net_permutation
ce_over_sa,0.0001310605767648,0.0017506726730301,solution_chemistry,real,real,random_cv,random_cv_11,elastic_net,elastic_net_permutation
cd_x_ph,8.044528121613493e-05,0.0010745668833121,other,real,real,random_cv,random_cv_11,elastic_net,elastic_net_permutation
cd_x_ce_log,0.0002761372536421,0.0036885687205871,other,real,real,random_cv,random_cv_11,elastic_net,elastic_net_permutation
cd_x_sa_log,4.178266119145846e-05,0.0005581217858181,other,real,real,random_cv,random_cv_11,elastic_net,elastic_net_permutation
cr_x_ph,0.0,0.0,other,real,real,random_cv,random_cv_11,elastic_net,elastic_net_permutation
cr_x_ce_log,4.362162718201113e-05,0.000582686209276,other,real,real,random_cv,random_cv_11,elastic_net,elastic_net_permutation
cr_x_sa_log,2.26287253843438e-05,0.0003022685549976,other,real,real,random_cv,random_cv_11,elastic_net,elastic_net_permutation
hg_x_ph,7.909582118268422e-05,0.0010565411515305,other,real,real,random_cv,random_cv_11,elastic_net,elastic_net_permutation
hg_x_ce_log,0.0,0.0,other,real,real,random_cv,random_cv_11,elastic_net,elastic_net_permutation
hg_x_sa_log,1.564263937681165e-05,0.0002089502577131,other,real,real,random_cv,random_cv_11,elastic_net,elastic_net_permutation
aged_x_fg_any,0.0,0.0,other,real,real,random_cv,random_cv_11,elastic_net,elastic_net_permutation
aged_x_fg_complexing,0.0,0.0,other,real,real,random_cv,random_cv_11,elastic_net,elastic_net_permutation
ret_ps_x_fg_any,0.0,0.0,polymer_identity,real,real,random_cv,random_cv_11,elastic_net,elastic_net_permutation
ret_pe_x_fg_any,3.025777394416451e-07,4.041753767481855e-06,polymer_identity,real,real,random_cv,random_cv_11,elastic_net,elastic_net_permutation
ret_pa_x_fg_any,0.0,0.0,polymer_identity,real,real,random_cv,random_cv_11,elastic_net,elastic_net_permutation
null_random_normal,7.602601197564951e-06,0.0001015535448497,null_feature,,random_noise,random_cv,random_cv_11,elastic_net,elastic_net_permutation
null_random_uniform,9.413094884980211e-06,0.0001257376427797,null_feature,,random_noise,random_cv,random_cv_11,elastic_net,elastic_net_permutation
null_random_binary,1.694457797030147e-06,2.263412106132947e-05,null_feature,,random_noise,random_cv,random_cv_11,elastic_net,elastic_net_permutation
null_perm_ph,0.0,0.0,null_feature,,permuted_real,random_cv,random_cv_11,elastic_net,elastic_net_permutation
null_perm_ce,0.0,0.0,null_feature,,permuted_real,random_cv,random_cv_11,elastic_net,elastic_net_permutation
null_study_random_effect,1.5459919443094884e-05,0.000206509532953,null_feature,,group_aware_random,random_cv,random_cv_11,elastic_net,elastic_net_permutation
null_exp_random_effect,1.980640226146857e-05,0.0002645687059076,null_feature,,group_aware_random,random_cv,random_cv_11,elastic_net,elastic_net_permutation
ph,0.0003203005207138,6.671204487736315e-05,solution_chemistry,real,real,random_cv,random_cv_11,lightgbm,lightgbm_permutation
temp,0.0,0.0,solution_chemistry,real,real,random_cv,random_cv_11,lightgbm,lightgbm_permutation
ce,0.1149492376960189,0.0239415742650195,solution_chemistry,real,real,random_cv,random_cv_11,lightgbm,lightgbm_permutation
rpm,0.1526743104265162,0.0317989350316821,solution_chemistry,real,real,random_cv,random_cv_11,lightgbm,lightgbm_permutation
sa,0.1419440745497506,0.0295640464471738,surface_area_porosity,real,real,random_cv,random_cv_11,lightgbm,lightgbm_permutation
fg_complexing,7.794954267031362e-05,1.623529483249682e-05,surface_functionality,real,real,random_cv,random_cv_11,lightgbm,lightgbm_permutation
fg_polar,0.0,0.0,surface_functionality,real,real,random_cv,random_cv_11,lightgbm,lightgbm_permutation
fg_any,0.0,0.0,surface_functionality,real,real,random_cv,random_cv_11,lightgbm,lightgbm_permutation
ags_aged,0.0306140523052124,0.0063762807088525,aging_state,real,real,random_cv,random_cv_11,lightgbm,lightgbm_permutation
ags_virgin,0.0039432388742078,0.0008212959758917,aging_state,real,real,random_cv,random_cv_11,lightgbm,lightgbm_permutation
ph_missing,0.0004778516494444,9.952672137844088e-05,solution_chemistry,real,real,random_cv,random_cv_11,lightgbm,lightgbm_permutation
temp_missing,0.0014947018305946,0.0003113158085995,solution_chemistry,real,real,random_cv,random_cv_11,lightgbm,lightgbm_permutation
rpm_missing,0.4921748646069391,0.1025099540331364,solution_chemistry,real,real,random_cv,random_cv_11,lightgbm,lightgbm_permutation
sa_missing,0.0129007099315306,0.0026869539205992,surface_area_porosity,real,real,random_cv,random_cv_11,lightgbm,lightgbm_permutation
metal_cd,0.0018425682916669,0.0003837692748339,metal_identity,real,real,random_cv,random_cv_11,lightgbm,lightgbm_permutation
metal_cr,0.0040816686283767,0.0008501280613091,metal_identity,real,real,random_cv,random_cv_11,lightgbm,lightgbm_permutation
metal_hg,0.0056119024342626,0.0011688444533512,metal_identity,real,real,random_cv,random_cv_11,lightgbm,lightgbm_permutation
ret_other,0.2292638056188924,0.0477509598021094,polymer_identity,real,real,random_cv,random_cv_11,lightgbm,lightgbm_permutation
ret_pa,0.0041881578004291,0.0008723075769998,polymer_identity,real,real,random_cv,random_cv_11,lightgbm,lightgbm_permutation
ret_pe,0.0096520826998885,0.0020103313375821,polymer_identity,real,real,random_cv,random_cv_11,lightgbm,lightgbm_permutation
ret_pet,0.0,0.0,polymer_identity,real,real,random_cv,random_cv_11,lightgbm,lightgbm_permutation
ret_pla,0.1495388519342682,0.031145883181564,polymer_identity,real,real,random_cv,random_cv_11,lightgbm,lightgbm_permutation
ret_pp,0.1614226278159392,0.033621030546806,polymer_identity,real,real,random_cv,random_cv_11,lightgbm,lightgbm_permutation
ret_ps,0.0193954578099463,0.0040396770162919,polymer_identity,real,real,random_cv,random_cv_11,lightgbm,lightgbm_permutation
ret_pvc,1.0300357033754536e-06,2.145353617150535e-07,polymer_identity,real,real,random_cv,random_cv_11,lightgbm,lightgbm_permutation
ce_log1p,0.0019746622187598,0.0004112817371072,solution_chemistry,real,real,random_cv,random_cv_11,lightgbm,lightgbm_permutation
rpm_log1p,0.0061004438224245,0.0012705976285845,solution_chemistry,real,real,random_cv,random_cv_11,lightgbm,lightgbm_permutation
sa_log1p,0.0098103576243092,0.0020432967659161,surface_area_porosity,real,real,random_cv,random_cv_11,lightgbm,lightgbm_permutation
temp_log1p,0.0043134008163923,0.0008983931346595,solution_chemistry,real,real,random_cv,random_cv_11,lightgbm,lightgbm_permutation
ph_x_temp,0.0204042994878623,0.0042497980961493,solution_chemistry,real,real,random_cv,random_cv_11,lightgbm,lightgbm_permutation
ph_x_ce_log,0.1760759354250042,0.0366730147041812,solution_chemistry,real,real,random_cv,random_cv_11,lightgbm,lightgbm_permutation
temp_x_ce_log,0.3624571007756318,0.0754923979491863,solution_chemistry,real,real,random_cv,random_cv_11,lightgbm,lightgbm_permutation
ce_log_x_rpm_log,0.0530336661181847,0.0110458275440894,solution_chemistry,real,real,random_cv,random_cv_11,lightgbm,lightgbm_permutation
ce_over_rpm,0.0181099853847585,0.003771939411849,solution_chemistry,real,real,random_cv,random_cv_11,lightgbm,lightgbm_permutation
ce_over_sa,0.0384236118644595,0.0080028521756356,solution_chemistry,real,real,random_cv,random_cv_11,lightgbm,lightgbm_permutation
cd_x_ph,0.0022269214966268,0.000463822183274,other,real,real,random_cv,random_cv_11,lightgbm,lightgbm_permutation
cd_x_ce_log,0.0062926902481049,0.0013106386255485,other,real,real,random_cv,random_cv_11,lightgbm,lightgbm_permutation
cd_x_sa_log,0.0709938799396007,0.014786572603732,other,real,real,random_cv,random_cv_11,lightgbm,lightgbm_permutation
cr_x_ph,0.0,0.0,other,real,real,random_cv,random_cv_11,lightgbm,lightgbm_permutation
cr_x_ce_log,0.1466332447410289,0.0305407046541007,other,real,real,random_cv,random_cv_11,lightgbm,lightgbm_permutation
cr_x_sa_log,0.0086351008376167,0.0017985148238777,other,real,real,random_cv,random_cv_11,lightgbm,lightgbm_permutation
hg_x_ph,0.0017762183556355,0.0003699499407277,other,real,real,random_cv,random_cv_11,lightgbm,lightgbm_permutation
hg_x_ce_log,1.146103923167162,0.2387099970553976,other,real,real,random_cv,random_cv_11,lightgbm,lightgbm_permutation
hg_x_sa_log,0.0,0.0,other,real,real,random_cv,random_cv_11,lightgbm,lightgbm_permutation
aged_x_fg_any,0.0003265282417478,6.800915174493037e-05,other,real,real,random_cv,random_cv_11,lightgbm,lightgbm_permutation
aged_x_fg_complexing,0.6431069086292455,0.1339460106208906,other,real,real,random_cv,random_cv_11,lightgbm,lightgbm_permutation
ret_ps_x_fg_any,0.0011960326224319,0.0002491091235338,polymer_identity,real,real,random_cv,random_cv_11,lightgbm,lightgbm_permutation
ret_pe_x_fg_any,0.0,0.0,polymer_identity,real,real,random_cv,random_cv_11,lightgbm,lightgbm_permutation
ret_pa_x_fg_any,0.0002021216542219,4.209780501476012e-05,polymer_identity,real,real,random_cv,random_cv_11,lightgbm,lightgbm_permutation
null_random_normal,0.0588593176545703,0.0122591915619469,null_feature,,random_noise,random_cv,random_cv_11,lightgbm,lightgbm_permutation
null_random_uniform,0.0046680256483262,0.000972254231263,null_feature,,random_noise,random_cv,random_cv_11,lightgbm,lightgbm_permutation
null_random_binary,0.0,0.0,null_feature,,random_noise,random_cv,random_cv_11,lightgbm,lightgbm_permutation
null_perm_ph,0.0036572958885548,0.0007617399025867,null_feature,,permuted_real,random_cv,random_cv_11,lightgbm,lightgbm_permutation
null_perm_ce,0.0,0.0,null_feature,,permuted_real,random_cv,random_cv_11,lightgbm,lightgbm_permutation
null_study_random_effect,0.2468012101641254,0.0514036423405159,null_feature,,group_aware_random,random_cv,random_cv_11,lightgbm,lightgbm_permutation
null_exp_random_effect,0.2324874078533028,0.0484223701902332,null_feature,,group_aware_random,random_cv,random_cv_11,lightgbm,lightgbm_permutation
num__ph,61.0,0.0040868283532091,solution_chemistry,real,real,random_cv,random_cv_11,lightgbm,lightgbm_builtin_gain
num__temp,115.0,0.007704676403591,solution_chemistry,real,real,random_cv,random_cv_11,lightgbm,lightgbm_builtin_gain
num__ce,600.0,0.0401983116709098,solution_chemistry,real,real,random_cv,random_cv_11,lightgbm,lightgbm_builtin_gain
num__rpm,338.0,0.0226450489079458,solution_chemistry,real,real,random_cv,random_cv_11,lightgbm,lightgbm_builtin_gain
num__sa,679.0,0.0454910893742462,surface_area_porosity,real,real,random_cv,random_cv_11,lightgbm,lightgbm_builtin_gain
num__fg_complexing,14.0,0.0009379606056545,surface_functionality,real,real,random_cv,random_cv_11,lightgbm,lightgbm_builtin_gain
num__fg_polar,13.0,0.0008709634195363,surface_functionality,real,real,random_cv,random_cv_11,lightgbm,lightgbm_builtin_gain
num__fg_any,6.0,0.000401983116709,surface_functionality,real,real,random_cv,random_cv_11,lightgbm,lightgbm_builtin_gain
num__ags_aged,112.0,0.0075036848452365,aging_state,real,real,random_cv,random_cv_11,lightgbm,lightgbm_builtin_gain
num__ags_virgin,7.0,0.0004689803028272,aging_state,real,real,random_cv,random_cv_11,lightgbm,lightgbm_builtin_gain
num__ph_missing,64.0,0.0042878199115637,solution_chemistry,real,real,random_cv,random_cv_11,lightgbm,lightgbm_builtin_gain
num__temp_missing,56.0,0.0037518424226182,solution_chemistry,real,real,random_cv,random_cv_11,lightgbm,lightgbm_builtin_gain
num__rpm_missing,141.0,0.0094466032426638,solution_chemistry,real,real,random_cv,random_cv_11,lightgbm,lightgbm_builtin_gain
num__sa_missing,69.0,0.0046228058421546,surface_area_porosity,real,real,random_cv,random_cv_11,lightgbm,lightgbm_builtin_gain
num__metal_cd,21.0,0.0014069409084818,metal_identity,real,real,random_cv,random_cv_11,lightgbm,lightgbm_builtin_gain
num__metal_cr,17.0,0.0011389521640091,metal_identity,real,real,random_cv,random_cv_11,lightgbm,lightgbm_builtin_gain
num__metal_hg,17.0,0.0011389521640091,metal_identity,real,real,random_cv,random_cv_11,lightgbm,lightgbm_builtin_gain
num__ret_other,126.0,0.008441645450891,polymer_identity,real,real,random_cv,random_cv_11,lightgbm,lightgbm_builtin_gain
num__ret_pa,67.0,0.0044888114699182,polymer_identity,real,real,random_cv,random_cv_11,lightgbm,lightgbm_builtin_gain
num__ret_pe,44.0,0.0029478761892,polymer_identity,real,real,random_cv,random_cv_11,lightgbm,lightgbm_builtin_gain
num__ret_pet,5.0,0.0003349859305909,polymer_identity,real,real,random_cv,random_cv_11,lightgbm,lightgbm_builtin_gain
num__ret_pla,98.0,0.0065657242395819,polymer_identity,real,real,random_cv,random_cv_11,lightgbm,lightgbm_builtin_gain
num__ret_pp,117.0,0.0078386707758274,polymer_identity,real,real,random_cv,random_cv_11,lightgbm,lightgbm_builtin_gain
num__ret_ps,126.0,0.008441645450891,polymer_identity,real,real,random_cv,random_cv_11,lightgbm,lightgbm_builtin_gain
num__ret_pvc,2.0,0.0001339943722363,polymer_identity,real,real,random_cv,random_cv_11,lightgbm,lightgbm_builtin_gain
num__ce_log1p,47.0,0.0031488677475546,solution_chemistry,real,real,random_cv,random_cv_11,lightgbm,lightgbm_builtin_gain
num__rpm_log1p,37.0,0.0024788958863727,solution_chemistry,real,real,random_cv,random_cv_11,lightgbm,lightgbm_builtin_gain
num__sa_log1p,271.0,0.0181562374380276,surface_area_porosity,real,real,random_cv,random_cv_11,lightgbm,lightgbm_builtin_gain
num__temp_log1p,33.0,0.0022109071419,solution_chemistry,real,real,random_cv,random_cv_11,lightgbm,lightgbm_builtin_gain
num__ph_x_temp,71.0,0.0047568002143909,solution_chemistry,real,real,random_cv,random_cv_11,lightgbm,lightgbm_builtin_gain
num__ph_x_ce_log,856.0,0.0573495913171646,solution_chemistry,real,real,random_cv,random_cv_11,lightgbm,lightgbm_builtin_gain
num__temp_x_ce_log,719.0,0.0481709768189736,solution_chemistry,real,real,random_cv,random_cv_11,lightgbm,lightgbm_builtin_gain
num__ce_log_x_rpm_log,507.0,0.0339675733619188,solution_chemistry,real,real,random_cv,random_cv_11,lightgbm,lightgbm_builtin_gain
num__ce_over_rpm,539.0,0.0361114833177006,solution_chemistry,real,real,random_cv,random_cv_11,lightgbm,lightgbm_builtin_gain
num__ce_over_sa,860.0,0.0576175800616374,solution_chemistry,real,real,random_cv,random_cv_11,lightgbm,lightgbm_builtin_gain
num__cd_x_ph,198.0,0.0132654428514002,other,real,real,random_cv,random_cv_11,lightgbm,lightgbm_builtin_gain
num__cd_x_ce_log,305.0,0.0204341417660458,other,real,real,random_cv,random_cv_11,lightgbm,lightgbm_builtin_gain
num__cd_x_sa_log,422.0,0.0282728125418732,other,real,real,random_cv,random_cv_11,lightgbm,lightgbm_builtin_gain
num__cr_x_ph,0.0,0.0,other,real,real,random_cv,random_cv_11,lightgbm,lightgbm_builtin_gain
num__cr_x_ce_log,311.0,0.0208361248827549,other,real,real,random_cv,random_cv_11,lightgbm,lightgbm_builtin_gain
num__cr_x_sa_log,353.0,0.0236500066997186,other,real,real,random_cv,random_cv_11,lightgbm,lightgbm_builtin_gain
num__hg_x_ph,156.0,0.0104515610344365,other,real,real,random_cv,random_cv_11,lightgbm,lightgbm_builtin_gain
num__hg_x_ce_log,708.0,0.0474340077716735,other,real,real,random_cv,random_cv_11,lightgbm,lightgbm_builtin_gain
num__hg_x_sa_log,27.0,0.0018089240251909,other,real,real,random_cv,random_cv_11,lightgbm,lightgbm_builtin_gain
num__aged_x_fg_any,0.0,0.0,other,real,real,random_cv,random_cv_11,lightgbm,lightgbm_builtin_gain
num__aged_x_fg_complexing,133.0,0.0089106257537183,other,real,real,random_cv,random_cv_11,lightgbm,lightgbm_builtin_gain
num__ret_ps_x_fg_any,49.0,0.0032828621197909,polymer_identity,real,real,random_cv,random_cv_11,lightgbm,lightgbm_builtin_gain
num__ret_pe_x_fg_any,23.0,0.0015409352807182,polymer_identity,real,real,random_cv,random_cv_11,lightgbm,lightgbm_builtin_gain
num__ret_pa_x_fg_any,5.0,0.0003349859305909,polymer_identity,real,real,random_cv,random_cv_11,lightgbm,lightgbm_builtin_gain
num__null_random_normal,961.0,0.0643842958595738,null_feature,real,random_noise,random_cv,random_cv_11,lightgbm,lightgbm_builtin_gain
num__null_random_uniform,969.0,0.0649202733485193,null_feature,real,random_noise,random_cv,random_cv_11,lightgbm,lightgbm_builtin_gain
num__null_random_binary,132.0,0.0088436285676001,null_feature,real,random_noise,random_cv,random_cv_11,lightgbm,lightgbm_builtin_gain
num__null_perm_ph,712.0,0.0477019965161463,null_feature,real,permuted_real,random_cv,random_cv_11,lightgbm,lightgbm_builtin_gain
num__null_perm_ce,863.0,0.0578185716199919,null_feature,real,permuted_real,random_cv,random_cv_11,lightgbm,lightgbm_builtin_gain
num__null_study_random_effect,543.0,0.0363794720621733,null_feature,real,group_aware_random,random_cv,random_cv_11,lightgbm,lightgbm_builtin_gain
num__null_exp_random_effect,1201.0,0.0804636205279378,null_feature,real,group_aware_random,random_cv,random_cv_11,lightgbm,lightgbm_builtin_gain
ph,0.0005399834909337,0.0006524263001722,solution_chemistry,real,real,random_cv,random_cv_11,lightgbm,lightgbm_shap
temp,0.0032796053217566,0.0039625299699419,solution_chemistry,real,real,random_cv,random_cv_11,lightgbm,lightgbm_shap
ce,0.0088650138638073,0.0107110093053735,solution_chemistry,real,real,random_cv,random_cv_11,lightgbm,lightgbm_shap
rpm,0.0166060379023229,0.0200639761234141,solution_chemistry,real,real,random_cv,random_cv_11,lightgbm,lightgbm_shap
sa,0.0191456161630834,0.02313238039222,surface_area_porosity,real,real,random_cv,random_cv_11,lightgbm,lightgbm_shap
fg_complexing,0.0005724073014738,0.0006916018436903,surface_functionality,real,real,random_cv,random_cv_11,lightgbm,lightgbm_shap
fg_polar,0.0050665129643277,0.0061215321645761,surface_functionality,real,real,random_cv,random_cv_11,lightgbm,lightgbm_shap
fg_any,0.0010453639144433,0.0012630440050203,surface_functionality,real,real,random_cv,random_cv_11,lightgbm,lightgbm_shap
ags_aged,0.0086017164868084,0.0103928845174778,aging_state,real,real,random_cv,random_cv_11,lightgbm,lightgbm_shap
ags_virgin,0.0027684351163283,0.0033449168549389,aging_state,real,real,random_cv,random_cv_11,lightgbm,lightgbm_shap
ph_missing,0.00098241086168,0.0011869819994433,solution_chemistry,real,real,random_cv,random_cv_11,lightgbm,lightgbm_shap
temp_missing,0.0054539609565127,0.0065896599208772,solution_chemistry,real,real,random_cv,random_cv_11,lightgbm,lightgbm_shap
rpm_missing,0.0355272453894167,0.0429252183703749,solution_chemistry,real,real,random_cv,random_cv_11,lightgbm,lightgbm_shap
sa_missing,0.0122061333814069,0.0147478628053413,surface_area_porosity,real,real,random_cv,random_cv_11,lightgbm,lightgbm_shap
metal_cd,0.0004307867160316,0.0005204910668988,metal_identity,real,real,random_cv,random_cv_11,lightgbm,lightgbm_shap
metal_cr,0.0006069087954028,0.0007332877144854,metal_identity,real,real,random_cv,random_cv_11,lightgbm,lightgbm_shap
metal_hg,0.0005578643679308,0.0006740305799677,metal_identity,real,real,random_cv,random_cv_11,lightgbm,lightgbm_shap
ret_other,0.0664944630769368,0.0803408571847401,polymer_identity,real,real,random_cv,random_cv_11,lightgbm,lightgbm_shap
ret_pa,0.0162853741167704,0.0196765393022523,polymer_identity,real,real,random_cv,random_cv_11,lightgbm,lightgbm_shap
ret_pe,0.0103377027415814,0.0124903617707044,polymer_identity,real,real,random_cv,random_cv_11,lightgbm,lightgbm_shap
ret_pet,6.197590156814053e-05,7.488137848440631e-05,polymer_identity,real,real,random_cv,random_cv_11,lightgbm,lightgbm_shap
ret_pla,0.0074245954060455,0.0089706470519418,polymer_identity,real,real,random_cv,random_cv_11,lightgbm,lightgbm_shap
ret_pp,0.0334809978078829,0.040452872898205,polymer_identity,real,real,random_cv,random_cv_11,lightgbm,lightgbm_shap
ret_ps,0.0089253187372587,0.010783871691222,polymer_identity,real,real,random_cv,random_cv_11,lightgbm,lightgbm_shap
ret_pvc,6.032145403843113e-05,7.288241907405307e-05,polymer_identity,real,real,random_cv,random_cv_11,lightgbm,lightgbm_shap
ce_log1p,0.0011271351678947,0.0013618427965491,solution_chemistry,real,real,random_cv,random_cv_11,lightgbm,lightgbm_shap
rpm_log1p,0.002575549173384,0.0031118655409204,solution_chemistry,real,real,random_cv,random_cv_11,lightgbm,lightgbm_shap
sa_log1p,0.0035266853186778,0.0042610603712309,surface_area_porosity,real,real,random_cv,random_cv_11,lightgbm,lightgbm_shap
temp_log1p,0.0031180454555288,0.0037673278803427,solution_chemistry,real,real,random_cv,random_cv_11,lightgbm,lightgbm_shap
ph_x_temp,0.002914505167178,0.0035214036261862,solution_chemistry,real,real,random_cv,random_cv_11,lightgbm,lightgbm_shap
ph_x_ce_log,0.0975989880371422,0.117922395285674,solution_chemistry,real,real,random_cv,random_cv_11,lightgbm,lightgbm_shap
temp_x_ce_log,0.0419926211337131,0.0507369038142771,solution_chemistry,real,real,random_cv,random_cv_11,lightgbm,lightgbm_shap
ce_log_x_rpm_log,0.0225069264324884,0.0271936290407791,solution_chemistry,real,real,random_cv,random_cv_11,lightgbm,lightgbm_shap
ce_over_rpm,0.0134509515551069,0.0162518941860969,solution_chemistry,real,real,random_cv,random_cv_11,lightgbm,lightgbm_shap
ce_over_sa,0.0302997655109864,0.0366092005409936,solution_chemistry,real,real,random_cv,random_cv_11,lightgbm,lightgbm_shap
cd_x_ph,0.0028000147011938,0.00338307237647,other,real,real,random_cv,random_cv_11,lightgbm,lightgbm_shap
cd_x_ce_log,0.0053335418065545,0.0064441654348489,other,real,real,random_cv,random_cv_11,lightgbm,lightgbm_shap
cd_x_sa_log,0.0127686142598148,0.0154274712092626,other,real,real,random_cv,random_cv_11,lightgbm,lightgbm_shap
cr_x_ph,0.0,0.0,other,real,real,random_cv,random_cv_11,lightgbm,lightgbm_shap
cr_x_ce_log,0.0596389954159788,0.0720578495056441,other,real,real,random_cv,random_cv_11,lightgbm,lightgbm_shap
cr_x_sa_log,0.0099093734000951,0.0119728397867677,other,real,real,random_cv,random_cv_11,lightgbm,lightgbm_shap
hg_x_ph,0.0020978189891381,0.0025346557894719,other,real,real,random_cv,random_cv_11,lightgbm,lightgbm_shap
hg_x_ce_log,0.0728662287411803,0.0880394397667712,other,real,real,random_cv,random_cv_11,lightgbm,lightgbm_shap
hg_x_sa_log,0.0009271963995241,0.0011202700205306,other,real,real,random_cv,random_cv_11,lightgbm,lightgbm_shap
aged_x_fg_any,0.0,0.0,other,real,real,random_cv,random_cv_11,lightgbm,lightgbm_shap
aged_x_fg_complexing,0.0609612099759215,0.073655393815537,other,real,real,random_cv,random_cv_11,lightgbm,lightgbm_shap
ret_ps_x_fg_any,0.0016258541794058,0.0019644119583268,polymer_identity,real,real,random_cv,random_cv_11,lightgbm,lightgbm_shap
ret_pe_x_fg_any,0.0012783639933301,0.0015445625735697,polymer_identity,real,real,random_cv,random_cv_11,lightgbm,lightgbm_shap
ret_pa_x_fg_any,0.0013535617430557,0.0016354190357735,polymer_identity,real,real,random_cv,random_cv_11,lightgbm,lightgbm_shap
null_random_normal,0.003658819370646,0.0044207091977225,null_feature,,random_noise,random_cv,random_cv_11,lightgbm,lightgbm_shap
null_random_uniform,0.0073943572275984,0.0089341122629725,null_feature,,random_noise,random_cv,random_cv_11,lightgbm,lightgbm_shap
null_random_binary,0.0013220119416279,0.0015972994995983,null_feature,,random_noise,random_cv,random_cv_11,lightgbm,lightgbm_shap
null_perm_ph,0.0034741512232333,0.0041975869019505,null_feature,,permuted_real,random_cv,random_cv_11,lightgbm,lightgbm_shap
null_perm_ce,0.0059808353267108,0.00722624733841,null_feature,,permuted_real,random_cv,random_cv_11,lightgbm,lightgbm_shap
null_study_random_effect,0.0588502807095975,0.0711048977461636,null_feature,,group_aware_random,random_cv,random_cv_11,lightgbm,lightgbm_shap
null_exp_random_effect,0.0309752345564634,0.0374253250663181,null_feature,,group_aware_random,random_cv,random_cv_11,lightgbm,lightgbm_shap
num__ph,0.0,0.0,solution_chemistry,real,real,random_cv,random_cv_12,elastic_net,elastic_net_coef
num__temp,0.0018716432323156,0.0782430212683885,solution_chemistry,real,real,random_cv,random_cv_12,elastic_net,elastic_net_coef
num__ce,0.0,0.0,solution_chemistry,real,real,random_cv,random_cv_12,elastic_net,elastic_net_coef
num__rpm,0.0,0.0,solution_chemistry,real,real,random_cv,random_cv_12,elastic_net,elastic_net_coef
num__sa,0.0,0.0,surface_area_porosity,real,real,random_cv,random_cv_12,elastic_net,elastic_net_coef
num__fg_complexing,0.0,0.0,surface_functionality,real,real,random_cv,random_cv_12,elastic_net,elastic_net_coef
num__fg_polar,0.0,0.0,surface_functionality,real,real,random_cv,random_cv_12,elastic_net,elastic_net_coef
num__fg_any,0.0,0.0,surface_functionality,real,real,random_cv,random_cv_12,elastic_net,elastic_net_coef
num__ags_aged,0.0,0.0,aging_state,real,real,random_cv,random_cv_12,elastic_net,elastic_net_coef
num__ags_virgin,0.0,0.0,aging_state,real,real,random_cv,random_cv_12,elastic_net,elastic_net_coef
num__ph_missing,0.0,0.0,solution_chemistry,real,real,random_cv,random_cv_12,elastic_net,elastic_net_coef
num__temp_missing,0.0,0.0,solution_chemistry,real,real,random_cv,random_cv_12,elastic_net,elastic_net_coef
num__rpm_missing,0.0,0.0,solution_chemistry,real,real,random_cv,random_cv_12,elastic_net,elastic_net_coef
num__sa_missing,0.0,0.0,surface_area_porosity,real,real,random_cv,random_cv_12,elastic_net,elastic_net_coef
num__metal_cd,0.0,0.0,metal_identity,real,real,random_cv,random_cv_12,elastic_net,elastic_net_coef
num__metal_cr,0.0,0.0,metal_identity,real,real,random_cv,random_cv_12,elastic_net,elastic_net_coef
num__metal_hg,0.0,0.0,metal_identity,real,real,random_cv,random_cv_12,elastic_net,elastic_net_coef
num__ret_other,0.0,0.0,polymer_identity,real,real,random_cv,random_cv_12,elastic_net,elastic_net_coef
num__ret_pa,0.0,0.0,polymer_identity,real,real,random_cv,random_cv_12,elastic_net,elastic_net_coef
num__ret_pe,0.0,0.0,polymer_identity,real,real,random_cv,random_cv_12,elastic_net,elastic_net_coef
num__ret_pet,0.0,0.0,polymer_identity,real,real,random_cv,random_cv_12,elastic_net,elastic_net_coef
num__ret_pla,0.0,0.0,polymer_identity,real,real,random_cv,random_cv_12,elastic_net,elastic_net_coef
num__ret_pp,0.0,0.0,polymer_identity,real,real,random_cv,random_cv_12,elastic_net,elastic_net_coef
num__ret_ps,0.0,0.0,polymer_identity,real,real,random_cv,random_cv_12,elastic_net,elastic_net_coef
num__ret_pvc,0.0,0.0,polymer_identity,real,real,random_cv,random_cv_12,elastic_net,elastic_net_coef
num__ce_log1p,0.0,0.0,solution_chemistry,real,real,random_cv,random_cv_12,elastic_net,elastic_net_coef
num__rpm_log1p,0.0,0.0,solution_chemistry,real,real,random_cv,random_cv_12,elastic_net,elastic_net_coef
num__sa_log1p,0.0,0.0,surface_area_porosity,real,real,random_cv,random_cv_12,elastic_net,elastic_net_coef
num__temp_log1p,0.0,0.0,solution_chemistry,real,real,random_cv,random_cv_12,elastic_net,elastic_net_coef
num__ph_x_temp,0.0,0.0,solution_chemistry,real,real,random_cv,random_cv_12,elastic_net,elastic_net_coef
num__ph_x_ce_log,0.0,0.0,solution_chemistry,real,real,random_cv,random_cv_12,elastic_net,elastic_net_coef
num__temp_x_ce_log,0.0,0.0,solution_chemistry,real,real,random_cv,random_cv_12,elastic_net,elastic_net_coef
num__ce_log_x_rpm_log,0.0,0.0,solution_chemistry,real,real,random_cv,random_cv_12,elastic_net,elastic_net_coef
num__ce_over_rpm,0.0220492535067753,0.9217569787316114,solution_chemistry,real,real,random_cv,random_cv_12,elastic_net,elastic_net_coef
num__ce_over_sa,0.0,0.0,solution_chemistry,real,real,random_cv,random_cv_12,elastic_net,elastic_net_coef
num__cd_x_ph,0.0,0.0,other,real,real,random_cv,random_cv_12,elastic_net,elastic_net_coef
num__cd_x_ce_log,0.0,0.0,other,real,real,random_cv,random_cv_12,elastic_net,elastic_net_coef
num__cd_x_sa_log,0.0,0.0,other,real,real,random_cv,random_cv_12,elastic_net,elastic_net_coef
num__cr_x_ph,0.0,0.0,other,real,real,random_cv,random_cv_12,elastic_net,elastic_net_coef
num__cr_x_ce_log,0.0,0.0,other,real,real,random_cv,random_cv_12,elastic_net,elastic_net_coef
num__cr_x_sa_log,0.0,0.0,other,real,real,random_cv,random_cv_12,elastic_net,elastic_net_coef
num__hg_x_ph,0.0,0.0,other,real,real,random_cv,random_cv_12,elastic_net,elastic_net_coef
num__hg_x_ce_log,0.0,0.0,other,real,real,random_cv,random_cv_12,elastic_net,elastic_net_coef
num__hg_x_sa_log,0.0,0.0,other,real,real,random_cv,random_cv_12,elastic_net,elastic_net_coef
num__aged_x_fg_any,0.0,0.0,other,real,real,random_cv,random_cv_12,elastic_net,elastic_net_coef
num__aged_x_fg_complexing,0.0,0.0,other,real,real,random_cv,random_cv_12,elastic_net,elastic_net_coef
num__ret_ps_x_fg_any,0.0,0.0,polymer_identity,real,real,random_cv,random_cv_12,elastic_net,elastic_net_coef
num__ret_pe_x_fg_any,0.0,0.0,polymer_identity,real,real,random_cv,random_cv_12,elastic_net,elastic_net_coef
num__ret_pa_x_fg_any,0.0,0.0,polymer_identity,real,real,random_cv,random_cv_12,elastic_net,elastic_net_coef
num__null_random_normal,0.0,0.0,null_feature,real,random_noise,random_cv,random_cv_12,elastic_net,elastic_net_coef
num__null_random_uniform,0.0,0.0,null_feature,real,random_noise,random_cv,random_cv_12,elastic_net,elastic_net_coef
num__null_random_binary,0.0,0.0,null_feature,real,random_noise,random_cv,random_cv_12,elastic_net,elastic_net_coef
num__null_perm_ph,0.0,0.0,null_feature,real,permuted_real,random_cv,random_cv_12,elastic_net,elastic_net_coef
num__null_perm_ce,0.0,0.0,null_feature,real,permuted_real,random_cv,random_cv_12,elastic_net,elastic_net_coef
num__null_study_random_effect,0.0,0.0,null_feature,real,group_aware_random,random_cv,random_cv_12,elastic_net,elastic_net_coef
num__null_exp_random_effect,0.0,0.0,null_feature,real,group_aware_random,random_cv,random_cv_12,elastic_net,elastic_net_coef
ph,1.4678879289853342e-06,6.152637994883344e-05,solution_chemistry,real,real,random_cv,random_cv_12,elastic_net,elastic_net_permutation
temp,0.0017455380146564,0.0731640563180627,solution_chemistry,real,real,random_cv,random_cv_12,elastic_net,elastic_net_permutation
ce,0.0003074095861505,0.0128850429409039,solution_chemistry,real,real,random_cv,random_cv_12,elastic_net,elastic_net_permutation
rpm,0.0,0.0,solution_chemistry,real,real,random_cv,random_cv_12,elastic_net,elastic_net_permutation
sa,0.0,0.0,surface_area_porosity,real,real,random_cv,random_cv_12,elastic_net,elastic_net_permutation
fg_complexing,0.0,0.0,surface_functionality,real,real,random_cv,random_cv_12,elastic_net,elastic_net_permutation
fg_polar,0.0,0.0,surface_functionality,real,real,random_cv,random_cv_12,elastic_net,elastic_net_permutation
fg_any,0.0,0.0,surface_functionality,real,real,random_cv,random_cv_12,elastic_net,elastic_net_permutation
ags_aged,0.0,0.0,aging_state,real,real,random_cv,random_cv_12,elastic_net,elastic_net_permutation
ags_virgin,0.0,0.0,aging_state,real,real,random_cv,random_cv_12,elastic_net,elastic_net_permutation
ph_missing,1.1979431230990656e-06,5.021166963327597e-05,solution_chemistry,real,real,random_cv,random_cv_12,elastic_net,elastic_net_permutation
temp_missing,4.199656667847052e-06,0.0001760282012668,solution_chemistry,real,real,random_cv,random_cv_12,elastic_net,elastic_net_permutation
rpm_missing,1.0200018957462476e-06,4.275328037447268e-05,solution_chemistry,real,real,random_cv,random_cv_12,elastic_net,elastic_net_permutation
sa_missing,9.30095243714124e-05,0.003898485178832,surface_area_porosity,real,real,random_cv,random_cv_12,elastic_net,elastic_net_permutation
metal_cd,4.779671468495561e-05,0.0020033946529183,metal_identity,real,real,random_cv,random_cv_12,elastic_net,elastic_net_permutation
metal_cr,0.0,0.0,metal_identity,real,real,random_cv,random_cv_12,elastic_net,elastic_net_permutation
metal_hg,0.0,0.0,metal_identity,real,real,random_cv,random_cv_12,elastic_net,elastic_net_permutation
ret_other,0.0,0.0,polymer_identity,real,real,random_cv,random_cv_12,elastic_net,elastic_net_permutation
ret_pa,9.550557937387794e-06,0.0004003107081786,polymer_identity,real,real,random_cv,random_cv_12,elastic_net,elastic_net_permutation
ret_pe,7.305847428962231e-06,0.0003062238852752,polymer_identity,real,real,random_cv,random_cv_12,elastic_net,elastic_net_permutation
ret_pet,3.243430437782635e-07,1.3594807172409096e-05,polymer_identity,real,real,random_cv,random_cv_12,elastic_net,elastic_net_permutation
ret_pla,2.0695924852764942e-06,8.674676797457628e-05,polymer_identity,real,real,random_cv,random_cv_12,elastic_net,elastic_net_permutation
ret_pp,0.0,0.0,polymer_identity,real,real,random_cv,random_cv_12,elastic_net,elastic_net_permutation
ret_ps,1.2265695779900556e-05,0.0005141154470918,polymer_identity,real,real,random_cv,random_cv_12,elastic_net,elastic_net_permutation
ret_pvc,1.0671095971082069e-06,4.4727795100890205e-05,polymer_identity,real,real,random_cv,random_cv_12,elastic_net,elastic_net_permutation
ce_log1p,4.6467951947759546e-05,0.0019476996918683,solution_chemistry,real,real,random_cv,random_cv_12,elastic_net,elastic_net_permutation
rpm_log1p,0.0,0.0,solution_chemistry,real,real,random_cv,random_cv_12,elastic_net,elastic_net_permutation
sa_log1p,0.0,0.0,surface_area_porosity,real,real,random_cv,random_cv_12,elastic_net,elastic_net_permutation
temp_log1p,1.5500465635698291e-06,6.497005113633151e-05,solution_chemistry,real,real,random_cv,random_cv_12,elastic_net,elastic_net_permutation
ph_x_temp,1.0416965814097345e-05,0.0004366261101657,solution_chemistry,real,real,random_cv,random_cv_12,elastic_net,elastic_net_permutation
ph_x_ce_log,5.243898630169497e-06,0.0002197975016771,solution_chemistry,real,real,random_cv,random_cv_12,elastic_net,elastic_net_permutation
temp_x_ce_log,0.0007085955066522,0.0297007118264532,solution_chemistry,real,real,random_cv,random_cv_12,elastic_net,elastic_net_permutation
ce_log_x_rpm_log,0.0004910985834632,0.0205843494192214,solution_chemistry,real,real,random_cv,random_cv_12,elastic_net,elastic_net_permutation
ce_over_rpm,0.0201002442516683,0.8424997852168185,solution_chemistry,real,real,random_cv,random_cv_12,elastic_net,elastic_net_permutation
ce_over_sa,0.0,0.0,solution_chemistry,real,real,random_cv,random_cv_12,elastic_net,elastic_net_permutation
cd_x_ph,0.0,0.0,other,real,real,random_cv,random_cv_12,elastic_net,elastic_net_permutation
cd_x_ce_log,1.806849181480441e-05,0.0007573390791955,other,real,real,random_cv,random_cv_12,elastic_net,elastic_net_permutation
cd_x_sa_log,0.0,0.0,other,real,real,random_cv,random_cv_12,elastic_net,elastic_net_permutation
cr_x_ph,0.0,0.0,other,real,real,random_cv,random_cv_12,elastic_net,elastic_net_permutation
cr_x_ce_log,0.0,0.0,other,real,real,random_cv,random_cv_12,elastic_net,elastic_net_permutation
cr_x_sa_log,0.0,0.0,other,real,real,random_cv,random_cv_12,elastic_net,elastic_net_permutation
hg_x_ph,0.0,0.0,other,real,real,random_cv,random_cv_12,elastic_net,elastic_net_permutation
hg_x_ce_log,2.9204923413406198e-06,0.0001224121527828,other,real,real,random_cv,random_cv_12,elastic_net,elastic_net_permutation
hg_x_sa_log,9.273126632347584e-07,3.886822019783528e-05,other,real,real,random_cv,random_cv_12,elastic_net,elastic_net_permutation
aged_x_fg_any,0.0,0.0,other,real,real,random_cv,random_cv_12,elastic_net,elastic_net_permutation
aged_x_fg_complexing,0.0,0.0,other,real,real,random_cv,random_cv_12,elastic_net,elastic_net_permutation
ret_ps_x_fg_any,1.2214611883587525e-05,0.0005119742705402,polymer_identity,real,real,random_cv,random_cv_12,elastic_net,elastic_net_permutation
ret_pe_x_fg_any,4.468870465967889e-06,0.0001873122714629,polymer_identity,real,real,random_cv,random_cv_12,elastic_net,elastic_net_permutation
ret_pa_x_fg_any,9.550557937387794e-06,0.0004003107081786,polymer_identity,real,real,random_cv,random_cv_12,elastic_net,elastic_net_permutation
null_random_normal,8.554111807135278e-06,0.0003585447654266,null_feature,,random_noise,random_cv,random_cv_12,elastic_net,elastic_net_permutation
null_random_uniform,1.4775729157867625e-05,0.0006193232522978,null_feature,,random_noise,random_cv,random_cv_12,elastic_net,elastic_net_permutation
null_random_binary,5.269658340560924e-05,0.002208772174358,null_feature,,random_noise,random_cv,random_cv_12,elastic_net,elastic_net_permutation
null_perm_ph,3.001518506959844e-05,0.0012580835664363,null_feature,,permuted_real,random_cv,random_cv_12,elastic_net,elastic_net_permutation
null_perm_ce,0.0001058311337175,0.0044359016890483,null_feature,,permuted_real,random_cv,random_cv_12,elastic_net,elastic_net_permutation
null_study_random_effect,0.0,0.0,null_feature,,group_aware_random,random_cv,random_cv_12,elastic_net,elastic_net_permutation
null_exp_random_effect,0.0,0.0,null_feature,,group_aware_random,random_cv,random_cv_12,elastic_net,elastic_net_permutation
ph,0.0,0.0,solution_chemistry,real,real,random_cv,random_cv_12,lightgbm,lightgbm_permutation
temp,0.0163874874523085,0.0037063229586371,solution_chemistry,real,real,random_cv,random_cv_12,lightgbm,lightgbm_permutation
ce,0.1556216655029241,0.035196618968797,solution_chemistry,real,real,random_cv,random_cv_12,lightgbm,lightgbm_permutation
rpm,0.1348513345417211,0.0304990376755063,solution_chemistry,real,real,random_cv,random_cv_12,lightgbm,lightgbm_permutation
sa,0.0,0.0,surface_area_porosity,real,real,random_cv,random_cv_12,lightgbm,lightgbm_permutation
fg_complexing,0.000528691880368,0.0001195731108845,surface_functionality,real,real,random_cv,random_cv_12,lightgbm,lightgbm_permutation
fg_polar,0.004384707392667,0.0009916798852565,surface_functionality,real,real,random_cv,random_cv_12,lightgbm,lightgbm_permutation
fg_any,0.0023117165348342,0.0005228359803082,surface_functionality,real,real,random_cv,random_cv_12,lightgbm,lightgbm_permutation
ags_aged,0.1184131227204096,0.0267812424949104,aging_state,real,real,random_cv,random_cv_12,lightgbm,lightgbm_permutation
ags_virgin,0.0,0.0,aging_state,real,real,random_cv,random_cv_12,lightgbm,lightgbm_permutation
ph_missing,0.0002095929634402,4.74031918943122e-05,solution_chemistry,real,real,random_cv,random_cv_12,lightgbm,lightgbm_permutation
temp_missing,0.0030775314401456,0.0006960386981674,solution_chemistry,real,real,random_cv,random_cv_12,lightgbm,lightgbm_permutation
rpm_missing,0.8574210754628588,0.1939210892734941,solution_chemistry,real,real,random_cv,random_cv_12,lightgbm,lightgbm_permutation
sa_missing,0.0,0.0,surface_area_porosity,real,real,random_cv,random_cv_12,lightgbm,lightgbm_permutation
metal_cd,0.0024083964209198,0.0005447018631948,metal_identity,real,real,random_cv,random_cv_12,lightgbm,lightgbm_permutation
metal_cr,0.0,0.0,metal_identity,real,real,random_cv,random_cv_12,lightgbm,lightgbm_permutation
metal_hg,0.0,0.0,metal_identity,real,real,random_cv,random_cv_12,lightgbm,lightgbm_permutation
ret_other,0.1674993580223074,0.0378829712609552,polymer_identity,real,real,random_cv,random_cv_12,lightgbm,lightgbm_permutation
ret_pa,0.0088118970574914,0.0019929678950709,polymer_identity,real,real,random_cv,random_cv_12,lightgbm,lightgbm_permutation
ret_pe,0.0174965201451668,0.0039571505088264,polymer_identity,real,real,random_cv,random_cv_12,lightgbm,lightgbm_permutation
ret_pet,0.0015027622223654,0.0003398765150749,polymer_identity,real,real,random_cv,random_cv_12,lightgbm,lightgbm_permutation
ret_pla,0.0347051308571305,0.0078491851574336,polymer_identity,real,real,random_cv,random_cv_12,lightgbm,lightgbm_permutation
ret_pp,0.0656832950304141,0.0148554502377891,polymer_identity,real,real,random_cv,random_cv_12,lightgbm,lightgbm_permutation
ret_ps,0.0028145353404414,0.000636557433257,polymer_identity,real,real,random_cv,random_cv_12,lightgbm,lightgbm_permutation
ret_pvc,0.0,0.0,polymer_identity,real,real,random_cv,random_cv_12,lightgbm,lightgbm_permutation
ce_log1p,0.0107008733585932,0.002420193621618,solution_chemistry,real,real,random_cv,random_cv_12,lightgbm,lightgbm_permutation
rpm_log1p,0.0122674205748042,0.0027744962522152,solution_chemistry,real,real,random_cv,random_cv_12,lightgbm,lightgbm_permutation
sa_log1p,0.0200853744244232,0.0045426661395598,surface_area_porosity,real,real,random_cv,random_cv_12,lightgbm,lightgbm_permutation
temp_log1p,0.0065057032292133,0.0014713809734827,solution_chemistry,real,real,random_cv,random_cv_12,lightgbm,lightgbm_permutation
ph_x_temp,0.0019986855481499,0.0004520384321124,solution_chemistry,real,real,random_cv,random_cv_12,lightgbm,lightgbm_permutation
ph_x_ce_log,0.0697083420812103,0.0157657865134004,solution_chemistry,real,real,random_cv,random_cv_12,lightgbm,lightgbm_permutation
temp_x_ce_log,0.2180514777532451,0.0493162359704978,solution_chemistry,real,real,random_cv,random_cv_12,lightgbm,lightgbm_permutation
ce_log_x_rpm_log,0.0607496900093379,0.0137396273508654,solution_chemistry,real,real,random_cv,random_cv_12,lightgbm,lightgbm_permutation
ce_over_rpm,0.0012837662758475,0.0002903466706256,solution_chemistry,real,real,random_cv,random_cv_12,lightgbm,lightgbm_permutation
ce_over_sa,0.0415908354729535,0.0094065102311089,solution_chemistry,real,real,random_cv,random_cv_12,lightgbm,lightgbm_permutation
cd_x_ph,0.0,0.0,other,real,real,random_cv,random_cv_12,lightgbm,lightgbm_permutation
cd_x_ce_log,0.0312565855096977,0.0070692350380338,other,real,real,random_cv,random_cv_12,lightgbm,lightgbm_permutation
cd_x_sa_log,0.0436196165142352,0.0098653552964817,other,real,real,random_cv,random_cv_12,lightgbm,lightgbm_permutation
cr_x_ph,3.371497231698939e-05,7.625243119906835e-06,other,real,real,random_cv,random_cv_12,lightgbm,lightgbm_permutation
cr_x_ce_log,0.0644599781780077,0.0145787752838673,other,real,real,random_cv,random_cv_12,lightgbm,lightgbm_permutation
cr_x_sa_log,0.0,0.0,other,real,real,random_cv,random_cv_12,lightgbm,lightgbm_permutation
hg_x_ph,0.0,0.0,other,real,real,random_cv,random_cv_12,lightgbm,lightgbm_permutation
hg_x_ce_log,0.9320256073595198,0.2107942365568516,other,real,real,random_cv,random_cv_12,lightgbm,lightgbm_permutation
hg_x_sa_log,0.0,0.0,other,real,real,random_cv,random_cv_12,lightgbm,lightgbm_permutation
aged_x_fg_any,0.0,0.0,other,real,real,random_cv,random_cv_12,lightgbm,lightgbm_permutation
aged_x_fg_complexing,0.5923846538513409,0.1339783691248092,other,real,real,random_cv,random_cv_12,lightgbm,lightgbm_permutation
ret_ps_x_fg_any,0.0,0.0,polymer_identity,real,real,random_cv,random_cv_12,lightgbm,lightgbm_permutation
ret_pe_x_fg_any,0.0,0.0,polymer_identity,real,real,random_cv,random_cv_12,lightgbm,lightgbm_permutation
ret_pa_x_fg_any,0.0049416371699233,0.0011176395008352,polymer_identity,real,real,random_cv,random_cv_12,lightgbm,lightgbm_permutation
null_random_normal,0.0375505513625162,0.0084927278223345,null_feature,,random_noise,random_cv,random_cv_12,lightgbm,lightgbm_permutation
null_random_uniform,0.0073745119911195,0.001667877591423,null_feature,,random_noise,random_cv,random_cv_12,lightgbm,lightgbm_permutation
null_random_binary,0.0320371889891556,0.0072457824560518,null_feature,,random_noise,random_cv,random_cv_12,lightgbm,lightgbm_permutation
null_perm_ph,0.0,0.0,null_feature,,permuted_real,random_cv,random_cv_12,lightgbm,lightgbm_permutation
null_perm_ce,0.0814418216580234,0.0184195224730345,null_feature,,permuted_real,random_cv,random_cv_12,lightgbm,lightgbm_permutation
null_study_random_effect,0.3778228430196425,0.0854513836521052,null_feature,,group_aware_random,random_cv,random_cv_12,lightgbm,lightgbm_permutation
null_exp_random_effect,0.1794750359187809,0.0405914846961061,null_feature,,group_aware_random,random_cv,random_cv_12,lightgbm,lightgbm_permutation
num__ph,85.0,0.0056863794487556,solution_chemistry,real,real,random_cv,random_cv_12,lightgbm,lightgbm_builtin_gain
num__temp,92.0,0.0061546695210061,solution_chemistry,real,real,random_cv,random_cv_12,lightgbm,lightgbm_builtin_gain
num__ce,520.0,0.0347872625100347,solution_chemistry,real,real,random_cv,random_cv_12,lightgbm,lightgbm_builtin_gain
num__rpm,349.0,0.0233476050307733,solution_chemistry,real,real,random_cv,random_cv_12,lightgbm,lightgbm_builtin_gain
num__sa,591.0,0.0395370618142895,surface_area_porosity,real,real,random_cv,random_cv_12,lightgbm,lightgbm_builtin_gain
num__fg_complexing,11.0,0.0007358843992507,surface_functionality,real,real,random_cv,random_cv_12,lightgbm,lightgbm_builtin_gain
num__fg_polar,12.0,0.0008027829810008,surface_functionality,real,real,random_cv,random_cv_12,lightgbm,lightgbm_builtin_gain
num__fg_any,3.0,0.0002006957452502,surface_functionality,real,real,random_cv,random_cv_12,lightgbm,lightgbm_builtin_gain
num__ags_aged,81.0,0.0054187851217554,aging_state,real,real,random_cv,random_cv_12,lightgbm,lightgbm_builtin_gain
num__ags_virgin,3.0,0.0002006957452502,aging_state,real,real,random_cv,random_cv_12,lightgbm,lightgbm_builtin_gain
num__ph_missing,54.0,0.0036125234145036,solution_chemistry,real,real,random_cv,random_cv_12,lightgbm,lightgbm_builtin_gain
num__temp_missing,59.0,0.0039470163232539,solution_chemistry,real,real,random_cv,random_cv_12,lightgbm,lightgbm_builtin_gain
num__rpm_missing,214.0,0.0143162964945143,solution_chemistry,real,real,random_cv,random_cv_12,lightgbm,lightgbm_builtin_gain
num__sa_missing,59.0,0.0039470163232539,surface_area_porosity,real,real,random_cv,random_cv_12,lightgbm,lightgbm_builtin_gain
num__metal_cd,26.0,0.0017393631255017,metal_identity,real,real,random_cv,random_cv_12,lightgbm,lightgbm_builtin_gain
num__metal_cr,18.0,0.0012041744715012,metal_identity,real,real,random_cv,random_cv_12,lightgbm,lightgbm_builtin_gain
num__metal_hg,13.0,0.0008696815627508,metal_identity,real,real,random_cv,random_cv_12,lightgbm,lightgbm_builtin_gain
num__ret_other,135.0,0.009031308536259,polymer_identity,real,real,random_cv,random_cv_12,lightgbm,lightgbm_builtin_gain
num__ret_pa,79.0,0.0052849879582552,polymer_identity,real,real,random_cv,random_cv_12,lightgbm,lightgbm_builtin_gain
num__ret_pe,31.0,0.002073856034252,polymer_identity,real,real,random_cv,random_cv_12,lightgbm,lightgbm_builtin_gain
num__ret_pet,10.0,0.0006689858175006,polymer_identity,real,real,random_cv,random_cv_12,lightgbm,lightgbm_builtin_gain
num__ret_pla,106.0,0.007091249665507,polymer_identity,real,real,random_cv,random_cv_12,lightgbm,lightgbm_builtin_gain
num__ret_pp,80.0,0.0053518865400053,polymer_identity,real,real,random_cv,random_cv_12,lightgbm,lightgbm_builtin_gain
num__ret_ps,116.0,0.0077602354830077,polymer_identity,real,real,random_cv,random_cv_12,lightgbm,lightgbm_builtin_gain
num__ret_pvc,1.0,6.68985817500669e-05,polymer_identity,real,real,random_cv,random_cv_12,lightgbm,lightgbm_builtin_gain
num__ce_log1p,56.0,0.0037463205780037,solution_chemistry,real,real,random_cv,random_cv_12,lightgbm,lightgbm_builtin_gain
num__rpm_log1p,47.0,0.0031442333422531,solution_chemistry,real,real,random_cv,random_cv_12,lightgbm,lightgbm_builtin_gain
num__sa_log1p,263.0,0.0175943270002675,surface_area_porosity,real,real,random_cv,random_cv_12,lightgbm,lightgbm_builtin_gain
num__temp_log1p,42.0,0.0028097404335028,solution_chemistry,real,real,random_cv,random_cv_12,lightgbm,lightgbm_builtin_gain
num__ph_x_temp,72.0,0.0048166978860048,solution_chemistry,real,real,random_cv,random_cv_12,lightgbm,lightgbm_builtin_gain
num__ph_x_ce_log,1034.0,0.0691731335295691,solution_chemistry,real,real,random_cv,random_cv_12,lightgbm,lightgbm_builtin_gain
num__temp_x_ce_log,793.0,0.053050575327803,solution_chemistry,real,real,random_cv,random_cv_12,lightgbm,lightgbm_builtin_gain
num__ce_log_x_rpm_log,529.0,0.0353893497457853,solution_chemistry,real,real,random_cv,random_cv_12,lightgbm,lightgbm_builtin_gain
num__ce_over_rpm,701.0,0.0468959058067968,solution_chemistry,real,real,random_cv,random_cv_12,lightgbm,lightgbm_builtin_gain
num__ce_over_sa,732.0,0.0489697618410489,solution_chemistry,real,real,random_cv,random_cv_12,lightgbm,lightgbm_builtin_gain
num__cd_x_ph,260.0,0.0173936312550173,other,real,real,random_cv,random_cv_12,lightgbm,lightgbm_builtin_gain
num__cd_x_ce_log,262.0,0.0175274284185175,other,real,real,random_cv,random_cv_12,lightgbm,lightgbm_builtin_gain
num__cd_x_sa_log,366.0,0.0244848809205244,other,real,real,random_cv,random_cv_12,lightgbm,lightgbm_builtin_gain
num__cr_x_ph,0.0,0.0,other,real,real,random_cv,random_cv_12,lightgbm,lightgbm_builtin_gain
num__cr_x_ce_log,336.0,0.0224779234680224,other,real,real,random_cv,random_cv_12,lightgbm,lightgbm_builtin_gain
num__cr_x_sa_log,424.0,0.0283649986620283,other,real,real,random_cv,random_cv_12,lightgbm,lightgbm_builtin_gain
num__hg_x_ph,172.0,0.0115065560610115,other,real,real,random_cv,random_cv_12,lightgbm,lightgbm_builtin_gain
num__hg_x_ce_log,624.0,0.0417447150120417,other,real,real,random_cv,random_cv_12,lightgbm,lightgbm_builtin_gain
num__hg_x_sa_log,26.0,0.0017393631255017,other,real,real,random_cv,random_cv_12,lightgbm,lightgbm_builtin_gain
num__aged_x_fg_any,0.0,0.0,other,real,real,random_cv,random_cv_12,lightgbm,lightgbm_builtin_gain
num__aged_x_fg_complexing,125.0,0.0083623227187583,other,real,real,random_cv,random_cv_12,lightgbm,lightgbm_builtin_gain
num__ret_ps_x_fg_any,22.0,0.0014717687985014,polymer_identity,real,real,random_cv,random_cv_12,lightgbm,lightgbm_builtin_gain
num__ret_pe_x_fg_any,68.0,0.0045491035590045,polymer_identity,real,real,random_cv,random_cv_12,lightgbm,lightgbm_builtin_gain
num__ret_pa_x_fg_any,9.0,0.0006020872357506,polymer_identity,real,real,random_cv,random_cv_12,lightgbm,lightgbm_builtin_gain
num__null_random_normal,937.0,0.0626839710998126,null_feature,real,random_noise,random_cv,random_cv_12,lightgbm,lightgbm_builtin_gain
num__null_random_uniform,810.0,0.0541878512175541,null_feature,real,random_noise,random_cv,random_cv_12,lightgbm,lightgbm_builtin_gain
num__null_random_binary,142.0,0.0094995986085095,null_feature,real,random_noise,random_cv,random_cv_12,lightgbm,lightgbm_builtin_gain
num__null_perm_ph,696.0,0.0465614128980465,null_feature,real,permuted_real,random_cv,random_cv_12,lightgbm,lightgbm_builtin_gain
num__null_perm_ce,903.0,0.0604094193203104,null_feature,real,permuted_real,random_cv,random_cv_12,lightgbm,lightgbm_builtin_gain
num__null_study_random_effect,490.0,0.0327803050575327,null_feature,real,group_aware_random,random_cv,random_cv_12,lightgbm,lightgbm_builtin_gain
num__null_exp_random_effect,1259.0,0.0842253144233342,null_feature,real,group_aware_random,random_cv,random_cv_12,lightgbm,lightgbm_builtin_gain
ph,0.0022108014020193,0.0028298653771711,solution_chemistry,real,real,random_cv,random_cv_12,lightgbm,lightgbm_shap
temp,0.0022358185839113,0.0028618878179051,solution_chemistry,real,real,random_cv,random_cv_12,lightgbm,lightgbm_shap
ce,0.0093733858324117,0.0119981016882751,solution_chemistry,real,real,random_cv,random_cv_12,lightgbm,lightgbm_shap
rpm,0.0239139027642586,0.0306102236970731,solution_chemistry,real,real,random_cv,random_cv_12,lightgbm,lightgbm_shap
sa,0.0273372674017855,0.0349921917256445,surface_area_porosity,real,real,random_cv,random_cv_12,lightgbm,lightgbm_shap
fg_complexing,0.0001162967976682,0.0001488619832141,surface_functionality,real,real,random_cv,random_cv_12,lightgbm,lightgbm_shap
fg_polar,0.0023705127142886,0.003034298716376,surface_functionality,real,real,random_cv,random_cv_12,lightgbm,lightgbm_shap
fg_any,0.0005005312292363,0.0006406889350237,surface_functionality,real,real,random_cv,random_cv_12,lightgbm,lightgbm_shap
ags_aged,0.0144560830011307,0.0185040450657609,aging_state,real,real,random_cv,random_cv_12,lightgbm,lightgbm_shap
ags_virgin,2.6062060646321626e-05,3.335990424711934e-05,aging_state,real,real,random_cv,random_cv_12,lightgbm,lightgbm_shap
ph_missing,0.0020053649077297,0.0025669029863086,solution_chemistry,real,real,random_cv,random_cv_12,lightgbm,lightgbm_shap
temp_missing,0.0022118373769735,0.0028311914436609,solution_chemistry,real,real,random_cv,random_cv_12,lightgbm,lightgbm_shap
rpm_missing,0.0723746501080062,0.0926408479470184,solution_chemistry,real,real,random_cv,random_cv_12,lightgbm,lightgbm_shap
sa_missing,0.0051511855282908,0.0065936097039657,surface_area_porosity,real,real,random_cv,random_cv_12,lightgbm,lightgbm_shap
metal_cd,0.0014192834856553,0.0018167082727459,metal_identity,real,real,random_cv,random_cv_12,lightgbm,lightgbm_shap
metal_cr,0.0005267928605099,0.0006743042932469,metal_identity,real,real,random_cv,random_cv_12,lightgbm,lightgbm_shap
metal_hg,0.0002742515974023,0.000351046954925,metal_identity,real,real,random_cv,random_cv_12,lightgbm,lightgbm_shap
ret_other,0.0447536307584624,0.0572854486478972,polymer_identity,real,real,random_cv,random_cv_12,lightgbm,lightgbm_shap
ret_pa,0.0186449799764513,0.0238659081929371,polymer_identity,real,real,random_cv,random_cv_12,lightgbm,lightgbm_shap
ret_pe,0.0007473604717153,0.0009566347846721,polymer_identity,real,real,random_cv,random_cv_12,lightgbm,lightgbm_shap
ret_pet,0.0001447313426883,0.000185258709937,polymer_identity,real,real,random_cv,random_cv_12,lightgbm,lightgbm_shap
ret_pla,0.0090698983204949,0.0116096322393266,polymer_identity,real,real,random_cv,random_cv_12,lightgbm,lightgbm_shap
ret_pp,0.0278366744739119,0.0356314417194405,polymer_identity,real,real,random_cv,random_cv_12,lightgbm,lightgbm_shap
ret_ps,0.0074201107308651,0.0094978745865062,polymer_identity,real,real,random_cv,random_cv_12,lightgbm,lightgbm_shap
ret_pvc,1.2768755067704518e-05,1.6344235100752205e-05,polymer_identity,real,real,random_cv,random_cv_12,lightgbm,lightgbm_shap
ce_log1p,0.0012438090536707,0.0015920978580798,solution_chemistry,real,real,random_cv,random_cv_12,lightgbm,lightgbm_shap
rpm_log1p,0.0039602561656445,0.0050691987971647,solution_chemistry,real,real,random_cv,random_cv_12,lightgbm,lightgbm_shap
sa_log1p,0.0125216195534194,0.0160278972177085,surface_area_porosity,real,real,random_cv,random_cv_12,lightgbm,lightgbm_shap
temp_log1p,0.0032318907388705,0.0041368780101081,solution_chemistry,real,real,random_cv,random_cv_12,lightgbm,lightgbm_shap
ph_x_temp,0.0009371010950755,0.0011995061797234,solution_chemistry,real,real,random_cv,random_cv_12,lightgbm,lightgbm_shap
ph_x_ce_log,0.0297753774796375,0.038113016277657,solution_chemistry,real,real,random_cv,random_cv_12,lightgbm,lightgbm_shap
temp_x_ce_log,0.0747557853714507,0.0956887437165019,solution_chemistry,real,real,random_cv,random_cv_12,lightgbm,lightgbm_shap
ce_log_x_rpm_log,0.0214673539690825,0.0274785974357974,solution_chemistry,real,real,random_cv,random_cv_12,lightgbm,lightgbm_shap
ce_over_rpm,0.0110265306218671,0.0141141566169801,solution_chemistry,real,real,random_cv,random_cv_12,lightgbm,lightgbm_shap
ce_over_sa,0.0117088400547806,0.0149875249073003,solution_chemistry,real,real,random_cv,random_cv_12,lightgbm,lightgbm_shap
cd_x_ph,0.0082665665613285,0.0105813532045971,other,real,real,random_cv,random_cv_12,lightgbm,lightgbm_shap
cd_x_ce_log,0.0099440243624596,0.0127285292235514,other,real,real,random_cv,random_cv_12,lightgbm,lightgbm_shap
cd_x_sa_log,0.0154160091528036,0.019732767726593,other,real,real,random_cv,random_cv_12,lightgbm,lightgbm_shap
cr_x_ph,0.0,0.0,other,real,real,random_cv,random_cv_12,lightgbm,lightgbm_shap
cr_x_ce_log,0.0624292957827836,0.0799106163473185,other,real,real,random_cv,random_cv_12,lightgbm,lightgbm_shap
cr_x_sa_log,0.0081782073255437,0.0104682518007929,other,real,real,random_cv,random_cv_12,lightgbm,lightgbm_shap
hg_x_ph,0.0034386682123675,0.0044015568783654,other,real,real,random_cv,random_cv_12,lightgbm,lightgbm_shap
hg_x_ce_log,0.0501160844331512,0.0641494853618353,other,real,real,random_cv,random_cv_12,lightgbm,lightgbm_shap
hg_x_sa_log,0.0011778063231034,0.0015076131812288,other,real,real,random_cv,random_cv_12,lightgbm,lightgbm_shap
aged_x_fg_any,0.0,0.0,other,real,real,random_cv,random_cv_12,lightgbm,lightgbm_shap
aged_x_fg_complexing,0.0645476829147042,0.0826221898041615,other,real,real,random_cv,random_cv_12,lightgbm,lightgbm_shap
ret_ps_x_fg_any,0.0004259030875167,0.0005451635774669,polymer_identity,real,real,random_cv,random_cv_12,lightgbm,lightgbm_shap
ret_pe_x_fg_any,0.0105585382805499,0.0135151180410749,polymer_identity,real,real,random_cv,random_cv_12,lightgbm,lightgbm_shap
ret_pa_x_fg_any,0.0011696191797789,0.0014971334911895,polymer_identity,real,real,random_cv,random_cv_12,lightgbm,lightgbm_shap
null_random_normal,0.0039958676447087,0.0051147821279612,null_feature,,random_noise,random_cv,random_cv_12,lightgbm,lightgbm_shap
null_random_uniform,0.004274532933599,0.0054714786870142,null_feature,,random_noise,random_cv,random_cv_12,lightgbm,lightgbm_shap
null_random_binary,0.001360341072967,0.0017412609291893,null_feature,,random_noise,random_cv,random_cv_12,lightgbm,lightgbm_shap
null_perm_ph,0.0054013745562308,0.0069138561391582,null_feature,,permuted_real,random_cv,random_cv_12,lightgbm,lightgbm_shap
null_perm_ce,0.006963764859402,0.0089137437005348,null_feature,,permuted_real,random_cv,random_cv_12,lightgbm,lightgbm_shap
null_study_random_effect,0.0538172347125491,0.0688870239855258,null_feature,,group_aware_random,random_cv,random_cv_12,lightgbm,lightgbm_shap
null_exp_random_effect,0.0239948043279214,0.0307137791470377,null_feature,,group_aware_random,random_cv,random_cv_12,lightgbm,lightgbm_shap
num__ph,0.0007631160846635,0.0454225119803945,solution_chemistry,real,real,random_cv,random_cv_13,elastic_net,elastic_net_coef
num__temp,8.851765840042586e-06,0.0005268784762861,solution_chemistry,real,real,random_cv,random_cv_13,elastic_net,elastic_net_coef
num__ce,0.0,0.0,solution_chemistry,real,real,random_cv,random_cv_13,elastic_net,elastic_net_coef
num__rpm,0.0,0.0,solution_chemistry,real,real,random_cv,random_cv_13,elastic_net,elastic_net_coef
num__sa,0.0,0.0,surface_area_porosity,real,real,random_cv,random_cv_13,elastic_net,elastic_net_coef
num__fg_complexing,0.0,0.0,surface_functionality,real,real,random_cv,random_cv_13,elastic_net,elastic_net_coef
num__fg_polar,0.0,0.0,surface_functionality,real,real,random_cv,random_cv_13,elastic_net,elastic_net_coef
num__fg_any,0.0,0.0,surface_functionality,real,real,random_cv,random_cv_13,elastic_net,elastic_net_coef
num__ags_aged,0.0,0.0,aging_state,real,real,random_cv,random_cv_13,elastic_net,elastic_net_coef
num__ags_virgin,0.0,0.0,aging_state,real,real,random_cv,random_cv_13,elastic_net,elastic_net_coef
num__ph_missing,0.0,0.0,solution_chemistry,real,real,random_cv,random_cv_13,elastic_net,elastic_net_coef
num__temp_missing,0.0,0.0,solution_chemistry,real,real,random_cv,random_cv_13,elastic_net,elastic_net_coef
num__rpm_missing,0.0,0.0,solution_chemistry,real,real,random_cv,random_cv_13,elastic_net,elastic_net_coef
num__sa_missing,0.0,0.0,surface_area_porosity,real,real,random_cv,random_cv_13,elastic_net,elastic_net_coef
num__metal_cd,0.0,0.0,metal_identity,real,real,random_cv,random_cv_13,elastic_net,elastic_net_coef
num__metal_cr,0.0,0.0,metal_identity,real,real,random_cv,random_cv_13,elastic_net,elastic_net_coef
num__metal_hg,0.0,0.0,metal_identity,real,real,random_cv,random_cv_13,elastic_net,elastic_net_coef
num__ret_other,0.0,0.0,polymer_identity,real,real,random_cv,random_cv_13,elastic_net,elastic_net_coef
num__ret_pa,0.0,0.0,polymer_identity,real,real,random_cv,random_cv_13,elastic_net,elastic_net_coef
num__ret_pe,0.0,0.0,polymer_identity,real,real,random_cv,random_cv_13,elastic_net,elastic_net_coef
num__ret_pet,0.0,0.0,polymer_identity,real,real,random_cv,random_cv_13,elastic_net,elastic_net_coef
num__ret_pla,0.0,0.0,polymer_identity,real,real,random_cv,random_cv_13,elastic_net,elastic_net_coef
num__ret_pp,0.0,0.0,polymer_identity,real,real,random_cv,random_cv_13,elastic_net,elastic_net_coef
num__ret_ps,0.0,0.0,polymer_identity,real,real,random_cv,random_cv_13,elastic_net,elastic_net_coef
num__ret_pvc,0.0,0.0,polymer_identity,real,real,random_cv,random_cv_13,elastic_net,elastic_net_coef
num__ce_log1p,0.0,0.0,solution_chemistry,real,real,random_cv,random_cv_13,elastic_net,elastic_net_coef
num__rpm_log1p,0.0,0.0,solution_chemistry,real,real,random_cv,random_cv_13,elastic_net,elastic_net_coef
num__sa_log1p,0.0,0.0,surface_area_porosity,real,real,random_cv,random_cv_13,elastic_net,elastic_net_coef
num__temp_log1p,0.0,0.0,solution_chemistry,real,real,random_cv,random_cv_13,elastic_net,elastic_net_coef
num__ph_x_temp,0.0,0.0,solution_chemistry,real,real,random_cv,random_cv_13,elastic_net,elastic_net_coef
num__ph_x_ce_log,0.0,0.0,solution_chemistry,real,real,random_cv,random_cv_13,elastic_net,elastic_net_coef
num__temp_x_ce_log,0.0,0.0,solution_chemistry,real,real,random_cv,random_cv_13,elastic_net,elastic_net_coef
num__ce_log_x_rpm_log,0.0,0.0,solution_chemistry,real,real,random_cv,random_cv_13,elastic_net,elastic_net_coef
num__ce_over_rpm,0.0160284258616035,0.9540506095433192,solution_chemistry,real,real,random_cv,random_cv_13,elastic_net,elastic_net_coef
num__ce_over_sa,0.0,0.0,solution_chemistry,real,real,random_cv,random_cv_13,elastic_net,elastic_net_coef
num__cd_x_ph,0.0,0.0,other,real,real,random_cv,random_cv_13,elastic_net,elastic_net_coef
num__cd_x_ce_log,0.0,0.0,other,real,real,random_cv,random_cv_13,elastic_net,elastic_net_coef
num__cd_x_sa_log,0.0,0.0,other,real,real,random_cv,random_cv_13,elastic_net,elastic_net_coef
num__cr_x_ph,0.0,0.0,other,real,real,random_cv,random_cv_13,elastic_net,elastic_net_coef
num__cr_x_ce_log,0.0,0.0,other,real,real,random_cv,random_cv_13,elastic_net,elastic_net_coef
num__cr_x_sa_log,0.0,0.0,other,real,real,random_cv,random_cv_13,elastic_net,elastic_net_coef
num__hg_x_ph,0.0,0.0,other,real,real,random_cv,random_cv_13,elastic_net,elastic_net_coef
num__hg_x_ce_log,0.0,0.0,other,real,real,random_cv,random_cv_13,elastic_net,elastic_net_coef
num__hg_x_sa_log,0.0,0.0,other,real,real,random_cv,random_cv_13,elastic_net,elastic_net_coef
num__aged_x_fg_any,0.0,0.0,other,real,real,random_cv,random_cv_13,elastic_net,elastic_net_coef
num__aged_x_fg_complexing,0.0,0.0,other,real,real,random_cv,random_cv_13,elastic_net,elastic_net_coef
num__ret_ps_x_fg_any,0.0,0.0,polymer_identity,real,real,random_cv,random_cv_13,elastic_net,elastic_net_coef
num__ret_pe_x_fg_any,0.0,0.0,polymer_identity,real,real,random_cv,random_cv_13,elastic_net,elastic_net_coef
num__ret_pa_x_fg_any,0.0,0.0,polymer_identity,real,real,random_cv,random_cv_13,elastic_net,elastic_net_coef
num__null_random_normal,0.0,0.0,null_feature,real,random_noise,random_cv,random_cv_13,elastic_net,elastic_net_coef
num__null_random_uniform,0.0,0.0,null_feature,real,random_noise,random_cv,random_cv_13,elastic_net,elastic_net_coef
num__null_random_binary,0.0,0.0,null_feature,real,random_noise,random_cv,random_cv_13,elastic_net,elastic_net_coef
num__null_perm_ph,0.0,0.0,null_feature,real,permuted_real,random_cv,random_cv_13,elastic_net,elastic_net_coef
num__null_perm_ce,0.0,0.0,null_feature,real,permuted_real,random_cv,random_cv_13,elastic_net,elastic_net_coef
num__null_study_random_effect,0.0,0.0,null_feature,real,group_aware_random,random_cv,random_cv_13,elastic_net,elastic_net_coef
num__null_exp_random_effect,0.0,0.0,null_feature,real,group_aware_random,random_cv,random_cv_13,elastic_net,elastic_net_coef
ph,0.0006187531753655,0.0088476691190108,solution_chemistry,real,real,random_cv,random_cv_13,elastic_net,elastic_net_permutation
temp,0.0001102289656266,0.0015761849054261,solution_chemistry,real,real,random_cv,random_cv_13,elastic_net,elastic_net_permutation
ce,0.0006377943988284,0.009119943188104,solution_chemistry,real,real,random_cv,random_cv_13,elastic_net,elastic_net_permutation
rpm,0.0,0.0,solution_chemistry,real,real,random_cv,random_cv_13,elastic_net,elastic_net_permutation
sa,0.0,0.0,surface_area_porosity,real,real,random_cv,random_cv_13,elastic_net,elastic_net_permutation
fg_complexing,0.0,0.0,surface_functionality,real,real,random_cv,random_cv_13,elastic_net,elastic_net_permutation
fg_polar,0.0,0.0,surface_functionality,real,real,random_cv,random_cv_13,elastic_net,elastic_net_permutation
fg_any,0.0,0.0,surface_functionality,real,real,random_cv,random_cv_13,elastic_net,elastic_net_permutation
ags_aged,0.0,0.0,aging_state,real,real,random_cv,random_cv_13,elastic_net,elastic_net_permutation
ags_virgin,0.0,0.0,aging_state,real,real,random_cv,random_cv_13,elastic_net,elastic_net_permutation
ph_missing,0.0,0.0,solution_chemistry,real,real,random_cv,random_cv_13,elastic_net,elastic_net_permutation
temp_missing,1.172409689138565e-05,0.0001676450871592,solution_chemistry,real,real,random_cv,random_cv_13,elastic_net,elastic_net_permutation
rpm_missing,8.501613212530401e-07,1.2156618127712566e-05,solution_chemistry,real,real,random_cv,random_cv_13,elastic_net,elastic_net_permutation
sa_missing,5.356623161560936e-05,0.0007659537149158,surface_area_porosity,real,real,random_cv,random_cv_13,elastic_net,elastic_net_permutation
metal_cd,7.452270273233808e-05,0.0010656142738025,metal_identity,real,real,random_cv,random_cv_13,elastic_net,elastic_net_permutation
metal_cr,4.845286004300231e-05,0.0006928366440737,metal_identity,real,real,random_cv,random_cv_13,elastic_net,elastic_net_permutation
metal_hg,0.0,0.0,metal_identity,real,real,random_cv,random_cv_13,elastic_net,elastic_net_permutation
ret_other,0.0001884349789591,0.0026944675367419,polymer_identity,real,real,random_cv,random_cv_13,elastic_net,elastic_net_permutation
ret_pa,1.4288834715303622e-05,0.0002043187601947,polymer_identity,real,real,random_cv,random_cv_13,elastic_net,elastic_net_permutation
ret_pe,1.5122414051882417e-06,2.1623826937566836e-05,polymer_identity,real,real,random_cv,random_cv_13,elastic_net,elastic_net_permutation
ret_pet,2.745679863669359e-06,3.9260997612056366e-05,polymer_identity,real,real,random_cv,random_cv_13,elastic_net,elastic_net_permutation
ret_pla,1.0200996253550976e-05,0.0001458659819925,polymer_identity,real,real,random_cv,random_cv_13,elastic_net,elastic_net_permutation
ret_pp,0.0,0.0,polymer_identity,real,real,random_cv,random_cv_13,elastic_net,elastic_net_permutation
ret_ps,4.93673590903132e-05,0.0007059132395602,polymer_identity,real,real,random_cv,random_cv_13,elastic_net,elastic_net_permutation
ret_pvc,5.828902540416792e-07,8.334858398763834e-06,polymer_identity,real,real,random_cv,random_cv_13,elastic_net,elastic_net_permutation
ce_log1p,5.216013504605321e-05,0.0007458476731336,solution_chemistry,real,real,random_cv,random_cv_13,elastic_net,elastic_net_permutation
rpm_log1p,0.0001409614971787,0.0020156352083711,solution_chemistry,real,real,random_cv,random_cv_13,elastic_net,elastic_net_permutation
sa_log1p,3.375711887401156e-05,0.0004826994512503,surface_area_porosity,real,real,random_cv,random_cv_13,elastic_net,elastic_net_permutation
temp_log1p,6.202980776537359e-06,8.869759970115433e-05,solution_chemistry,real,real,random_cv,random_cv_13,elastic_net,elastic_net_permutation
ph_x_temp,0.0002560422245865,0.0036611963765659,solution_chemistry,real,real,random_cv,random_cv_13,elastic_net,elastic_net_permutation
ph_x_ce_log,0.0002133955273514,0.0030513831567276,solution_chemistry,real,real,random_cv,random_cv_13,elastic_net,elastic_net_permutation
temp_x_ce_log,0.0005775255852549,0.0082581479813498,solution_chemistry,real,real,random_cv,random_cv_13,elastic_net,elastic_net_permutation
ce_log_x_rpm_log,0.0,0.0,solution_chemistry,real,real,random_cv,random_cv_13,elastic_net,elastic_net_permutation
ce_over_rpm,0.0653639619440103,0.9346517005696214,solution_chemistry,real,real,random_cv,random_cv_13,elastic_net,elastic_net_permutation
ce_over_sa,0.0002607764665273,0.0037288922008294,solution_chemistry,real,real,random_cv,random_cv_13,elastic_net,elastic_net_permutation
cd_x_ph,9.580021486568224e-05,0.0013698654591324,other,real,real,random_cv,random_cv_13,elastic_net,elastic_net_permutation
cd_x_ce_log,0.0001986332684496,0.0028402948142159,other,real,real,random_cv,random_cv_13,elastic_net,elastic_net_permutation
cd_x_sa_log,3.716862948173194e-05,0.0005314812890733,other,real,real,random_cv,random_cv_13,elastic_net,elastic_net_permutation
cr_x_ph,0.0,0.0,other,real,real,random_cv,random_cv_13,elastic_net,elastic_net_permutation
cr_x_ce_log,5.140185548366816e-05,0.0007350048897188,other,real,real,random_cv,random_cv_13,elastic_net,elastic_net_permutation
cr_x_sa_log,8.005311372742963e-05,0.0011446946705177,other,real,real,random_cv,random_cv_13,elastic_net,elastic_net_permutation
hg_x_ph,7.387268584289065e-05,0.0010563195589007,other,real,real,random_cv,random_cv_13,elastic_net,elastic_net_permutation
hg_x_ce_log,1.0204974962846336e-06,1.4592287431206988e-05,other,real,real,random_cv,random_cv_13,elastic_net,elastic_net_permutation
hg_x_sa_log,6.869002119989088e-05,0.0009822116532904,other,real,real,random_cv,random_cv_13,elastic_net,elastic_net_permutation
aged_x_fg_any,0.0,0.0,other,real,real,random_cv,random_cv_13,elastic_net,elastic_net_permutation
aged_x_fg_complexing,0.0,0.0,other,real,real,random_cv,random_cv_13,elastic_net,elastic_net_permutation
ret_ps_x_fg_any,4.946800135035013e-05,0.0007073523423425,polymer_identity,real,real,random_cv,random_cv_13,elastic_net,elastic_net_permutation
ret_pe_x_fg_any,1.5102235310093803e-06,2.15949729716089e-05,polymer_identity,real,real,random_cv,random_cv_13,elastic_net,elastic_net_permutation
ret_pa_x_fg_any,1.4288834715303622e-05,0.0002043187601947,polymer_identity,real,real,random_cv,random_cv_13,elastic_net,elastic_net_permutation
null_random_normal,4.095469728733203e-05,0.0005856189913749,null_feature,,random_noise,random_cv,random_cv_13,elastic_net,elastic_net_permutation
null_random_uniform,1.1054260846599106e-05,0.0001580669743927,null_feature,,random_noise,random_cv,random_cv_13,elastic_net,elastic_net_permutation
null_random_binary,9.041500346529396e-06,0.0001292861298986,null_feature,,random_noise,random_cv,random_cv_13,elastic_net,elastic_net_permutation
null_perm_ph,0.0002037096298064,0.0029128826689556,null_feature,,permuted_real,random_cv,random_cv_13,elastic_net,elastic_net_permutation
null_perm_ce,0.0001383781440494,0.0019786953515496,null_feature,,permuted_real,random_cv,random_cv_13,elastic_net,elastic_net_permutation
null_study_random_effect,1.0677530453229167e-05,0.0001526800349792,null_feature,,group_aware_random,random_cv,random_cv_13,elastic_net,elastic_net_permutation
null_exp_random_effect,0.000120499846541,0.0017230501814508,null_feature,,group_aware_random,random_cv,random_cv_13,elastic_net,elastic_net_permutation
ph,0.0001940471018364,4.522400580672195e-05,solution_chemistry,real,real,random_cv,random_cv_13,lightgbm,lightgbm_permutation
temp,0.0053616355439797,0.0012495658769429,solution_chemistry,real,real,random_cv,random_cv_13,lightgbm,lightgbm_permutation
ce,0.0823308851536003,0.0191877765399326,solution_chemistry,real,real,random_cv,random_cv_13,lightgbm,lightgbm_permutation
rpm,0.033213352109945,0.0077405991352912,solution_chemistry,real,real,random_cv,random_cv_13,lightgbm,lightgbm_permutation
sa,0.0164691484497947,0.0038382478175484,surface_area_porosity,real,real,random_cv,random_cv_13,lightgbm,lightgbm_permutation
fg_complexing,0.0,0.0,surface_functionality,real,real,random_cv,random_cv_13,lightgbm,lightgbm_permutation
fg_polar,0.0099013198315852,0.0023075703853349,surface_functionality,real,real,random_cv,random_cv_13,lightgbm,lightgbm_permutation
fg_any,0.0021055831428194,0.000490720569265,surface_functionality,real,real,random_cv,random_cv_13,lightgbm,lightgbm_permutation
ags_aged,0.0373714188216555,0.0087096650545217,aging_state,real,real,random_cv,random_cv_13,lightgbm,lightgbm_permutation
ags_virgin,0.0070932864973968,0.0016531389889936,aging_state,real,real,random_cv,random_cv_13,lightgbm,lightgbm_permutation
ph_missing,0.0006460464752304,0.0001505655548097,solution_chemistry,real,real,random_cv,random_cv_13,lightgbm,lightgbm_permutation
temp_missing,0.0,0.0,solution_chemistry,real,real,random_cv,random_cv_13,lightgbm,lightgbm_permutation
rpm_missing,0.5511996274546769,0.1284608474785957,solution_chemistry,real,real,random_cv,random_cv_13,lightgbm,lightgbm_permutation
sa_missing,0.0059413291944932,0.0013846674516061,surface_area_porosity,real,real,random_cv,random_cv_13,lightgbm,lightgbm_permutation
metal_cd,0.0004189603645275,9.764158175447708e-05,metal_identity,real,real,random_cv,random_cv_13,lightgbm,lightgbm_permutation
metal_cr,0.0016943189967205,0.0003948726439146,metal_identity,real,real,random_cv,random_cv_13,lightgbm,lightgbm_permutation
metal_hg,0.0,0.0,metal_identity,real,real,random_cv,random_cv_13,lightgbm,lightgbm_permutation
ret_other,0.3612632003832234,0.0841948625734051,polymer_identity,real,real,random_cv,random_cv_13,lightgbm,lightgbm_permutation
ret_pa,0.0048081879980951,0.0011205811366817,polymer_identity,real,real,random_cv,random_cv_13,lightgbm,lightgbm_permutation
ret_pe,0.0019488727852375,0.0004541981473675,polymer_identity,real,real,random_cv,random_cv_13,lightgbm,lightgbm_permutation
ret_pet,1.865350338198235e-06,4.347326691709962e-07,polymer_identity,real,real,random_cv,random_cv_13,lightgbm,lightgbm_permutation
ret_pla,0.2874439185909102,0.0669907734794197,polymer_identity,real,real,random_cv,random_cv_13,lightgbm,lightgbm_permutation
ret_pp,0.0230258111406797,0.005366322953941,polymer_identity,real,real,random_cv,random_cv_13,lightgbm,lightgbm_permutation
ret_ps,0.0,0.0,polymer_identity,real,real,random_cv,random_cv_13,lightgbm,lightgbm_permutation
ret_pvc,0.0026893336780964,0.0006267676287016,polymer_identity,real,real,random_cv,random_cv_13,lightgbm,lightgbm_permutation
ce_log1p,0.0,0.0,solution_chemistry,real,real,random_cv,random_cv_13,lightgbm,lightgbm_permutation
rpm_log1p,0.0,0.0,solution_chemistry,real,real,random_cv,random_cv_13,lightgbm,lightgbm_permutation
sa_log1p,0.0048983088036011,0.0011415844075007,surface_area_porosity,real,real,random_cv,random_cv_13,lightgbm,lightgbm_permutation
temp_log1p,0.0,0.0,solution_chemistry,real,real,random_cv,random_cv_13,lightgbm,lightgbm_permutation
ph_x_temp,0.0118193851637245,0.002754588644806,solution_chemistry,real,real,random_cv,random_cv_13,lightgbm,lightgbm_permutation
ph_x_ce_log,0.1809856471154843,0.0421799443466222,solution_chemistry,real,real,random_cv,random_cv_13,lightgbm,lightgbm_permutation
temp_x_ce_log,0.3754738808987727,0.0875067589741789,solution_chemistry,real,real,random_cv,random_cv_13,lightgbm,lightgbm_permutation
ce_log_x_rpm_log,0.0218048302160232,0.0050817649888697,solution_chemistry,real,real,random_cv,random_cv_13,lightgbm,lightgbm_permutation
ce_over_rpm,0.0093079862356957,0.0021692899280032,solution_chemistry,real,real,random_cv,random_cv_13,lightgbm,lightgbm_permutation
ce_over_sa,0.0,0.0,solution_chemistry,real,real,random_cv,random_cv_13,lightgbm,lightgbm_permutation
cd_x_ph,0.0034613286153171,0.0008066863350014,other,real,real,random_cv,random_cv_13,lightgbm,lightgbm_permutation
cd_x_ce_log,0.0097126042886336,0.0022635889358338,other,real,real,random_cv,random_cv_13,lightgbm,lightgbm_permutation
cd_x_sa_log,0.0080723507383848,0.0018813166144286,other,real,real,random_cv,random_cv_13,lightgbm,lightgbm_permutation
cr_x_ph,2.982124786184981e-05,6.950046013079871e-06,other,real,real,random_cv,random_cv_13,lightgbm,lightgbm_permutation
cr_x_ce_log,0.0390201609642834,0.0090939157005058,other,real,real,random_cv,random_cv_13,lightgbm,lightgbm_permutation
cr_x_sa_log,0.0,0.0,other,real,real,random_cv,random_cv_13,lightgbm,lightgbm_permutation
hg_x_ph,0.0016418494629536,0.0003826442597888,other,real,real,random_cv,random_cv_13,lightgbm,lightgbm_permutation
hg_x_ce_log,1.0087558899286173,0.2350974675321429,other,real,real,random_cv,random_cv_13,lightgbm,lightgbm_permutation
hg_x_sa_log,8.617110080735846e-05,2.0082765093644745e-05,other,real,real,random_cv,random_cv_13,lightgbm,lightgbm_permutation
aged_x_fg_any,0.0060244846504055,0.0014040474000075,other,real,real,random_cv,random_cv_13,lightgbm,lightgbm_permutation
aged_x_fg_complexing,0.681275886097138,0.1587760102431597,other,real,real,random_cv,random_cv_13,lightgbm,lightgbm_permutation
ret_ps_x_fg_any,0.0,0.0,polymer_identity,real,real,random_cv,random_cv_13,lightgbm,lightgbm_permutation
ret_pe_x_fg_any,0.0286214089459668,0.0066704153379216,polymer_identity,real,real,random_cv,random_cv_13,lightgbm,lightgbm_permutation
ret_pa_x_fg_any,0.000897800570217,0.0002092385705146,polymer_identity,real,real,random_cv,random_cv_13,lightgbm,lightgbm_permutation
null_random_normal,0.0,0.0,null_feature,,random_noise,random_cv,random_cv_13,lightgbm,lightgbm_permutation
null_random_uniform,0.0180184310195595,0.0041993187290344,null_feature,,random_noise,random_cv,random_cv_13,lightgbm,lightgbm_permutation
null_random_binary,0.0,0.0,null_feature,,random_noise,random_cv,random_cv_13,lightgbm,lightgbm_permutation
null_perm_ph,0.0,0.0,null_feature,,permuted_real,random_cv,random_cv_13,lightgbm,lightgbm_permutation
null_perm_ce,0.0,0.0,null_feature,,permuted_real,random_cv,random_cv_13,lightgbm,lightgbm_permutation
null_study_random_effect,0.2995776996679217,0.069818634244621,null_feature,,group_aware_random,random_cv,random_cv_13,lightgbm,lightgbm_permutation
null_exp_random_effect,0.1461905480800555,0.0340707082594472,null_feature,,group_aware_random,random_cv,random_cv_13,lightgbm,lightgbm_permutation
num__ph,62.0,0.0041541038525963,solution_chemistry,real,real,random_cv,random_cv_13,lightgbm,lightgbm_builtin_gain
num__temp,168.0,0.0112562814070351,solution_chemistry,real,real,random_cv,random_cv_13,lightgbm,lightgbm_builtin_gain
num__ce,454.0,0.0304187604690117,solution_chemistry,real,real,random_cv,random_cv_13,lightgbm,lightgbm_builtin_gain
num__rpm,356.0,0.0238525963149078,solution_chemistry,real,real,random_cv,random_cv_13,lightgbm,lightgbm_builtin_gain
num__sa,662.0,0.0443551088777219,surface_area_porosity,real,real,random_cv,random_cv_13,lightgbm,lightgbm_builtin_gain
num__fg_complexing,6.0,0.0004020100502512,surface_functionality,real,real,random_cv,random_cv_13,lightgbm,lightgbm_builtin_gain
num__fg_polar,17.0,0.0011390284757118,surface_functionality,real,real,random_cv,random_cv_13,lightgbm,lightgbm_builtin_gain
num__fg_any,4.0,0.0002680067001675,surface_functionality,real,real,random_cv,random_cv_13,lightgbm,lightgbm_builtin_gain
num__ags_aged,92.0,0.0061641541038525,aging_state,real,real,random_cv,random_cv_13,lightgbm,lightgbm_builtin_gain
num__ags_virgin,3.0,0.0002010050251256,aging_state,real,real,random_cv,random_cv_13,lightgbm,lightgbm_builtin_gain
num__ph_missing,59.0,0.0039530988274706,solution_chemistry,real,real,random_cv,random_cv_13,lightgbm,lightgbm_builtin_gain
num__temp_missing,50.0,0.0033500837520938,solution_chemistry,real,real,random_cv,random_cv_13,lightgbm,lightgbm_builtin_gain
num__rpm_missing,146.0,0.0097822445561139,solution_chemistry,real,real,random_cv,random_cv_13,lightgbm,lightgbm_builtin_gain
num__sa_missing,50.0,0.0033500837520938,surface_area_porosity,real,real,random_cv,random_cv_13,lightgbm,lightgbm_builtin_gain
num__metal_cd,42.0,0.0028140703517587,metal_identity,real,real,random_cv,random_cv_13,lightgbm,lightgbm_builtin_gain
num__metal_cr,34.0,0.0022780569514237,metal_identity,real,real,random_cv,random_cv_13,lightgbm,lightgbm_builtin_gain
num__metal_hg,5.0,0.0003350083752093,metal_identity,real,real,random_cv,random_cv_13,lightgbm,lightgbm_builtin_gain
num__ret_other,110.0,0.0073701842546063,polymer_identity,real,real,random_cv,random_cv_13,lightgbm,lightgbm_builtin_gain
num__ret_pa,86.0,0.0057621440536013,polymer_identity,real,real,random_cv,random_cv_13,lightgbm,lightgbm_builtin_gain
num__ret_pe,29.0,0.0019430485762144,polymer_identity,real,real,random_cv,random_cv_13,lightgbm,lightgbm_builtin_gain
num__ret_pet,6.0,0.0004020100502512,polymer_identity,real,real,random_cv,random_cv_13,lightgbm,lightgbm_builtin_gain
num__ret_pla,175.0,0.0117252931323283,polymer_identity,real,real,random_cv,random_cv_13,lightgbm,lightgbm_builtin_gain
num__ret_pp,60.0,0.0040201005025125,polymer_identity,real,real,random_cv,random_cv_13,lightgbm,lightgbm_builtin_gain
num__ret_ps,110.0,0.0073701842546063,polymer_identity,real,real,random_cv,random_cv_13,lightgbm,lightgbm_builtin_gain
num__ret_pvc,21.0,0.0014070351758793,polymer_identity,real,real,random_cv,random_cv_13,lightgbm,lightgbm_builtin_gain
num__ce_log1p,69.0,0.0046231155778894,solution_chemistry,real,real,random_cv,random_cv_13,lightgbm,lightgbm_builtin_gain
num__rpm_log1p,42.0,0.0028140703517587,solution_chemistry,real,real,random_cv,random_cv_13,lightgbm,lightgbm_builtin_gain
num__sa_log1p,318.0,0.0213065326633165,surface_area_porosity,real,real,random_cv,random_cv_13,lightgbm,lightgbm_builtin_gain
num__temp_log1p,31.0,0.0020770519262981,solution_chemistry,real,real,random_cv,random_cv_13,lightgbm,lightgbm_builtin_gain
num__ph_x_temp,75.0,0.0050251256281407,solution_chemistry,real,real,random_cv,random_cv_13,lightgbm,lightgbm_builtin_gain
num__ph_x_ce_log,911.0,0.061038525963149,solution_chemistry,real,real,random_cv,random_cv_13,lightgbm,lightgbm_builtin_gain
num__temp_x_ce_log,765.0,0.0512562814070351,solution_chemistry,real,real,random_cv,random_cv_13,lightgbm,lightgbm_builtin_gain
num__ce_log_x_rpm_log,429.0,0.0287437185929648,solution_chemistry,real,real,random_cv,random_cv_13,lightgbm,lightgbm_builtin_gain
num__ce_over_rpm,574.0,0.0384589614740368,solution_chemistry,real,real,random_cv,random_cv_13,lightgbm,lightgbm_builtin_gain
num__ce_over_sa,696.0,0.0466331658291457,solution_chemistry,real,real,random_cv,random_cv_13,lightgbm,lightgbm_builtin_gain
num__cd_x_ph,180.0,0.0120603015075376,other,real,real,random_cv,random_cv_13,lightgbm,lightgbm_builtin_gain
num__cd_x_ce_log,301.0,0.0201675041876046,other,real,real,random_cv,random_cv_13,lightgbm,lightgbm_builtin_gain
num__cd_x_sa_log,392.0,0.0262646566164154,other,real,real,random_cv,random_cv_13,lightgbm,lightgbm_builtin_gain
num__cr_x_ph,0.0,0.0,other,real,real,random_cv,random_cv_13,lightgbm,lightgbm_builtin_gain
num__cr_x_ce_log,310.0,0.0207705192629815,other,real,real,random_cv,random_cv_13,lightgbm,lightgbm_builtin_gain
num__cr_x_sa_log,379.0,0.025393634840871,other,real,real,random_cv,random_cv_13,lightgbm,lightgbm_builtin_gain
num__hg_x_ph,141.0,0.0094472361809045,other,real,real,random_cv,random_cv_13,lightgbm,lightgbm_builtin_gain
num__hg_x_ce_log,631.0,0.0422780569514237,other,real,real,random_cv,random_cv_13,lightgbm,lightgbm_builtin_gain
num__hg_x_sa_log,4.0,0.0002680067001675,other,real,real,random_cv,random_cv_13,lightgbm,lightgbm_builtin_gain
num__aged_x_fg_any,1.0,6.700167504187605e-05,other,real,real,random_cv,random_cv_13,lightgbm,lightgbm_builtin_gain
num__aged_x_fg_complexing,123.0,0.0082412060301507,other,real,real,random_cv,random_cv_13,lightgbm,lightgbm_builtin_gain
num__ret_ps_x_fg_any,22.0,0.0014740368509212,polymer_identity,real,real,random_cv,random_cv_13,lightgbm,lightgbm_builtin_gain
num__ret_pe_x_fg_any,27.0,0.0018090452261306,polymer_identity,real,real,random_cv,random_cv_13,lightgbm,lightgbm_builtin_gain
num__ret_pa_x_fg_any,13.0,0.0008710217755443,polymer_identity,real,real,random_cv,random_cv_13,lightgbm,lightgbm_builtin_gain
num__null_random_normal,1014.0,0.0679396984924623,null_feature,real,random_noise,random_cv,random_cv_13,lightgbm,lightgbm_builtin_gain
num__null_random_uniform,790.0,0.052931323283082,null_feature,real,random_noise,random_cv,random_cv_13,lightgbm,lightgbm_builtin_gain
num__null_random_binary,123.0,0.0082412060301507,null_feature,real,random_noise,random_cv,random_cv_13,lightgbm,lightgbm_builtin_gain
num__null_perm_ph,676.0,0.0452931323283082,null_feature,real,permuted_real,random_cv,random_cv_13,lightgbm,lightgbm_builtin_gain
num__null_perm_ce,1103.0,0.0739028475711892,null_feature,real,permuted_real,random_cv,random_cv_13,lightgbm,lightgbm_builtin_gain
num__null_study_random_effect,616.0,0.0412730318257956,null_feature,real,group_aware_random,random_cv,random_cv_13,lightgbm,lightgbm_builtin_gain
num__null_exp_random_effect,1362.0,0.0912562814070351,null_feature,real,group_aware_random,random_cv,random_cv_13,lightgbm,lightgbm_builtin_gain
ph,0.0015630310720462,0.0020190658383178,solution_chemistry,real,real,random_cv,random_cv_13,lightgbm,lightgbm_shap
temp,0.0044272864870025,0.0057190052470616,solution_chemistry,real,real,random_cv,random_cv_13,lightgbm,lightgbm_shap
ce,0.0091475728085591,0.0118164968640753,solution_chemistry,real,real,random_cv,random_cv_13,lightgbm,lightgbm_shap
rpm,0.0377788654026881,0.0488013436899337,solution_chemistry,real,real,random_cv,random_cv_13,lightgbm,lightgbm_shap
sa,0.0191248365813758,0.024704757887068,surface_area_porosity,real,real,random_cv,random_cv_13,lightgbm,lightgbm_shap
fg_complexing,0.0001271982201129,0.0001643099651171,surface_functionality,real,real,random_cv,random_cv_13,lightgbm,lightgbm_shap
fg_polar,0.0042971409601449,0.0055508880598939,surface_functionality,real,real,random_cv,random_cv_13,lightgbm,lightgbm_shap
fg_any,0.0004889585566158,0.0006316186131372,surface_functionality,real,real,random_cv,random_cv_13,lightgbm,lightgbm_shap
ags_aged,0.0100465228646464,0.0129777273610631,aging_state,real,real,random_cv,random_cv_13,lightgbm,lightgbm_shap
ags_virgin,8.595436991494963e-05,0.0001110326819813,aging_state,real,real,random_cv,random_cv_13,lightgbm,lightgbm_shap
ph_missing,0.0043160514776322,0.0055753159682871,solution_chemistry,real,real,random_cv,random_cv_13,lightgbm,lightgbm_shap
temp_missing,0.0048618269969835,0.006280328636442,solution_chemistry,real,real,random_cv,random_cv_13,lightgbm,lightgbm_shap
rpm_missing,0.0598336036658374,0.0772908404098352,solution_chemistry,real,real,random_cv,random_cv_13,lightgbm,lightgbm_shap
sa_missing,0.0089194623122756,0.0115218321458591,surface_area_porosity,real,real,random_cv,random_cv_13,lightgbm,lightgbm_shap
metal_cd,0.0009638662763363,0.001245086873871,metal_identity,real,real,random_cv,random_cv_13,lightgbm,lightgbm_shap
metal_cr,0.0020256873324984,0.0026167081162413,metal_identity,real,real,random_cv,random_cv_13,lightgbm,lightgbm_shap
metal_hg,0.0001089394175481,0.0001407239180023,metal_identity,real,real,random_cv,random_cv_13,lightgbm,lightgbm_shap
ret_other,0.0578510443177485,0.0747298434317497,polymer_identity,real,real,random_cv,random_cv_13,lightgbm,lightgbm_shap
ret_pa,0.0173941318573516,0.022469097414933,polymer_identity,real,real,random_cv,random_cv_13,lightgbm,lightgbm_shap
ret_pe,0.0030487255727809,0.0039382311487572,polymer_identity,real,real,random_cv,random_cv_13,lightgbm,lightgbm_shap
ret_pet,0.0001254692176952,0.0001620765036214,polymer_identity,real,real,random_cv,random_cv_13,lightgbm,lightgbm_shap
ret_pla,0.0132600887444527,0.0171288931332229,polymer_identity,real,real,random_cv,random_cv_13,lightgbm,lightgbm_shap
ret_pp,0.0226384368964218,0.0292434970666574,polymer_identity,real,real,random_cv,random_cv_13,lightgbm,lightgbm_shap
ret_ps,0.002012786993378,0.002600043934392,polymer_identity,real,real,random_cv,random_cv_13,lightgbm,lightgbm_shap
ret_pvc,0.0011913950464089,0.0015390001396429,polymer_identity,real,real,random_cv,random_cv_13,lightgbm,lightgbm_shap
ce_log1p,0.0016631761552854,0.0021484295599097,solution_chemistry,real,real,random_cv,random_cv_13,lightgbm,lightgbm_shap
rpm_log1p,0.0015393264426374,0.001988445073123,solution_chemistry,real,real,random_cv,random_cv_13,lightgbm,lightgbm_shap
sa_log1p,0.004401138212053,0.0056852278707665,surface_area_porosity,real,real,random_cv,random_cv_13,lightgbm,lightgbm_shap
temp_log1p,0.0015806355239625,0.0020418066194208,solution_chemistry,real,real,random_cv,random_cv_13,lightgbm,lightgbm_shap
ph_x_temp,0.0011814586305148,0.0015261646444017,solution_chemistry,real,real,random_cv,random_cv_13,lightgbm,lightgbm_shap
ph_x_ce_log,0.0652212424336672,0.0842503932810912,solution_chemistry,real,real,random_cv,random_cv_13,lightgbm,lightgbm_shap
temp_x_ce_log,0.0502792443459176,0.064948871747236,solution_chemistry,real,real,random_cv,random_cv_13,lightgbm,lightgbm_shap
ce_log_x_rpm_log,0.0182359522962973,0.0235565299814831,solution_chemistry,real,real,random_cv,random_cv_13,lightgbm,lightgbm_shap
ce_over_rpm,0.0123265378058623,0.015922966493537,solution_chemistry,real,real,random_cv,random_cv_13,lightgbm,lightgbm_shap
ce_over_sa,0.0106878165432977,0.013806126861272,solution_chemistry,real,real,random_cv,random_cv_13,lightgbm,lightgbm_shap
cd_x_ph,0.0021049357368942,0.002719078279521,other,real,real,random_cv,random_cv_13,lightgbm,lightgbm_shap
cd_x_ce_log,0.0063705030900922,0.0082291807195261,other,real,real,random_cv,random_cv_13,lightgbm,lightgbm_shap
cd_x_sa_log,0.0102795186313047,0.0132787026912058,other,real,real,random_cv,random_cv_13,lightgbm,lightgbm_shap
cr_x_ph,0.0,0.0,other,real,real,random_cv,random_cv_13,lightgbm,lightgbm_shap
cr_x_ce_log,0.0580820628386829,0.075028264628858,other,real,real,random_cv,random_cv_13,lightgbm,lightgbm_shap
cr_x_sa_log,0.0063515910825764,0.0082047508863693,other,real,real,random_cv,random_cv_13,lightgbm,lightgbm_shap
hg_x_ph,0.0026792763562221,0.003460990289322,other,real,real,random_cv,random_cv_13,lightgbm,lightgbm_shap
hg_x_ce_log,0.0678735821500997,0.0876765878135208,other,real,real,random_cv,random_cv_13,lightgbm,lightgbm_shap
hg_x_sa_log,6.073626584463892e-05,7.845686608990922e-05,other,real,real,random_cv,random_cv_13,lightgbm,lightgbm_shap
aged_x_fg_any,1.1633866169314957e-05,1.5028198843976775e-05,other,real,real,random_cv,random_cv_13,lightgbm,lightgbm_shap
aged_x_fg_complexing,0.0528102335934697,0.0682183102237163,other,real,real,random_cv,random_cv_13,lightgbm,lightgbm_shap
ret_ps_x_fg_any,0.0003566832637414,0.000460750272851,polymer_identity,real,real,random_cv,random_cv_13,lightgbm,lightgbm_shap
ret_pe_x_fg_any,0.0064956039694414,0.0083907814172697,polymer_identity,real,real,random_cv,random_cv_13,lightgbm,lightgbm_shap
ret_pa_x_fg_any,0.0036077149841379,0.0046603130348036,polymer_identity,real,real,random_cv,random_cv_13,lightgbm,lightgbm_shap
null_random_normal,0.0069861573574913,0.0090244601747789,null_feature,,random_noise,random_cv,random_cv_13,lightgbm,lightgbm_shap
null_random_uniform,0.0064178998302795,0.0082904060788113,null_feature,,random_noise,random_cv,random_cv_13,lightgbm,lightgbm_shap
null_random_binary,0.0006903297007667,0.0008917424233733,null_feature,,random_noise,random_cv,random_cv_13,lightgbm,lightgbm_shap
null_perm_ph,0.0045443050809208,0.0058701655468496,null_feature,,permuted_real,random_cv,random_cv_13,lightgbm,lightgbm_shap
null_perm_ce,0.0110024564793079,0.0142125671154231,null_feature,,permuted_real,random_cv,random_cv_13,lightgbm,lightgbm_shap
null_study_random_effect,0.0518044423004784,0.0669190661610261,null_feature,,group_aware_random,random_cv,random_cv_13,lightgbm,lightgbm_shap
null_exp_random_effect,0.0228506839664386,0.0295176699964335,null_feature,,group_aware_random,random_cv,random_cv_13,lightgbm,lightgbm_shap
num__ph,0.0,0.0,solution_chemistry,real,real,random_cv,random_cv_14,elastic_net,elastic_net_coef
num__temp,0.00365145403401,0.141701514990615,solution_chemistry,real,real,random_cv,random_cv_14,elastic_net,elastic_net_coef
num__ce,0.0,0.0,solution_chemistry,real,real,random_cv,random_cv_14,elastic_net,elastic_net_coef
num__rpm,0.0,0.0,solution_chemistry,real,real,random_cv,random_cv_14,elastic_net,elastic_net_coef
num__sa,0.0,0.0,surface_area_porosity,real,real,random_cv,random_cv_14,elastic_net,elastic_net_coef
num__fg_complexing,0.0,0.0,surface_functionality,real,real,random_cv,random_cv_14,elastic_net,elastic_net_coef
num__fg_polar,0.0,0.0,surface_functionality,real,real,random_cv,random_cv_14,elastic_net,elastic_net_coef
num__fg_any,0.0,0.0,surface_functionality,real,real,random_cv,random_cv_14,elastic_net,elastic_net_coef
num__ags_aged,0.0,0.0,aging_state,real,real,random_cv,random_cv_14,elastic_net,elastic_net_coef
num__ags_virgin,0.0,0.0,aging_state,real,real,random_cv,random_cv_14,elastic_net,elastic_net_coef
num__ph_missing,0.0,0.0,solution_chemistry,real,real,random_cv,random_cv_14,elastic_net,elastic_net_coef
num__temp_missing,0.0,0.0,solution_chemistry,real,real,random_cv,random_cv_14,elastic_net,elastic_net_coef
num__rpm_missing,0.0,0.0,solution_chemistry,real,real,random_cv,random_cv_14,elastic_net,elastic_net_coef
num__sa_missing,0.0,0.0,surface_area_porosity,real,real,random_cv,random_cv_14,elastic_net,elastic_net_coef
num__metal_cd,0.0,0.0,metal_identity,real,real,random_cv,random_cv_14,elastic_net,elastic_net_coef
num__metal_cr,0.0,0.0,metal_identity,real,real,random_cv,random_cv_14,elastic_net,elastic_net_coef
num__metal_hg,0.0,0.0,metal_identity,real,real,random_cv,random_cv_14,elastic_net,elastic_net_coef
num__ret_other,0.0,0.0,polymer_identity,real,real,random_cv,random_cv_14,elastic_net,elastic_net_coef
num__ret_pa,0.0,0.0,polymer_identity,real,real,random_cv,random_cv_14,elastic_net,elastic_net_coef
num__ret_pe,0.0,0.0,polymer_identity,real,real,random_cv,random_cv_14,elastic_net,elastic_net_coef
num__ret_pet,0.0,0.0,polymer_identity,real,real,random_cv,random_cv_14,elastic_net,elastic_net_coef
num__ret_pla,0.0,0.0,polymer_identity,real,real,random_cv,random_cv_14,elastic_net,elastic_net_coef
num__ret_pp,0.0,0.0,polymer_identity,real,real,random_cv,random_cv_14,elastic_net,elastic_net_coef
num__ret_ps,0.0,0.0,polymer_identity,real,real,random_cv,random_cv_14,elastic_net,elastic_net_coef
num__ret_pvc,0.0,0.0,polymer_identity,real,real,random_cv,random_cv_14,elastic_net,elastic_net_coef
num__ce_log1p,0.0,0.0,solution_chemistry,real,real,random_cv,random_cv_14,elastic_net,elastic_net_coef
num__rpm_log1p,0.0,0.0,solution_chemistry,real,real,random_cv,random_cv_14,elastic_net,elastic_net_coef
num__sa_log1p,0.0,0.0,surface_area_porosity,real,real,random_cv,random_cv_14,elastic_net,elastic_net_coef
num__temp_log1p,0.0,0.0,solution_chemistry,real,real,random_cv,random_cv_14,elastic_net,elastic_net_coef
num__ph_x_temp,0.0,0.0,solution_chemistry,real,real,random_cv,random_cv_14,elastic_net,elastic_net_coef
num__ph_x_ce_log,0.0,0.0,solution_chemistry,real,real,random_cv,random_cv_14,elastic_net,elastic_net_coef
num__temp_x_ce_log,0.0,0.0,solution_chemistry,real,real,random_cv,random_cv_14,elastic_net,elastic_net_coef
num__ce_log_x_rpm_log,0.0,0.0,solution_chemistry,real,real,random_cv,random_cv_14,elastic_net,elastic_net_coef
num__ce_over_rpm,0.0221171768394979,0.858298485009385,solution_chemistry,real,real,random_cv,random_cv_14,elastic_net,elastic_net_coef
num__ce_over_sa,0.0,0.0,solution_chemistry,real,real,random_cv,random_cv_14,elastic_net,elastic_net_coef
num__cd_x_ph,0.0,0.0,other,real,real,random_cv,random_cv_14,elastic_net,elastic_net_coef
num__cd_x_ce_log,0.0,0.0,other,real,real,random_cv,random_cv_14,elastic_net,elastic_net_coef
num__cd_x_sa_log,0.0,0.0,other,real,real,random_cv,random_cv_14,elastic_net,elastic_net_coef
num__cr_x_ph,0.0,0.0,other,real,real,random_cv,random_cv_14,elastic_net,elastic_net_coef
num__cr_x_ce_log,0.0,0.0,other,real,real,random_cv,random_cv_14,elastic_net,elastic_net_coef
num__cr_x_sa_log,0.0,0.0,other,real,real,random_cv,random_cv_14,elastic_net,elastic_net_coef
num__hg_x_ph,0.0,0.0,other,real,real,random_cv,random_cv_14,elastic_net,elastic_net_coef
num__hg_x_ce_log,0.0,0.0,other,real,real,random_cv,random_cv_14,elastic_net,elastic_net_coef
num__hg_x_sa_log,0.0,0.0,other,real,real,random_cv,random_cv_14,elastic_net,elastic_net_coef
num__aged_x_fg_any,0.0,0.0,other,real,real,random_cv,random_cv_14,elastic_net,elastic_net_coef
num__aged_x_fg_complexing,0.0,0.0,other,real,real,random_cv,random_cv_14,elastic_net,elastic_net_coef
num__ret_ps_x_fg_any,0.0,0.0,polymer_identity,real,real,random_cv,random_cv_14,elastic_net,elastic_net_coef
num__ret_pe_x_fg_any,0.0,0.0,polymer_identity,real,real,random_cv,random_cv_14,elastic_net,elastic_net_coef
num__ret_pa_x_fg_any,0.0,0.0,polymer_identity,real,real,random_cv,random_cv_14,elastic_net,elastic_net_coef
num__null_random_normal,0.0,0.0,null_feature,real,random_noise,random_cv,random_cv_14,elastic_net,elastic_net_coef
num__null_random_uniform,0.0,0.0,null_feature,real,random_noise,random_cv,random_cv_14,elastic_net,elastic_net_coef
num__null_random_binary,0.0,0.0,null_feature,real,random_noise,random_cv,random_cv_14,elastic_net,elastic_net_coef
num__null_perm_ph,0.0,0.0,null_feature,real,permuted_real,random_cv,random_cv_14,elastic_net,elastic_net_coef
num__null_perm_ce,0.0,0.0,null_feature,real,permuted_real,random_cv,random_cv_14,elastic_net,elastic_net_coef
num__null_study_random_effect,0.0,0.0,null_feature,real,group_aware_random,random_cv,random_cv_14,elastic_net,elastic_net_coef
num__null_exp_random_effect,0.0,0.0,null_feature,real,group_aware_random,random_cv,random_cv_14,elastic_net,elastic_net_coef
ph,1.7991650624660238e-05,0.0005641610300989,solution_chemistry,real,real,random_cv,random_cv_14,elastic_net,elastic_net_permutation
temp,0.0011807673831506,0.0370251155428967,solution_chemistry,real,real,random_cv,random_cv_14,elastic_net,elastic_net_permutation
ce,0.0,0.0,solution_chemistry,real,real,random_cv,random_cv_14,elastic_net,elastic_net_permutation
rpm,0.0,0.0,solution_chemistry,real,real,random_cv,random_cv_14,elastic_net,elastic_net_permutation
sa,7.90443023974019e-05,0.0024785783135898,surface_area_porosity,real,real,random_cv,random_cv_14,elastic_net,elastic_net_permutation
fg_complexing,0.0,0.0,surface_functionality,real,real,random_cv,random_cv_14,elastic_net,elastic_net_permutation
fg_polar,0.0,0.0,surface_functionality,real,real,random_cv,random_cv_14,elastic_net,elastic_net_permutation
fg_any,0.0,0.0,surface_functionality,real,real,random_cv,random_cv_14,elastic_net,elastic_net_permutation
ags_aged,0.0,0.0,aging_state,real,real,random_cv,random_cv_14,elastic_net,elastic_net_permutation
ags_virgin,0.0,0.0,aging_state,real,real,random_cv,random_cv_14,elastic_net,elastic_net_permutation
ph_missing,2.6071691080842287e-05,0.0008175254401854,solution_chemistry,real,real,random_cv,random_cv_14,elastic_net,elastic_net_permutation
temp_missing,1.1287386750913342e-05,0.0003539366047822,solution_chemistry,real,real,random_cv,random_cv_14,elastic_net,elastic_net_permutation
rpm_missing,1.183256217895945e-06,3.710315749707557e-05,solution_chemistry,real,real,random_cv,random_cv_14,elastic_net,elastic_net_permutation
sa_missing,0.0,0.0,surface_area_porosity,real,real,random_cv,random_cv_14,elastic_net,elastic_net_permutation
metal_cd,1.7992102504615913e-05,0.0005641751996193,metal_identity,real,real,random_cv,random_cv_14,elastic_net,elastic_net_permutation
metal_cr,3.1688397179596705e-07,9.936475072788132e-06,metal_identity,real,real,random_cv,random_cv_14,elastic_net,elastic_net_permutation
metal_hg,0.0,0.0,metal_identity,real,real,random_cv,random_cv_14,elastic_net,elastic_net_permutation
ret_other,0.0,0.0,polymer_identity,real,real,random_cv,random_cv_14,elastic_net,elastic_net_permutation
ret_pa,7.350386368898398e-07,2.3048477496661487e-05,polymer_identity,real,real,random_cv,random_cv_14,elastic_net,elastic_net_permutation
ret_pe,0.0,0.0,polymer_identity,real,real,random_cv,random_cv_14,elastic_net,elastic_net_permutation
ret_pet,0.0,0.0,polymer_identity,real,real,random_cv,random_cv_14,elastic_net,elastic_net_permutation
ret_pla,0.0,0.0,polymer_identity,real,real,random_cv,random_cv_14,elastic_net,elastic_net_permutation
ret_pp,2.1731654953560665e-06,6.814356892608112e-05,polymer_identity,real,real,random_cv,random_cv_14,elastic_net,elastic_net_permutation
ret_ps,3.1773692949998986e-05,0.0009963221117771,polymer_identity,real,real,random_cv,random_cv_14,elastic_net,elastic_net_permutation
ret_pvc,6.103327611528541e-07,1.9138097244016146e-05,polymer_identity,real,real,random_cv,random_cv_14,elastic_net,elastic_net_permutation
ce_log1p,6.521050193533106e-05,0.0020447942611045,solution_chemistry,real,real,random_cv,random_cv_14,elastic_net,elastic_net_permutation
rpm_log1p,9.231938876939073e-05,0.0028948428664379,solution_chemistry,real,real,random_cv,random_cv_14,elastic_net,elastic_net_permutation
sa_log1p,9.649017590818154e-06,0.0003025625506543,surface_area_porosity,real,real,random_cv,random_cv_14,elastic_net,elastic_net_permutation
temp_log1p,1.393187325857692e-05,0.000436859303948,solution_chemistry,real,real,random_cv,random_cv_14,elastic_net,elastic_net_permutation
ph_x_temp,9.253734113765512e-05,0.0029016771605868,solution_chemistry,real,real,random_cv,random_cv_14,elastic_net,elastic_net_permutation
ph_x_ce_log,8.612585609955037e-05,0.0027006333498203,solution_chemistry,real,real,random_cv,random_cv_14,elastic_net,elastic_net_permutation
temp_x_ce_log,0.0008351839730573,0.0261887172217726,solution_chemistry,real,real,random_cv,random_cv_14,elastic_net,elastic_net_permutation
ce_log_x_rpm_log,0.0001018802230102,0.0031946402672688,solution_chemistry,real,real,random_cv,random_cv_14,elastic_net,elastic_net_permutation
ce_over_rpm,0.0286100218769916,0.8971194333416552,solution_chemistry,real,real,random_cv,random_cv_14,elastic_net,elastic_net_permutation
ce_over_sa,6.397061202303433e-05,0.0020059152507945,solution_chemistry,real,real,random_cv,random_cv_14,elastic_net,elastic_net_permutation
cd_x_ph,3.967729162290823e-05,0.001244153867841,other,real,real,random_cv,random_cv_14,elastic_net,elastic_net_permutation
cd_x_ce_log,0.000143679325815,0.0045053273958426,other,real,real,random_cv,random_cv_14,elastic_net,elastic_net_permutation
cd_x_sa_log,4.188407632121915e-06,0.0001313351628212,other,real,real,random_cv,random_cv_14,elastic_net,elastic_net_permutation
cr_x_ph,0.0,0.0,other,real,real,random_cv,random_cv_14,elastic_net,elastic_net_permutation
cr_x_ce_log,2.4236880871186807e-05,0.0007599916185528,other,real,real,random_cv,random_cv_14,elastic_net,elastic_net_permutation
cr_x_sa_log,0.0,0.0,other,real,real,random_cv,random_cv_14,elastic_net,elastic_net_permutation
hg_x_ph,2.208038828612757e-05,0.0006923708591479,other,real,real,random_cv,random_cv_14,elastic_net,elastic_net_permutation
hg_x_ce_log,2.9928999161876744e-06,9.384783725096884e-05,other,real,real,random_cv,random_cv_14,elastic_net,elastic_net_permutation
hg_x_sa_log,0.0,0.0,other,real,real,random_cv,random_cv_14,elastic_net,elastic_net_permutation
aged_x_fg_any,0.0,0.0,other,real,real,random_cv,random_cv_14,elastic_net,elastic_net_permutation
aged_x_fg_complexing,0.0,0.0,other,real,real,random_cv,random_cv_14,elastic_net,elastic_net_permutation
ret_ps_x_fg_any,3.16453291379526e-05,0.0009922970302578,polymer_identity,real,real,random_cv,random_cv_14,elastic_net,elastic_net_permutation
ret_pe_x_fg_any,0.0,0.0,polymer_identity,real,real,random_cv,random_cv_14,elastic_net,elastic_net_permutation
ret_pa_x_fg_any,7.350386368898398e-07,2.3048477496661487e-05,polymer_identity,real,real,random_cv,random_cv_14,elastic_net,elastic_net_permutation
null_random_normal,0.0001304979447226,0.0040920011429965,null_feature,,random_noise,random_cv,random_cv_14,elastic_net,elastic_net_permutation
null_random_uniform,1.7247786426377588e-05,0.000540835811023,null_feature,,random_noise,random_cv,random_cv_14,elastic_net,elastic_net_permutation
null_random_binary,1.677348963693426e-05,0.000525963369862,null_feature,,random_noise,random_cv,random_cv_14,elastic_net,elastic_net_permutation
null_perm_ph,0.0,0.0,null_feature,,permuted_real,random_cv,random_cv_14,elastic_net,elastic_net_permutation
null_perm_ce,8.857230715502152e-05,0.002777346286078,null_feature,,permuted_real,random_cv,random_cv_14,elastic_net,elastic_net_permutation
null_study_random_effect,0.0,0.0,null_feature,,group_aware_random,random_cv,random_cv_14,elastic_net,elastic_net_permutation
null_exp_random_effect,2.787978575939931e-05,0.0008742215475994,null_feature,,group_aware_random,random_cv,random_cv_14,elastic_net,elastic_net_permutation
ph,0.001091594957095,0.0002137447051177,solution_chemistry,real,real,random_cv,random_cv_14,lightgbm,lightgbm_permutation
temp,0.0061350443214102,0.0012013001991633,solution_chemistry,real,real,random_cv,random_cv_14,lightgbm,lightgbm_permutation
ce,0.2138882076366681,0.0418813512945493,solution_chemistry,real,real,random_cv,random_cv_14,lightgbm,lightgbm_permutation
rpm,0.3714943408191716,0.0727421355468754,solution_chemistry,real,real,random_cv,random_cv_14,lightgbm,lightgbm_permutation
sa,0.1913662277057016,0.0374713327911454,surface_area_porosity,real,real,random_cv,random_cv_14,lightgbm,lightgbm_permutation
fg_complexing,2.4307724195948845e-05,4.759684264365311e-06,surface_functionality,real,real,random_cv,random_cv_14,lightgbm,lightgbm_permutation
fg_polar,0.0001006056183221,1.9699539725496527e-05,surface_functionality,real,real,random_cv,random_cv_14,lightgbm,lightgbm_permutation
fg_any,0.0,0.0,surface_functionality,real,real,random_cv,random_cv_14,lightgbm,lightgbm_permutation
ags_aged,0.2836638093540489,0.0555440796871229,aging_state,real,real,random_cv,random_cv_14,lightgbm,lightgbm_permutation
ags_virgin,0.0080107335016636,0.0015685780325024,aging_state,real,real,random_cv,random_cv_14,lightgbm,lightgbm_permutation
ph_missing,0.0015936451325905,0.0003120509184417,solution_chemistry,real,real,random_cv,random_cv_14,lightgbm,lightgbm_permutation
temp_missing,0.0006684046057325,0.0001308799975879,solution_chemistry,real,real,random_cv,random_cv_14,lightgbm,lightgbm_permutation
rpm_missing,0.574954114899028,0.1125815000761393,solution_chemistry,real,real,random_cv,random_cv_14,lightgbm,lightgbm_permutation
sa_missing,0.0186464397194173,0.0036511507619351,surface_area_porosity,real,real,random_cv,random_cv_14,lightgbm,lightgbm_permutation
metal_cd,0.0,0.0,metal_identity,real,real,random_cv,random_cv_14,lightgbm,lightgbm_permutation
metal_cr,0.001362814885677,0.0002668521542498,metal_identity,real,real,random_cv,random_cv_14,lightgbm,lightgbm_permutation
metal_hg,0.0,0.0,metal_identity,real,real,random_cv,random_cv_14,lightgbm,lightgbm_permutation
ret_other,0.1342453984464665,0.0262865295573655,polymer_identity,real,real,random_cv,random_cv_14,lightgbm,lightgbm_permutation
ret_pa,0.0047798090169854,0.0009359321992228,polymer_identity,real,real,random_cv,random_cv_14,lightgbm,lightgbm_permutation
ret_pe,0.0192872876762707,0.0037766349048148,polymer_identity,real,real,random_cv,random_cv_14,lightgbm,lightgbm_permutation
ret_pet,0.0,0.0,polymer_identity,real,real,random_cv,random_cv_14,lightgbm,lightgbm_permutation
ret_pla,0.2616709206444615,0.0512376622917664,polymer_identity,real,real,random_cv,random_cv_14,lightgbm,lightgbm_permutation
ret_pp,0.24901519651049,0.0487595507857682,polymer_identity,real,real,random_cv,random_cv_14,lightgbm,lightgbm_permutation
ret_ps,0.0005594520199429,0.0001095460420121,polymer_identity,real,real,random_cv,random_cv_14,lightgbm,lightgbm_permutation
ret_pvc,0.0001094998113125,2.1441107553053462e-05,polymer_identity,real,real,random_cv,random_cv_14,lightgbm,lightgbm_permutation
ce_log1p,0.0019283478324596,0.000377588899742,solution_chemistry,real,real,random_cv,random_cv_14,lightgbm,lightgbm_permutation
rpm_log1p,0.0,0.0,solution_chemistry,real,real,random_cv,random_cv_14,lightgbm,lightgbm_permutation
sa_log1p,0.0,0.0,surface_area_porosity,real,real,random_cv,random_cv_14,lightgbm,lightgbm_permutation
temp_log1p,0.0019868172443711,0.0003890377683229,solution_chemistry,real,real,random_cv,random_cv_14,lightgbm,lightgbm_permutation
ph_x_temp,0.00937716539519,0.001836138431391,solution_chemistry,real,real,random_cv,random_cv_14,lightgbm,lightgbm_permutation
ph_x_ce_log,0.0448078418298334,0.0087738028438372,solution_chemistry,real,real,random_cv,random_cv_14,lightgbm,lightgbm_permutation
temp_x_ce_log,0.190509118855421,0.0373035027024607,solution_chemistry,real,real,random_cv,random_cv_14,lightgbm,lightgbm_permutation
ce_log_x_rpm_log,0.0438865082942747,0.0085933969491479,solution_chemistry,real,real,random_cv,random_cv_14,lightgbm,lightgbm_permutation
ce_over_rpm,0.0,0.0,solution_chemistry,real,real,random_cv,random_cv_14,lightgbm,lightgbm_permutation
ce_over_sa,0.05904111396681,0.0115608132967569,solution_chemistry,real,real,random_cv,random_cv_14,lightgbm,lightgbm_permutation
cd_x_ph,0.0854699185212863,0.0167358253279075,other,real,real,random_cv,random_cv_14,lightgbm,lightgbm_permutation
cd_x_ce_log,0.0,0.0,other,real,real,random_cv,random_cv_14,lightgbm,lightgbm_permutation
cd_x_sa_log,0.0168533866326121,0.0033000538639432,other,real,real,random_cv,random_cv_14,lightgbm,lightgbm_permutation
cr_x_ph,0.0,0.0,other,real,real,random_cv,random_cv_14,lightgbm,lightgbm_permutation
cr_x_ce_log,0.1969243426366504,0.0385596647124357,other,real,real,random_cv,random_cv_14,lightgbm,lightgbm_permutation
cr_x_sa_log,0.0141726256609187,0.0027751352944122,other,real,real,random_cv,random_cv_14,lightgbm,lightgbm_permutation
hg_x_ph,0.0032860840206301,0.0006434465965753,other,real,real,random_cv,random_cv_14,lightgbm,lightgbm_permutation
hg_x_ce_log,0.9440872828273876,0.1848612954482107,other,real,real,random_cv,random_cv_14,lightgbm,lightgbm_permutation
hg_x_sa_log,0.0,0.0,other,real,real,random_cv,random_cv_14,lightgbm,lightgbm_permutation
aged_x_fg_any,0.0057345056673622,0.0011228709100379,other,real,real,random_cv,random_cv_14,lightgbm,lightgbm_permutation
aged_x_fg_complexing,0.5519760978607906,0.1080821851570798,other,real,real,random_cv,random_cv_14,lightgbm,lightgbm_permutation
ret_ps_x_fg_any,0.0,0.0,polymer_identity,real,real,random_cv,random_cv_14,lightgbm,lightgbm_permutation
ret_pe_x_fg_any,0.0503514119980561,0.009859286761846,polymer_identity,real,real,random_cv,random_cv_14,lightgbm,lightgbm_permutation
ret_pa_x_fg_any,0.0002440125323764,4.777998142885048e-05,polymer_identity,real,real,random_cv,random_cv_14,lightgbm,lightgbm_permutation
null_random_normal,0.0,0.0,null_feature,,random_noise,random_cv,random_cv_14,lightgbm,lightgbm_permutation
null_random_uniform,0.0,0.0,null_feature,,random_noise,random_cv,random_cv_14,lightgbm,lightgbm_permutation
null_random_binary,0.0047098424697597,0.0009222320818783,null_feature,,random_noise,random_cv,random_cv_14,lightgbm,lightgbm_permutation
null_perm_ph,0.0061000729429062,0.0011944524696668,null_feature,,permuted_real,random_cv,random_cv_14,lightgbm,lightgbm_permutation
null_perm_ce,0.0169728210335351,0.0033234402589062,null_feature,,permuted_real,random_cv,random_cv_14,lightgbm,lightgbm_permutation
null_study_random_effect,0.2885147009886269,0.056493930540914,null_feature,,group_aware_random,random_cv,random_cv_14,lightgbm,lightgbm_permutation
null_exp_random_effect,0.2274016255594425,0.0445274074257745,null_feature,,group_aware_random,random_cv,random_cv_14,lightgbm,lightgbm_permutation
num__ph,55.0,0.0036855860081752,solution_chemistry,real,real,random_cv,random_cv_14,lightgbm,lightgbm_builtin_gain
num__temp,114.0,0.0076392146351269,solution_chemistry,real,real,random_cv,random_cv_14,lightgbm,lightgbm_builtin_gain
num__ce,568.0,0.0380620518662467,solution_chemistry,real,real,random_cv,random_cv_14,lightgbm,lightgbm_builtin_gain
num__rpm,349.0,0.0233867184882396,solution_chemistry,real,real,random_cv,random_cv_14,lightgbm,lightgbm_builtin_gain
num__sa,597.0,0.0400053608523755,surface_area_porosity,real,real,random_cv,random_cv_14,lightgbm,lightgbm_builtin_gain
num__fg_complexing,10.0,0.0006701065469409,surface_functionality,real,real,random_cv,random_cv_14,lightgbm,lightgbm_builtin_gain
num__fg_polar,4.0,0.0002680426187763,surface_functionality,real,real,random_cv,random_cv_14,lightgbm,lightgbm_builtin_gain
num__fg_any,5.0,0.0003350532734704,surface_functionality,real,real,random_cv,random_cv_14,lightgbm,lightgbm_builtin_gain
num__ags_aged,111.0,0.0074381826710446,aging_state,real,real,random_cv,random_cv_14,lightgbm,lightgbm_builtin_gain
num__ags_virgin,7.0,0.0004690745828586,aging_state,real,real,random_cv,random_cv_14,lightgbm,lightgbm_builtin_gain
num__ph_missing,61.0,0.0040876499363398,solution_chemistry,real,real,random_cv,random_cv_14,lightgbm,lightgbm_builtin_gain
num__temp_missing,30.0,0.0020103196408228,solution_chemistry,real,real,random_cv,random_cv_14,lightgbm,lightgbm_builtin_gain
num__rpm_missing,135.0,0.009046438383703,solution_chemistry,real,real,random_cv,random_cv_14,lightgbm,lightgbm_builtin_gain
num__sa_missing,77.0,0.0051598204114454,surface_area_porosity,real,real,random_cv,random_cv_14,lightgbm,lightgbm_builtin_gain
num__metal_cd,29.0,0.0019433089861287,metal_identity,real,real,random_cv,random_cv_14,lightgbm,lightgbm_builtin_gain
num__metal_cr,26.0,0.0017422770220465,metal_identity,real,real,random_cv,random_cv_14,lightgbm,lightgbm_builtin_gain
num__metal_hg,16.0,0.0010721704751055,metal_identity,real,real,random_cv,random_cv_14,lightgbm,lightgbm_builtin_gain
num__ret_other,165.0,0.0110567580245259,polymer_identity,real,real,random_cv,random_cv_14,lightgbm,lightgbm_builtin_gain
num__ret_pa,59.0,0.0039536286269516,polymer_identity,real,real,random_cv,random_cv_14,lightgbm,lightgbm_builtin_gain
num__ret_pe,20.0,0.0013402130938819,polymer_identity,real,real,random_cv,random_cv_14,lightgbm,lightgbm_builtin_gain
num__ret_pet,5.0,0.0003350532734704,polymer_identity,real,real,random_cv,random_cv_14,lightgbm,lightgbm_builtin_gain
num__ret_pla,142.0,0.0095155129665616,polymer_identity,real,real,random_cv,random_cv_14,lightgbm,lightgbm_builtin_gain
num__ret_pp,95.0,0.0063660121959391,polymer_identity,real,real,random_cv,random_cv_14,lightgbm,lightgbm_builtin_gain
num__ret_ps,135.0,0.009046438383703,polymer_identity,real,real,random_cv,random_cv_14,lightgbm,lightgbm_builtin_gain
num__ret_pvc,4.0,0.0002680426187763,polymer_identity,real,real,random_cv,random_cv_14,lightgbm,lightgbm_builtin_gain
num__ce_log1p,49.0,0.0032835220800107,solution_chemistry,real,real,random_cv,random_cv_14,lightgbm,lightgbm_builtin_gain
num__rpm_log1p,90.0,0.0060309589224686,solution_chemistry,real,real,random_cv,random_cv_14,lightgbm,lightgbm_builtin_gain
num__sa_log1p,338.0,0.0226496012866045,surface_area_porosity,real,real,random_cv,random_cv_14,lightgbm,lightgbm_builtin_gain
num__temp_log1p,62.0,0.0041546605910339,solution_chemistry,real,real,random_cv,random_cv_14,lightgbm,lightgbm_builtin_gain
num__ph_x_temp,79.0,0.0052938417208336,solution_chemistry,real,real,random_cv,random_cv_14,lightgbm,lightgbm_builtin_gain
num__ph_x_ce_log,908.0,0.0608456744622395,solution_chemistry,real,real,random_cv,random_cv_14,lightgbm,lightgbm_builtin_gain
num__temp_x_ce_log,684.0,0.0458352878107619,solution_chemistry,real,real,random_cv,random_cv_14,lightgbm,lightgbm_builtin_gain
num__ce_log_x_rpm_log,504.0,0.0337733699658245,solution_chemistry,real,real,random_cv,random_cv_14,lightgbm,lightgbm_builtin_gain
num__ce_over_rpm,539.0,0.0361187428801179,solution_chemistry,real,real,random_cv,random_cv_14,lightgbm,lightgbm_builtin_gain
num__ce_over_sa,807.0,0.0540775983381357,solution_chemistry,real,real,random_cv,random_cv_14,lightgbm,lightgbm_builtin_gain
num__cd_x_ph,217.0,0.0145413120686189,other,real,real,random_cv,random_cv_14,lightgbm,lightgbm_builtin_gain
num__cd_x_ce_log,260.0,0.017422770220465,other,real,real,random_cv,random_cv_14,lightgbm,lightgbm_builtin_gain
num__cd_x_sa_log,342.0,0.0229176439053809,other,real,real,random_cv,random_cv_14,lightgbm,lightgbm_builtin_gain
num__cr_x_ph,0.0,0.0,other,real,real,random_cv,random_cv_14,lightgbm,lightgbm_builtin_gain
num__cr_x_ce_log,325.0,0.0217784627755813,other,real,real,random_cv,random_cv_14,lightgbm,lightgbm_builtin_gain
num__cr_x_sa_log,386.0,0.0258661127119211,other,real,real,random_cv,random_cv_14,lightgbm,lightgbm_builtin_gain
num__hg_x_ph,143.0,0.0095825236212557,other,real,real,random_cv,random_cv_14,lightgbm,lightgbm_builtin_gain
num__hg_x_ce_log,660.0,0.0442270320981036,other,real,real,random_cv,random_cv_14,lightgbm,lightgbm_builtin_gain
num__hg_x_sa_log,9.0,0.0006030958922468,other,real,real,random_cv,random_cv_14,lightgbm,lightgbm_builtin_gain
num__aged_x_fg_any,0.0,0.0,other,real,real,random_cv,random_cv_14,lightgbm,lightgbm_builtin_gain
num__aged_x_fg_complexing,107.0,0.0071701400522683,other,real,real,random_cv,random_cv_14,lightgbm,lightgbm_builtin_gain
num__ret_ps_x_fg_any,26.0,0.0017422770220465,polymer_identity,real,real,random_cv,random_cv_14,lightgbm,lightgbm_builtin_gain
num__ret_pe_x_fg_any,28.0,0.0018762983314346,polymer_identity,real,real,random_cv,random_cv_14,lightgbm,lightgbm_builtin_gain
num__ret_pa_x_fg_any,8.0,0.0005360852375527,polymer_identity,real,real,random_cv,random_cv_14,lightgbm,lightgbm_builtin_gain
num__null_random_normal,927.0,0.0621188769014273,null_feature,real,random_noise,random_cv,random_cv_14,lightgbm,lightgbm_builtin_gain
num__null_random_uniform,749.0,0.0501909803658781,null_feature,real,random_noise,random_cv,random_cv_14,lightgbm,lightgbm_builtin_gain
num__null_random_binary,117.0,0.0078402465992092,null_feature,real,random_noise,random_cv,random_cv_14,lightgbm,lightgbm_builtin_gain
num__null_perm_ph,684.0,0.0458352878107619,null_feature,real,permuted_real,random_cv,random_cv_14,lightgbm,lightgbm_builtin_gain
num__null_perm_ce,1099.0,0.0736447095088119,null_feature,real,permuted_real,random_cv,random_cv_14,lightgbm,lightgbm_builtin_gain
num__null_study_random_effect,546.0,0.0365878174629766,null_feature,real,group_aware_random,random_cv,random_cv_14,lightgbm,lightgbm_builtin_gain
num__null_exp_random_effect,1411.0,0.0945520337733699,null_feature,real,group_aware_random,random_cv,random_cv_14,lightgbm,lightgbm_builtin_gain
ph,0.0015264427627196,0.0018912305895234,solution_chemistry,real,real,random_cv,random_cv_14,lightgbm,lightgbm_shap
temp,0.0026683269196081,0.0033060011265804,solution_chemistry,real,real,random_cv,random_cv_14,lightgbm,lightgbm_shap
ce,0.0153968619790108,0.0190763892813735,solution_chemistry,real,real,random_cv,random_cv_14,lightgbm,lightgbm_shap
rpm,0.0276031646081839,0.0341997424008458,solution_chemistry,real,real,random_cv,random_cv_14,lightgbm,lightgbm_shap
sa,0.0638158856534554,0.0790665447751934,surface_area_porosity,real,real,random_cv,random_cv_14,lightgbm,lightgbm_shap
fg_complexing,0.0008730968863728,0.0010817487425365,surface_functionality,real,real,random_cv,random_cv_14,lightgbm,lightgbm_shap
fg_polar,0.0007997519746113,0.0009908759341371,surface_functionality,real,real,random_cv,random_cv_14,lightgbm,lightgbm_shap
fg_any,0.0001837717668205,0.0002276893673252,surface_functionality,real,real,random_cv,random_cv_14,lightgbm,lightgbm_shap
ags_aged,0.0233371224310822,0.0289142055575534,aging_state,real,real,random_cv,random_cv_14,lightgbm,lightgbm_shap
ags_virgin,0.000916843747666,0.0011359501867662,aging_state,real,real,random_cv,random_cv_14,lightgbm,lightgbm_shap
ph_missing,0.0024075789992511,0.0029829399184056,solution_chemistry,real,real,random_cv,random_cv_14,lightgbm,lightgbm_shap
temp_missing,0.0023801558234523,0.0029489631783671,solution_chemistry,real,real,random_cv,random_cv_14,lightgbm,lightgbm_shap
rpm_missing,0.054221734759499,0.0671795929062446,solution_chemistry,real,real,random_cv,random_cv_14,lightgbm,lightgbm_shap
sa_missing,0.0038208694129077,0.0047339771190573,surface_area_porosity,real,real,random_cv,random_cv_14,lightgbm,lightgbm_shap
metal_cd,0.001173790035452,0.0014543012518658,metal_identity,real,real,random_cv,random_cv_14,lightgbm,lightgbm_shap
metal_cr,0.0019397776362952,0.0024033438345887,metal_identity,real,real,random_cv,random_cv_14,lightgbm,lightgbm_shap
metal_hg,0.0003324105282351,0.0004118496773228,metal_identity,real,real,random_cv,random_cv_14,lightgbm,lightgbm_shap
ret_other,0.0720564291103165,0.0892764054005244,polymer_identity,real,real,random_cv,random_cv_14,lightgbm,lightgbm_shap
ret_pa,0.0169881066617858,0.0210479080916292,polymer_identity,real,real,random_cv,random_cv_14,lightgbm,lightgbm_shap
ret_pe,0.0066652093632894,0.0082580547016199,polymer_identity,real,real,random_cv,random_cv_14,lightgbm,lightgbm_shap
ret_pet,0.0001888198355112,0.0002339438186279,polymer_identity,real,real,random_cv,random_cv_14,lightgbm,lightgbm_shap
ret_pla,0.0099860509339954,0.0123725078045259,polymer_identity,real,real,random_cv,random_cv_14,lightgbm,lightgbm_shap
ret_pp,0.0231238714452007,0.0286499920556815,polymer_identity,real,real,random_cv,random_cv_14,lightgbm,lightgbm_shap
ret_ps,0.0036285402230012,0.0044956852838879,polymer_identity,real,real,random_cv,random_cv_14,lightgbm,lightgbm_shap
ret_pvc,0.0002664518841166,0.0003301282997206,polymer_identity,real,real,random_cv,random_cv_14,lightgbm,lightgbm_shap
ce_log1p,0.0018394820618962,0.0022790797200541,solution_chemistry,real,real,random_cv,random_cv_14,lightgbm,lightgbm_shap
rpm_log1p,0.0051281012727052,0.0063536099944124,solution_chemistry,real,real,random_cv,random_cv_14,lightgbm,lightgbm_shap
sa_log1p,0.0124127914289251,0.0153791884144619,surface_area_porosity,real,real,random_cv,random_cv_14,lightgbm,lightgbm_shap
temp_log1p,0.0068731341799709,0.0085156691914869,solution_chemistry,real,real,random_cv,random_cv_14,lightgbm,lightgbm_shap
ph_x_temp,0.0014158384705314,0.0017541941897135,solution_chemistry,real,real,random_cv,random_cv_14,lightgbm,lightgbm_shap
ph_x_ce_log,0.0287817410943785,0.03565997396486,solution_chemistry,real,real,random_cv,random_cv_14,lightgbm,lightgbm_shap
temp_x_ce_log,0.0541099645088351,0.0670411119083212,solution_chemistry,real,real,random_cv,random_cv_14,lightgbm,lightgbm_shap
ce_log_x_rpm_log,0.0180074321414294,0.0223108309963491,solution_chemistry,real,real,random_cv,random_cv_14,lightgbm,lightgbm_shap
ce_over_rpm,0.0062082516093097,0.0076918936220479,solution_chemistry,real,real,random_cv,random_cv_14,lightgbm,lightgbm_shap
ce_over_sa,0.0153183830737864,0.0189791555626796,solution_chemistry,real,real,random_cv,random_cv_14,lightgbm,lightgbm_shap
cd_x_ph,0.0303757242433751,0.0376348856773674,other,real,real,random_cv,random_cv_14,lightgbm,lightgbm_shap
cd_x_ce_log,0.0087093970922327,0.0107907604526158,other,real,real,random_cv,random_cv_14,lightgbm,lightgbm_shap
cd_x_sa_log,0.0072169018249297,0.0089415900983909,other,real,real,random_cv,random_cv_14,lightgbm,lightgbm_shap
cr_x_ph,0.0,0.0,other,real,real,random_cv,random_cv_14,lightgbm,lightgbm_shap
cr_x_ce_log,0.0596837379068642,0.0739469003249424,other,real,real,random_cv,random_cv_14,lightgbm,lightgbm_shap
cr_x_sa_log,0.0063077972696896,0.0078152286088307,other,real,real,random_cv,random_cv_14,lightgbm,lightgbm_shap
hg_x_ph,0.0034268835959991,0.0042458369496557,other,real,real,random_cv,random_cv_14,lightgbm,lightgbm_shap
hg_x_ce_log,0.0533604820871872,0.0661125188966809,other,real,real,random_cv,random_cv_14,lightgbm,lightgbm_shap
hg_x_sa_log,4.127327490785758e-05,5.1136722543382737e-05,other,real,real,random_cv,random_cv_14,lightgbm,lightgbm_shap
aged_x_fg_any,0.0,0.0,other,real,real,random_cv,random_cv_14,lightgbm,lightgbm_shap
aged_x_fg_complexing,0.041859105138434,0.0518625539203547,other,real,real,random_cv,random_cv_14,lightgbm,lightgbm_shap
ret_ps_x_fg_any,0.0010408535996165,0.0012895957941477,polymer_identity,real,real,random_cv,random_cv_14,lightgbm,lightgbm_shap
ret_pe_x_fg_any,0.0073698931402144,0.0091311431314063,polymer_identity,real,real,random_cv,random_cv_14,lightgbm,lightgbm_shap
ret_pa_x_fg_any,0.0009707263795403,0.0012027096383051,polymer_identity,real,real,random_cv,random_cv_14,lightgbm,lightgbm_shap
null_random_normal,0.0057374633917457,0.0071085968879745,null_feature,,random_noise,random_cv,random_cv_14,lightgbm,lightgbm_shap
null_random_uniform,0.0034063922586644,0.0042204486121862,null_feature,,random_noise,random_cv,random_cv_14,lightgbm,lightgbm_shap
null_random_binary,0.0010178581747828,0.0012611049447513,null_feature,,random_noise,random_cv,random_cv_14,lightgbm,lightgbm_shap
null_perm_ph,0.0030636772547855,0.0037958319055174,null_feature,,permuted_real,random_cv,random_cv_14,lightgbm,lightgbm_shap
null_perm_ce,0.0077969594648245,0.009660269356499,null_feature,,permuted_real,random_cv,random_cv_14,lightgbm,lightgbm_shap
null_study_random_effect,0.0509249224215502,0.063094911519084,null_feature,,group_aware_random,random_cv,random_cv_14,lightgbm,lightgbm_shap
null_exp_random_effect,0.0284099218308154,0.0351992976904534,null_feature,,group_aware_random,random_cv,random_cv_14,lightgbm,lightgbm_shap
num__ph,0.0007290684047133,0.0307980998805466,solution_chemistry,real,real,random_cv,random_cv_15,elastic_net,elastic_net_coef
num__temp,0.0040582956188047,0.1714349339577721,solution_chemistry,real,real,random_cv,random_cv_15,elastic_net,elastic_net_coef
num__ce,0.0,0.0,solution_chemistry,real,real,random_cv,random_cv_15,elastic_net,elastic_net_coef
num__rpm,0.0,0.0,solution_chemistry,real,real,random_cv,random_cv_15,elastic_net,elastic_net_coef
num__sa,0.0,0.0,surface_area_porosity,real,real,random_cv,random_cv_15,elastic_net,elastic_net_coef
num__fg_complexing,0.0,0.0,surface_functionality,real,real,random_cv,random_cv_15,elastic_net,elastic_net_coef
num__fg_polar,0.0,0.0,surface_functionality,real,real,random_cv,random_cv_15,elastic_net,elastic_net_coef
num__fg_any,0.0,0.0,surface_functionality,real,real,random_cv,random_cv_15,elastic_net,elastic_net_coef
num__ags_aged,0.0,0.0,aging_state,real,real,random_cv,random_cv_15,elastic_net,elastic_net_coef
num__ags_virgin,0.0,0.0,aging_state,real,real,random_cv,random_cv_15,elastic_net,elastic_net_coef
num__ph_missing,0.0,0.0,solution_chemistry,real,real,random_cv,random_cv_15,elastic_net,elastic_net_coef
num__temp_missing,0.0,0.0,solution_chemistry,real,real,random_cv,random_cv_15,elastic_net,elastic_net_coef
num__rpm_missing,0.0,0.0,solution_chemistry,real,real,random_cv,random_cv_15,elastic_net,elastic_net_coef
num__sa_missing,0.0,0.0,surface_area_porosity,real,real,random_cv,random_cv_15,elastic_net,elastic_net_coef
num__metal_cd,0.0,0.0,metal_identity,real,real,random_cv,random_cv_15,elastic_net,elastic_net_coef
num__metal_cr,0.0,0.0,metal_identity,real,real,random_cv,random_cv_15,elastic_net,elastic_net_coef
num__metal_hg,0.0,0.0,metal_identity,real,real,random_cv,random_cv_15,elastic_net,elastic_net_coef
num__ret_other,0.0,0.0,polymer_identity,real,real,random_cv,random_cv_15,elastic_net,elastic_net_coef
num__ret_pa,0.0,0.0,polymer_identity,real,real,random_cv,random_cv_15,elastic_net,elastic_net_coef
num__ret_pe,0.0,0.0,polymer_identity,real,real,random_cv,random_cv_15,elastic_net,elastic_net_coef
num__ret_pet,0.0,0.0,polymer_identity,real,real,random_cv,random_cv_15,elastic_net,elastic_net_coef
num__ret_pla,0.0,0.0,polymer_identity,real,real,random_cv,random_cv_15,elastic_net,elastic_net_coef
num__ret_pp,0.0,0.0,polymer_identity,real,real,random_cv,random_cv_15,elastic_net,elastic_net_coef
num__ret_ps,0.0,0.0,polymer_identity,real,real,random_cv,random_cv_15,elastic_net,elastic_net_coef
num__ret_pvc,0.0,0.0,polymer_identity,real,real,random_cv,random_cv_15,elastic_net,elastic_net_coef
num__ce_log1p,0.0,0.0,solution_chemistry,real,real,random_cv,random_cv_15,elastic_net,elastic_net_coef
num__rpm_log1p,0.0,0.0,solution_chemistry,real,real,random_cv,random_cv_15,elastic_net,elastic_net_coef
num__sa_log1p,0.0,0.0,surface_area_porosity,real,real,random_cv,random_cv_15,elastic_net,elastic_net_coef
num__temp_log1p,0.0,0.0,solution_chemistry,real,real,random_cv,random_cv_15,elastic_net,elastic_net_coef
num__ph_x_temp,0.0,0.0,solution_chemistry,real,real,random_cv,random_cv_15,elastic_net,elastic_net_coef
num__ph_x_ce_log,0.0,0.0,solution_chemistry,real,real,random_cv,random_cv_15,elastic_net,elastic_net_coef
num__temp_x_ce_log,0.0,0.0,solution_chemistry,real,real,random_cv,random_cv_15,elastic_net,elastic_net_coef
num__ce_log_x_rpm_log,0.0,0.0,solution_chemistry,real,real,random_cv,random_cv_15,elastic_net,elastic_net_coef
num__ce_over_rpm,0.0188851484867055,0.7977669661616812,solution_chemistry,real,real,random_cv,random_cv_15,elastic_net,elastic_net_coef
num__ce_over_sa,0.0,0.0,solution_chemistry,real,real,random_cv,random_cv_15,elastic_net,elastic_net_coef
num__cd_x_ph,0.0,0.0,other,real,real,random_cv,random_cv_15,elastic_net,elastic_net_coef
num__cd_x_ce_log,0.0,0.0,other,real,real,random_cv,random_cv_15,elastic_net,elastic_net_coef
num__cd_x_sa_log,0.0,0.0,other,real,real,random_cv,random_cv_15,elastic_net,elastic_net_coef
num__cr_x_ph,0.0,0.0,other,real,real,random_cv,random_cv_15,elastic_net,elastic_net_coef
num__cr_x_ce_log,0.0,0.0,other,real,real,random_cv,random_cv_15,elastic_net,elastic_net_coef
num__cr_x_sa_log,0.0,0.0,other,real,real,random_cv,random_cv_15,elastic_net,elastic_net_coef
num__hg_x_ph,0.0,0.0,other,real,real,random_cv,random_cv_15,elastic_net,elastic_net_coef
num__hg_x_ce_log,0.0,0.0,other,real,real,random_cv,random_cv_15,elastic_net,elastic_net_coef
num__hg_x_sa_log,0.0,0.0,other,real,real,random_cv,random_cv_15,elastic_net,elastic_net_coef
num__aged_x_fg_any,0.0,0.0,other,real,real,random_cv,random_cv_15,elastic_net,elastic_net_coef
num__aged_x_fg_complexing,0.0,0.0,other,real,real,random_cv,random_cv_15,elastic_net,elastic_net_coef
num__ret_ps_x_fg_any,0.0,0.0,polymer_identity,real,real,random_cv,random_cv_15,elastic_net,elastic_net_coef
num__ret_pe_x_fg_any,0.0,0.0,polymer_identity,real,real,random_cv,random_cv_15,elastic_net,elastic_net_coef
num__ret_pa_x_fg_any,0.0,0.0,polymer_identity,real,real,random_cv,random_cv_15,elastic_net,elastic_net_coef
num__null_random_normal,0.0,0.0,null_feature,real,random_noise,random_cv,random_cv_15,elastic_net,elastic_net_coef
num__null_random_uniform,0.0,0.0,null_feature,real,random_noise,random_cv,random_cv_15,elastic_net,elastic_net_coef
num__null_random_binary,0.0,0.0,null_feature,real,random_noise,random_cv,random_cv_15,elastic_net,elastic_net_coef
num__null_perm_ph,0.0,0.0,null_feature,real,permuted_real,random_cv,random_cv_15,elastic_net,elastic_net_coef
num__null_perm_ce,0.0,0.0,null_feature,real,permuted_real,random_cv,random_cv_15,elastic_net,elastic_net_coef
num__null_study_random_effect,0.0,0.0,null_feature,real,group_aware_random,random_cv,random_cv_15,elastic_net,elastic_net_coef
num__null_exp_random_effect,0.0,0.0,null_feature,real,group_aware_random,random_cv,random_cv_15,elastic_net,elastic_net_coef
ph,0.0004425541345483,0.0044231459447237,solution_chemistry,real,real,random_cv,random_cv_15,elastic_net,elastic_net_permutation
temp,0.0019415184276081,0.0194046754719529,solution_chemistry,real,real,random_cv,random_cv_15,elastic_net,elastic_net_permutation
ce,0.0,0.0,solution_chemistry,real,real,random_cv,random_cv_15,elastic_net,elastic_net_permutation
rpm,0.0,0.0,solution_chemistry,real,real,random_cv,random_cv_15,elastic_net,elastic_net_permutation
sa,0.0,0.0,surface_area_porosity,real,real,random_cv,random_cv_15,elastic_net,elastic_net_permutation
fg_complexing,0.0,0.0,surface_functionality,real,real,random_cv,random_cv_15,elastic_net,elastic_net_permutation
fg_polar,6.185676781900184e-09,6.182328677407431e-08,surface_functionality,real,real,random_cv,random_cv_15,elastic_net,elastic_net_permutation
fg_any,2.5801678471548683e-08,2.578771286703085e-07,surface_functionality,real,real,random_cv,random_cv_15,elastic_net,elastic_net_permutation
ags_aged,0.0,0.0,aging_state,real,real,random_cv,random_cv_15,elastic_net,elastic_net_permutation
ags_virgin,0.0,0.0,aging_state,real,real,random_cv,random_cv_15,elastic_net,elastic_net_permutation
ph_missing,1.4952210042329386e-07,1.4944116900158455e-06,solution_chemistry,real,real,random_cv,random_cv_15,elastic_net,elastic_net_permutation
temp_missing,6.373127470871154e-07,6.369677905452451e-06,solution_chemistry,real,real,random_cv,random_cv_15,elastic_net,elastic_net_permutation
rpm_missing,1.987655238899766e-06,1.98657938614023e-05,solution_chemistry,real,real,random_cv,random_cv_15,elastic_net,elastic_net_permutation
sa_missing,0.0,0.0,surface_area_porosity,real,real,random_cv,random_cv_15,elastic_net,elastic_net_permutation
metal_cd,0.0,0.0,metal_identity,real,real,random_cv,random_cv_15,elastic_net,elastic_net_permutation
metal_cr,0.0,0.0,metal_identity,real,real,random_cv,random_cv_15,elastic_net,elastic_net_permutation
metal_hg,0.0,0.0,metal_identity,real,real,random_cv,random_cv_15,elastic_net,elastic_net_permutation
ret_other,0.0,0.0,polymer_identity,real,real,random_cv,random_cv_15,elastic_net,elastic_net_permutation
ret_pa,4.0908575342779597e-07,4.088643286917054e-06,polymer_identity,real,real,random_cv,random_cv_15,elastic_net,elastic_net_permutation
ret_pe,0.0,0.0,polymer_identity,real,real,random_cv,random_cv_15,elastic_net,elastic_net_permutation
ret_pet,0.0,0.0,polymer_identity,real,real,random_cv,random_cv_15,elastic_net,elastic_net_permutation
ret_pla,0.0,0.0,polymer_identity,real,real,random_cv,random_cv_15,elastic_net,elastic_net_permutation
ret_pp,0.0,0.0,polymer_identity,real,real,random_cv,random_cv_15,elastic_net,elastic_net_permutation
ret_ps,4.215935577378538e-06,4.2136536293645246e-05,polymer_identity,real,real,random_cv,random_cv_15,elastic_net,elastic_net_permutation
ret_pvc,0.0,0.0,polymer_identity,real,real,random_cv,random_cv_15,elastic_net,elastic_net_permutation
ce_log1p,1.3944808490262696e-05,0.0001393726062159,solution_chemistry,real,real,random_cv,random_cv_15,elastic_net,elastic_net_permutation
rpm_log1p,8.798250708119681e-06,8.793488502824632e-05,solution_chemistry,real,real,random_cv,random_cv_15,elastic_net,elastic_net_permutation
sa_log1p,0.0,0.0,surface_area_porosity,real,real,random_cv,random_cv_15,elastic_net,elastic_net_permutation
temp_log1p,0.0,0.0,solution_chemistry,real,real,random_cv,random_cv_15,elastic_net,elastic_net_permutation
ph_x_temp,9.429308100592504e-05,0.0009424204324574,solution_chemistry,real,real,random_cv,random_cv_15,elastic_net,elastic_net_permutation
ph_x_ce_log,6.7020129006167824e-06,6.698385320273641e-05,solution_chemistry,real,real,random_cv,random_cv_15,elastic_net,elastic_net_permutation
temp_x_ce_log,0.0002225049071596,0.0022238447253207,solution_chemistry,real,real,random_cv,random_cv_15,elastic_net,elastic_net_permutation
ce_log_x_rpm_log,4.649844104900325e-05,0.0004647327296394,solution_chemistry,real,real,random_cv,random_cv_15,elastic_net,elastic_net_permutation
ce_over_rpm,0.0972074423903919,0.9715482718172976,solution_chemistry,real,real,random_cv,random_cv_15,elastic_net,elastic_net_permutation
ce_over_sa,9.449311696096971e-06,9.444197092787e-05,solution_chemistry,real,real,random_cv,random_cv_15,elastic_net,elastic_net_permutation
cd_x_ph,0.0,0.0,other,real,real,random_cv,random_cv_15,elastic_net,elastic_net_permutation
cd_x_ce_log,0.0,0.0,other,real,real,random_cv,random_cv_15,elastic_net,elastic_net_permutation
cd_x_sa_log,0.0,0.0,other,real,real,random_cv,random_cv_15,elastic_net,elastic_net_permutation
cr_x_ph,0.0,0.0,other,real,real,random_cv,random_cv_15,elastic_net,elastic_net_permutation
cr_x_ce_log,0.0,0.0,other,real,real,random_cv,random_cv_15,elastic_net,elastic_net_permutation
cr_x_sa_log,0.0,0.0,other,real,real,random_cv,random_cv_15,elastic_net,elastic_net_permutation
hg_x_ph,0.0,0.0,other,real,real,random_cv,random_cv_15,elastic_net,elastic_net_permutation
hg_x_ce_log,1.145204182573245e-06,1.1445843210117724e-05,other,real,real,random_cv,random_cv_15,elastic_net,elastic_net_permutation
hg_x_sa_log,0.0,0.0,other,real,real,random_cv,random_cv_15,elastic_net,elastic_net_permutation
aged_x_fg_any,0.0,0.0,other,real,real,random_cv,random_cv_15,elastic_net,elastic_net_permutation
aged_x_fg_complexing,0.0,0.0,other,real,real,random_cv,random_cv_15,elastic_net,elastic_net_permutation
ret_ps_x_fg_any,5.452653871584889e-06,5.449702528414437e-05,polymer_identity,real,real,random_cv,random_cv_15,elastic_net,elastic_net_permutation
ret_pe_x_fg_any,0.0,0.0,polymer_identity,real,real,random_cv,random_cv_15,elastic_net,elastic_net_permutation
ret_pa_x_fg_any,4.0908575342779597e-07,4.088643286917054e-06,polymer_identity,real,real,random_cv,random_cv_15,elastic_net,elastic_net_permutation
null_random_normal,1.0650545876100816e-05,0.0001064478108402,null_feature,,random_noise,random_cv,random_cv_15,elastic_net,elastic_net_permutation
null_random_uniform,1.1707563575302782e-05,0.0001170122665412,null_feature,,random_noise,random_cv,random_cv_15,elastic_net,elastic_net_permutation
null_random_binary,0.0,0.0,null_feature,,random_noise,random_cv,random_cv_15,elastic_net,elastic_net_permutation
null_perm_ph,0.0,0.0,null_feature,,permuted_real,random_cv,random_cv_15,elastic_net,elastic_net_permutation
null_perm_ce,1.3888698468089711e-05,0.0001388118096994,null_feature,,permuted_real,random_cv,random_cv_15,elastic_net,elastic_net_permutation
null_study_random_effect,0.0,0.0,null_feature,,group_aware_random,random_cv,random_cv_15,elastic_net,elastic_net_permutation
null_exp_random_effect,9.765025580721342e-06,9.75974009181343e-05,null_feature,,group_aware_random,random_cv,random_cv_15,elastic_net,elastic_net_permutation
ph,0.0007848034278055,0.0002689879748101,solution_chemistry,real,real,random_cv,random_cv_15,lightgbm,lightgbm_permutation
temp,0.0,0.0,solution_chemistry,real,real,random_cv,random_cv_15,lightgbm,lightgbm_permutation
ce,0.1892632054057619,0.0648691436918416,solution_chemistry,real,real,random_cv,random_cv_15,lightgbm,lightgbm_permutation
rpm,0.2551621871091002,0.0874557341709318,solution_chemistry,real,real,random_cv,random_cv_15,lightgbm,lightgbm_permutation
sa,0.2135724656566227,0.073201037325761,surface_area_porosity,real,real,random_cv,random_cv_15,lightgbm,lightgbm_permutation
fg_complexing,0.0001208932779978,4.143564727759069e-05,surface_functionality,real,real,random_cv,random_cv_15,lightgbm,lightgbm_permutation
fg_polar,0.0064872239643076,0.0022234679086176,surface_functionality,real,real,random_cv,random_cv_15,lightgbm,lightgbm_permutation
fg_any,0.0001339097832939,4.589699807533556e-05,surface_functionality,real,real,random_cv,random_cv_15,lightgbm,lightgbm_permutation
ags_aged,0.0407792011126539,0.013976894510182,aging_state,real,real,random_cv,random_cv_15,lightgbm,lightgbm_permutation
ags_virgin,0.0,0.0,aging_state,real,real,random_cv,random_cv_15,lightgbm,lightgbm_permutation
ph_missing,0.0086625588935985,0.0029690545312447,solution_chemistry,real,real,random_cv,random_cv_15,lightgbm,lightgbm_permutation
temp_missing,0.0029225385698274,0.0010016874332474,solution_chemistry,real,real,random_cv,random_cv_15,lightgbm,lightgbm_permutation
rpm_missing,0.1481650594547331,0.0507829322200982,solution_chemistry,real,real,random_cv,random_cv_15,lightgbm,lightgbm_permutation
sa_missing,0.0350690759695109,0.0120197738558276,surface_area_porosity,real,real,random_cv,random_cv_15,lightgbm,lightgbm_permutation
metal_cd,0.0026925152885993,0.0009228479501558,metal_identity,real,real,random_cv,random_cv_15,lightgbm,lightgbm_permutation
metal_cr,0.0,0.0,metal_identity,real,real,random_cv,random_cv_15,lightgbm,lightgbm_permutation
metal_hg,0.0003601420927088,0.0001234371420019,metal_identity,real,real,random_cv,random_cv_15,lightgbm,lightgbm_permutation
ret_other,0.1855482192633022,0.063595848286262,polymer_identity,real,real,random_cv,random_cv_15,lightgbm,lightgbm_permutation
ret_pa,0.0108459590094156,0.0037174054616121,polymer_identity,real,real,random_cv,random_cv_15,lightgbm,lightgbm_permutation
ret_pe,0.0,0.0,polymer_identity,real,real,random_cv,random_cv_15,lightgbm,lightgbm_permutation
ret_pet,0.0,0.0,polymer_identity,real,real,random_cv,random_cv_15,lightgbm,lightgbm_permutation
ret_pla,0.0561797433406648,0.0192553636377618,polymer_identity,real,real,random_cv,random_cv_15,lightgbm,lightgbm_permutation
ret_pp,0.2795861027485915,0.0958269254425732,polymer_identity,real,real,random_cv,random_cv_15,lightgbm,lightgbm_permutation
ret_ps,0.0023897077374969,0.0008190619738942,polymer_identity,real,real,random_cv,random_cv_15,lightgbm,lightgbm_permutation
ret_pvc,0.0018164077042992,0.0006225658712719,polymer_identity,real,real,random_cv,random_cv_15,lightgbm,lightgbm_permutation
ce_log1p,0.0,0.0,solution_chemistry,real,real,random_cv,random_cv_15,lightgbm,lightgbm_permutation
rpm_log1p,0.0071619917122794,0.0024547416308816,solution_chemistry,real,real,random_cv,random_cv_15,lightgbm,lightgbm_permutation
sa_log1p,0.0653536921899329,0.0223996948607744,surface_area_porosity,real,real,random_cv,random_cv_15,lightgbm,lightgbm_permutation
temp_log1p,0.0,0.0,solution_chemistry,real,real,random_cv,random_cv_15,lightgbm,lightgbm_permutation
ph_x_temp,0.0078055588932909,0.0026753214939928,solution_chemistry,real,real,random_cv,random_cv_15,lightgbm,lightgbm_permutation
ph_x_ce_log,0.0339124101794096,0.0116233316673914,solution_chemistry,real,real,random_cv,random_cv_15,lightgbm,lightgbm_permutation
temp_x_ce_log,0.196147151148895,0.0672285862714004,solution_chemistry,real,real,random_cv,random_cv_15,lightgbm,lightgbm_permutation
ce_log_x_rpm_log,0.0373384539438205,0.0127975933247042,solution_chemistry,real,real,random_cv,random_cv_15,lightgbm,lightgbm_permutation
ce_over_rpm,0.022377395051344,0.007669755206368,solution_chemistry,real,real,random_cv,random_cv_15,lightgbm,lightgbm_permutation
ce_over_sa,0.0022702345572812,0.000778113058979,solution_chemistry,real,real,random_cv,random_cv_15,lightgbm,lightgbm_permutation
cd_x_ph,0.0327227843973607,0.0112155925845104,other,real,real,random_cv,random_cv_15,lightgbm,lightgbm_permutation
cd_x_ce_log,0.0130657111988049,0.0044782159077053,other,real,real,random_cv,random_cv_15,lightgbm,lightgbm_permutation
cd_x_sa_log,0.0272407261532354,0.0093366408717208,other,real,real,random_cv,random_cv_15,lightgbm,lightgbm_permutation
cr_x_ph,0.0001331176868314,4.562551044446161e-05,other,real,real,random_cv,random_cv_15,lightgbm,lightgbm_permutation
cr_x_ce_log,0.1716660038081555,0.0588377790821059,other,real,real,random_cv,random_cv_15,lightgbm,lightgbm_permutation
cr_x_sa_log,0.0035497526103818,0.001216662328315,other,real,real,random_cv,random_cv_15,lightgbm,lightgbm_permutation
hg_x_ph,0.0001248213326523,4.278197099256804e-05,other,real,real,random_cv,random_cv_15,lightgbm,lightgbm_permutation
hg_x_ce_log,0.3267876906020789,0.1120050651839269,other,real,real,random_cv,random_cv_15,lightgbm,lightgbm_permutation
hg_x_sa_log,0.0,0.0,other,real,real,random_cv,random_cv_15,lightgbm,lightgbm_permutation
aged_x_fg_any,0.0,0.0,other,real,real,random_cv,random_cv_15,lightgbm,lightgbm_permutation
aged_x_fg_complexing,0.1549213753149899,0.0530986302102429,other,real,real,random_cv,random_cv_15,lightgbm,lightgbm_permutation
ret_ps_x_fg_any,0.0019404435252121,0.0006650786115189,polymer_identity,real,real,random_cv,random_cv_15,lightgbm,lightgbm_permutation
ret_pe_x_fg_any,0.0623000965104147,0.0213530881709702,polymer_identity,real,real,random_cv,random_cv_15,lightgbm,lightgbm_permutation
ret_pa_x_fg_any,0.0003093721903472,0.0001060359779222,polymer_identity,real,real,random_cv,random_cv_15,lightgbm,lightgbm_permutation
null_random_normal,0.0,0.0,null_feature,,random_noise,random_cv,random_cv_15,lightgbm,lightgbm_permutation
null_random_uniform,0.0,0.0,null_feature,,random_noise,random_cv,random_cv_15,lightgbm,lightgbm_permutation
null_random_binary,0.0,0.0,null_feature,,random_noise,random_cv,random_cv_15,lightgbm,lightgbm_permutation
null_perm_ph,0.0051672851814689,0.001771064609282,null_feature,,permuted_real,random_cv,random_cv_15,lightgbm,lightgbm_permutation
null_perm_ce,0.0173533512187351,0.005947785948831,null_feature,,permuted_real,random_cv,random_cv_15,lightgbm,lightgbm_permutation
null_study_random_effect,0.1515718081468652,0.0519505805749811,null_feature,,group_aware_random,random_cv,random_cv_15,lightgbm,lightgbm_permutation
null_exp_random_effect,0.1358521414217498,0.0465627329085888,null_feature,,group_aware_random,random_cv,random_cv_15,lightgbm,lightgbm_permutation
num__ph,43.0,0.0028801071667782,solution_chemistry,real,real,random_cv,random_cv_15,lightgbm,lightgbm_builtin_gain
num__temp,67.0,0.0044876088412592,solution_chemistry,real,real,random_cv,random_cv_15,lightgbm,lightgbm_builtin_gain
num__ce,458.0,0.0306764902880107,solution_chemistry,real,real,random_cv,random_cv_15,lightgbm,lightgbm_builtin_gain
num__rpm,293.0,0.0196249162759544,solution_chemistry,real,real,random_cv,random_cv_15,lightgbm,lightgbm_builtin_gain
num__sa,711.0,0.0476222371064969,surface_area_porosity,real,real,random_cv,random_cv_15,lightgbm,lightgbm_builtin_gain
num__fg_complexing,8.0,0.0005358338914936,surface_functionality,real,real,random_cv,random_cv_15,lightgbm,lightgbm_builtin_gain
num__fg_polar,12.0,0.0008037508372404,surface_functionality,real,real,random_cv,random_cv_15,lightgbm,lightgbm_builtin_gain
num__fg_any,4.0,0.0002679169457468,surface_functionality,real,real,random_cv,random_cv_15,lightgbm,lightgbm_builtin_gain
num__ags_aged,129.0,0.0086403215003348,aging_state,real,real,random_cv,random_cv_15,lightgbm,lightgbm_builtin_gain
num__ags_virgin,6.0,0.0004018754186202,aging_state,real,real,random_cv,random_cv_15,lightgbm,lightgbm_builtin_gain
num__ph_missing,71.0,0.004755525787006,solution_chemistry,real,real,random_cv,random_cv_15,lightgbm,lightgbm_builtin_gain
num__temp_missing,57.0,0.0038178164768921,solution_chemistry,real,real,random_cv,random_cv_15,lightgbm,lightgbm_builtin_gain
num__rpm_missing,160.0,0.0107166778298727,solution_chemistry,real,real,random_cv,random_cv_15,lightgbm,lightgbm_builtin_gain
num__sa_missing,56.0,0.0037508372404554,surface_area_porosity,real,real,random_cv,random_cv_15,lightgbm,lightgbm_builtin_gain
num__metal_cd,32.0,0.0021433355659745,metal_identity,real,real,random_cv,random_cv_15,lightgbm,lightgbm_builtin_gain
num__metal_cr,18.0,0.0012056262558606,metal_identity,real,real,random_cv,random_cv_15,lightgbm,lightgbm_builtin_gain
num__metal_hg,9.0,0.0006028131279303,metal_identity,real,real,random_cv,random_cv_15,lightgbm,lightgbm_builtin_gain
num__ret_other,148.0,0.0099129269926322,polymer_identity,real,real,random_cv,random_cv_15,lightgbm,lightgbm_builtin_gain
num__ret_pa,68.0,0.0045545880776959,polymer_identity,real,real,random_cv,random_cv_15,lightgbm,lightgbm_builtin_gain
num__ret_pe,34.0,0.0022772940388479,polymer_identity,real,real,random_cv,random_cv_15,lightgbm,lightgbm_builtin_gain
num__ret_pet,9.0,0.0006028131279303,polymer_identity,real,real,random_cv,random_cv_15,lightgbm,lightgbm_builtin_gain
num__ret_pla,166.0,0.0111185532484929,polymer_identity,real,real,random_cv,random_cv_15,lightgbm,lightgbm_builtin_gain
num__ret_pp,71.0,0.004755525787006,polymer_identity,real,real,random_cv,random_cv_15,lightgbm,lightgbm_builtin_gain
num__ret_ps,86.0,0.0057602143335565,polymer_identity,real,real,random_cv,random_cv_15,lightgbm,lightgbm_builtin_gain
num__ret_pvc,6.0,0.0004018754186202,polymer_identity,real,real,random_cv,random_cv_15,lightgbm,lightgbm_builtin_gain
num__ce_log1p,45.0,0.0030140656396517,solution_chemistry,real,real,random_cv,random_cv_15,lightgbm,lightgbm_builtin_gain
num__rpm_log1p,50.0,0.0033489618218352,solution_chemistry,real,real,random_cv,random_cv_15,lightgbm,lightgbm_builtin_gain
num__sa_log1p,309.0,0.0206965840589417,surface_area_porosity,real,real,random_cv,random_cv_15,lightgbm,lightgbm_builtin_gain
num__temp_log1p,41.0,0.0027461486939048,solution_chemistry,real,real,random_cv,random_cv_15,lightgbm,lightgbm_builtin_gain
num__ph_x_temp,81.0,0.005425318151373,solution_chemistry,real,real,random_cv,random_cv_15,lightgbm,lightgbm_builtin_gain
num__ph_x_ce_log,900.0,0.0602813127930341,solution_chemistry,real,real,random_cv,random_cv_15,lightgbm,lightgbm_builtin_gain
num__temp_x_ce_log,939.0,0.0628935030140656,solution_chemistry,real,real,random_cv,random_cv_15,lightgbm,lightgbm_builtin_gain
num__ce_log_x_rpm_log,470.0,0.0314802411252511,solution_chemistry,real,real,random_cv,random_cv_15,lightgbm,lightgbm_builtin_gain
num__ce_over_rpm,689.0,0.0461486939048894,solution_chemistry,real,real,random_cv,random_cv_15,lightgbm,lightgbm_builtin_gain
num__ce_over_sa,862.0,0.0577361018084393,solution_chemistry,real,real,random_cv,random_cv_15,lightgbm,lightgbm_builtin_gain
num__cd_x_ph,201.0,0.0134628265237776,other,real,real,random_cv,random_cv_15,lightgbm,lightgbm_builtin_gain
num__cd_x_ce_log,321.0,0.0215003348961821,other,real,real,random_cv,random_cv_15,lightgbm,lightgbm_builtin_gain
num__cd_x_sa_log,314.0,0.0210314802411252,other,real,real,random_cv,random_cv_15,lightgbm,lightgbm_builtin_gain
num__cr_x_ph,0.0,0.0,other,real,real,random_cv,random_cv_15,lightgbm,lightgbm_builtin_gain
num__cr_x_ce_log,384.0,0.0257200267916945,other,real,real,random_cv,random_cv_15,lightgbm,lightgbm_builtin_gain
num__cr_x_sa_log,348.0,0.0233087742799732,other,real,real,random_cv,random_cv_15,lightgbm,lightgbm_builtin_gain
num__hg_x_ph,125.0,0.008372404554588,other,real,real,random_cv,random_cv_15,lightgbm,lightgbm_builtin_gain
num__hg_x_ce_log,649.0,0.0434695244474213,other,real,real,random_cv,random_cv_15,lightgbm,lightgbm_builtin_gain
num__hg_x_sa_log,16.0,0.0010716677829872,other,real,real,random_cv,random_cv_15,lightgbm,lightgbm_builtin_gain
num__aged_x_fg_any,1.0,6.697923643670462e-05,other,real,real,random_cv,random_cv_15,lightgbm,lightgbm_builtin_gain
num__aged_x_fg_complexing,114.0,0.0076356329537843,other,real,real,random_cv,random_cv_15,lightgbm,lightgbm_builtin_gain
num__ret_ps_x_fg_any,23.0,0.0015405224380442,polymer_identity,real,real,random_cv,random_cv_15,lightgbm,lightgbm_builtin_gain
num__ret_pe_x_fg_any,42.0,0.0028131279303415,polymer_identity,real,real,random_cv,random_cv_15,lightgbm,lightgbm_builtin_gain
num__ret_pa_x_fg_any,6.0,0.0004018754186202,polymer_identity,real,real,random_cv,random_cv_15,lightgbm,lightgbm_builtin_gain
num__null_random_normal,1014.0,0.0679169457468184,null_feature,real,random_noise,random_cv,random_cv_15,lightgbm,lightgbm_builtin_gain
num__null_random_uniform,903.0,0.0604822505023442,null_feature,real,random_noise,random_cv,random_cv_15,lightgbm,lightgbm_builtin_gain
num__null_random_binary,105.0,0.0070328198258539,null_feature,real,random_noise,random_cv,random_cv_15,lightgbm,lightgbm_builtin_gain
num__null_perm_ph,594.0,0.0397856664434025,null_feature,real,permuted_real,random_cv,random_cv_15,lightgbm,lightgbm_builtin_gain
num__null_perm_ce,839.0,0.0561955793703951,null_feature,real,permuted_real,random_cv,random_cv_15,lightgbm,lightgbm_builtin_gain
num__null_study_random_effect,542.0,0.0363027461486939,null_feature,real,group_aware_random,random_cv,random_cv_15,lightgbm,lightgbm_builtin_gain
num__null_exp_random_effect,1281.0,0.0858004018754186,null_feature,real,group_aware_random,random_cv,random_cv_15,lightgbm,lightgbm_builtin_gain
ph,0.0017564691272665,0.00233831653633,solution_chemistry,real,real,random_cv,random_cv_15,lightgbm,lightgbm_shap
temp,0.0008265497103859,0.0011003523067337,solution_chemistry,real,real,random_cv,random_cv_15,lightgbm,lightgbm_shap
ce,0.0204236728891687,0.0271892123282916,solution_chemistry,real,real,random_cv,random_cv_15,lightgbm,lightgbm_shap
rpm,0.017267745296901,0.0229878531572688,solution_chemistry,real,real,random_cv,random_cv_15,lightgbm,lightgbm_shap
sa,0.0356809660596502,0.0475006316218906,surface_area_porosity,real,real,random_cv,random_cv_15,lightgbm,lightgbm_shap
fg_complexing,0.0005119383135712,0.0006815228378466,surface_functionality,real,real,random_cv,random_cv_15,lightgbm,lightgbm_shap
fg_polar,0.0022329578302329,0.0029726467367445,surface_functionality,real,real,random_cv,random_cv_15,lightgbm,lightgbm_shap
fg_any,8.857280802533076e-05,0.0001179134084736,surface_functionality,real,real,random_cv,random_cv_15,lightgbm,lightgbm_shap
ags_aged,0.0256293246743796,0.0341192866818772,aging_state,real,real,random_cv,random_cv_15,lightgbm,lightgbm_shap
ags_virgin,0.0002336417387188,0.0003110378273903,aging_state,real,real,random_cv,random_cv_15,lightgbm,lightgbm_shap
ph_missing,0.0021401349418951,0.0028490753676946,solution_chemistry,real,real,random_cv,random_cv_15,lightgbm,lightgbm_shap
temp_missing,0.0027711289237753,0.0036890922169809,solution_chemistry,real,real,random_cv,random_cv_15,lightgbm,lightgbm_shap
rpm_missing,0.0493507298701764,0.0656986370805023,solution_chemistry,real,real,random_cv,random_cv_15,lightgbm,lightgbm_shap
sa_missing,0.0112975589430878,0.0150399847550392,surface_area_porosity,real,real,random_cv,random_cv_15,lightgbm,lightgbm_shap
metal_cd,0.001001684747334,0.0013335025207792,metal_identity,real,real,random_cv,random_cv_15,lightgbm,lightgbm_shap
metal_cr,0.0007416132005348,0.0009872797554204,metal_identity,real,real,random_cv,random_cv_15,lightgbm,lightgbm_shap
metal_hg,0.000626636223092,0.0008342155406966,metal_identity,real,real,random_cv,random_cv_15,lightgbm,lightgbm_shap
ret_other,0.0594992585577417,0.0792089641800078,polymer_identity,real,real,random_cv,random_cv_15,lightgbm,lightgbm_shap
ret_pa,0.018597270483367,0.0247577964376376,polymer_identity,real,real,random_cv,random_cv_15,lightgbm,lightgbm_shap
ret_pe,0.0010394371878763,0.0013837608228674,polymer_identity,real,real,random_cv,random_cv_15,lightgbm,lightgbm_shap
ret_pet,0.0001779057591059,0.0002368387647513,polymer_identity,real,real,random_cv,random_cv_15,lightgbm,lightgbm_shap
ret_pla,0.0151599001601931,0.0201817639054427,polymer_identity,real,real,random_cv,random_cv_15,lightgbm,lightgbm_shap
ret_pp,0.0269056537355485,0.0358184121052624,polymer_identity,real,real,random_cv,random_cv_15,lightgbm,lightgbm_shap
ret_ps,0.0022293804906222,0.0029678843687427,polymer_identity,real,real,random_cv,random_cv_15,lightgbm,lightgbm_shap
ret_pvc,0.00055283805679,0.0007359710171031,polymer_identity,real,real,random_cv,random_cv_15,lightgbm,lightgbm_shap
ce_log1p,0.0009635531190708,0.0012827394213652,solution_chemistry,real,real,random_cv,random_cv_15,lightgbm,lightgbm_shap
rpm_log1p,0.0041065174270123,0.0054668410945849,solution_chemistry,real,real,random_cv,random_cv_15,lightgbm,lightgbm_shap
sa_log1p,0.0189106505622221,0.0251749867025662,surface_area_porosity,real,real,random_cv,random_cv_15,lightgbm,lightgbm_shap
temp_log1p,0.0021576615887657,0.0028724078860792,solution_chemistry,real,real,random_cv,random_cv_15,lightgbm,lightgbm_shap
ph_x_temp,0.0018872105313401,0.0025123672966779,solution_chemistry,real,real,random_cv,random_cv_15,lightgbm,lightgbm_shap
ph_x_ce_log,0.0390589582447289,0.0519976164326942,solution_chemistry,real,real,random_cv,random_cv_15,lightgbm,lightgbm_shap
temp_x_ce_log,0.0547674834723205,0.0729097427723116,solution_chemistry,real,real,random_cv,random_cv_15,lightgbm,lightgbm_shap
ce_log_x_rpm_log,0.0188760910326561,0.0251289789941371,solution_chemistry,real,real,random_cv,random_cv_15,lightgbm,lightgbm_shap
ce_over_rpm,0.0118082999232035,0.0157199136311274,solution_chemistry,real,real,random_cv,random_cv_15,lightgbm,lightgbm_shap
ce_over_sa,0.0123054602383242,0.016381763115418,solution_chemistry,real,real,random_cv,random_cv_15,lightgbm,lightgbm_shap
cd_x_ph,0.0142511632835263,0.0189719991376498,other,real,real,random_cv,random_cv_15,lightgbm,lightgbm_shap
cd_x_ce_log,0.0064993102012716,0.0086522696484979,other,real,real,random_cv,random_cv_15,lightgbm,lightgbm_shap
cd_x_sa_log,0.012564578977763,0.0167267174467508,other,real,real,random_cv,random_cv_15,lightgbm,lightgbm_shap
cr_x_ph,0.0,0.0,other,real,real,random_cv,random_cv_15,lightgbm,lightgbm_shap
cr_x_ce_log,0.0451119921072513,0.0600557763832357,other,real,real,random_cv,random_cv_15,lightgbm,lightgbm_shap
cr_x_sa_log,0.0047723461231244,0.0063532319945519,other,real,real,random_cv,random_cv_15,lightgbm,lightgbm_shap
hg_x_ph,0.002979953184788,0.0039670915368283,other,real,real,random_cv,random_cv_15,lightgbm,lightgbm_shap
hg_x_ce_log,0.0577965731829851,0.0769422477850794,other,real,real,random_cv,random_cv_15,lightgbm,lightgbm_shap
hg_x_sa_log,0.0009613607039575,0.001279820747513,other,real,real,random_cv,random_cv_15,lightgbm,lightgbm_shap
aged_x_fg_any,0.0001247568277342,0.000166083735138,other,real,real,random_cv,random_cv_15,lightgbm,lightgbm_shap
aged_x_fg_complexing,0.035536681639495,0.0473085515902256,other,real,real,random_cv,random_cv_15,lightgbm,lightgbm_shap
ret_ps_x_fg_any,0.0007544322811867,0.0010043452806856,polymer_identity,real,real,random_cv,random_cv_15,lightgbm,lightgbm_shap
ret_pe_x_fg_any,0.0083573068560917,0.0111257456891347,polymer_identity,real,real,random_cv,random_cv_15,lightgbm,lightgbm_shap
ret_pa_x_fg_any,0.0015538951517079,0.0020686379695248,polymer_identity,real,real,random_cv,random_cv_15,lightgbm,lightgbm_shap
null_random_normal,0.0054563025579004,0.0072637556221746,null_feature,,random_noise,random_cv,random_cv_15,lightgbm,lightgbm_shap
null_random_uniform,0.0049171374463368,0.0065459868458208,null_feature,,random_noise,random_cv,random_cv_15,lightgbm,lightgbm_shap
null_random_binary,0.0007844577294797,0.0010443169495093,null_feature,,random_noise,random_cv,random_cv_15,lightgbm,lightgbm_shap
null_perm_ph,0.0043604038568718,0.0058048298631175,null_feature,,permuted_real,random_cv,random_cv_15,lightgbm,lightgbm_shap
null_perm_ce,0.0096499120436607,0.0128465388634174,null_feature,,permuted_real,random_cv,random_cv_15,lightgbm,lightgbm_shap
null_study_random_effect,0.053220674190598,0.0708505379358284,null_feature,,group_aware_random,random_cv,random_cv_15,lightgbm,lightgbm_shap
null_exp_random_effect,0.0199301501082064,0.0265322053465772,null_feature,,group_aware_random,random_cv,random_cv_15,lightgbm,lightgbm_shap
num__ph,0.0,0.0,solution_chemistry,real,real,group_exp,group_exp_01,elastic_net,elastic_net_coef
num__temp,0.0,0.0,solution_chemistry,real,real,group_exp,group_exp_01,elastic_net,elastic_net_coef
num__ce,0.0,0.0,solution_chemistry,real,real,group_exp,group_exp_01,elastic_net,elastic_net_coef
num__rpm,0.0,0.0,solution_chemistry,real,real,group_exp,group_exp_01,elastic_net,elastic_net_coef
num__sa,0.0,0.0,surface_area_porosity,real,real,group_exp,group_exp_01,elastic_net,elastic_net_coef
num__fg_complexing,0.0,0.0,surface_functionality,real,real,group_exp,group_exp_01,elastic_net,elastic_net_coef
num__fg_polar,0.0,0.0,surface_functionality,real,real,group_exp,group_exp_01,elastic_net,elastic_net_coef
num__fg_any,0.0,0.0,surface_functionality,real,real,group_exp,group_exp_01,elastic_net,elastic_net_coef
num__ags_aged,0.0,0.0,aging_state,real,real,group_exp,group_exp_01,elastic_net,elastic_net_coef
num__ags_virgin,0.0,0.0,aging_state,real,real,group_exp,group_exp_01,elastic_net,elastic_net_coef
num__ph_missing,0.0,0.0,solution_chemistry,real,real,group_exp,group_exp_01,elastic_net,elastic_net_coef
num__temp_missing,0.0,0.0,solution_chemistry,real,real,group_exp,group_exp_01,elastic_net,elastic_net_coef
num__rpm_missing,0.0,0.0,solution_chemistry,real,real,group_exp,group_exp_01,elastic_net,elastic_net_coef
num__sa_missing,0.0,0.0,surface_area_porosity,real,real,group_exp,group_exp_01,elastic_net,elastic_net_coef
num__metal_cd,0.0,0.0,metal_identity,real,real,group_exp,group_exp_01,elastic_net,elastic_net_coef
num__metal_cr,0.0,0.0,metal_identity,real,real,group_exp,group_exp_01,elastic_net,elastic_net_coef
num__metal_hg,0.0,0.0,metal_identity,real,real,group_exp,group_exp_01,elastic_net,elastic_net_coef
num__ret_other,0.0,0.0,polymer_identity,real,real,group_exp,group_exp_01,elastic_net,elastic_net_coef
num__ret_pa,0.0,0.0,polymer_identity,real,real,group_exp,group_exp_01,elastic_net,elastic_net_coef
num__ret_pe,0.0,0.0,polymer_identity,real,real,group_exp,group_exp_01,elastic_net,elastic_net_coef
num__ret_pet,0.0,0.0,polymer_identity,real,real,group_exp,group_exp_01,elastic_net,elastic_net_coef
num__ret_pla,0.0,0.0,polymer_identity,real,real,group_exp,group_exp_01,elastic_net,elastic_net_coef
num__ret_pp,0.0,0.0,polymer_identity,real,real,group_exp,group_exp_01,elastic_net,elastic_net_coef
num__ret_ps,0.0,0.0,polymer_identity,real,real,group_exp,group_exp_01,elastic_net,elastic_net_coef
num__ret_pvc,0.0,0.0,polymer_identity,real,real,group_exp,group_exp_01,elastic_net,elastic_net_coef
num__ce_log1p,0.0,0.0,solution_chemistry,real,real,group_exp,group_exp_01,elastic_net,elastic_net_coef
num__rpm_log1p,0.0,0.0,solution_chemistry,real,real,group_exp,group_exp_01,elastic_net,elastic_net_coef
num__sa_log1p,0.0,0.0,surface_area_porosity,real,real,group_exp,group_exp_01,elastic_net,elastic_net_coef
num__temp_log1p,0.0,0.0,solution_chemistry,real,real,group_exp,group_exp_01,elastic_net,elastic_net_coef
num__ph_x_temp,0.0,0.0,solution_chemistry,real,real,group_exp,group_exp_01,elastic_net,elastic_net_coef
num__ph_x_ce_log,0.0,0.0,solution_chemistry,real,real,group_exp,group_exp_01,elastic_net,elastic_net_coef
num__temp_x_ce_log,0.0,0.0,solution_chemistry,real,real,group_exp,group_exp_01,elastic_net,elastic_net_coef
num__ce_log_x_rpm_log,0.0,0.0,solution_chemistry,real,real,group_exp,group_exp_01,elastic_net,elastic_net_coef
num__ce_over_rpm,0.016151864115983,1.0,solution_chemistry,real,real,group_exp,group_exp_01,elastic_net,elastic_net_coef
num__ce_over_sa,0.0,0.0,solution_chemistry,real,real,group_exp,group_exp_01,elastic_net,elastic_net_coef
num__cd_x_ph,0.0,0.0,other,real,real,group_exp,group_exp_01,elastic_net,elastic_net_coef
num__cd_x_ce_log,0.0,0.0,other,real,real,group_exp,group_exp_01,elastic_net,elastic_net_coef
num__cd_x_sa_log,0.0,0.0,other,real,real,group_exp,group_exp_01,elastic_net,elastic_net_coef
num__cr_x_ph,0.0,0.0,other,real,real,group_exp,group_exp_01,elastic_net,elastic_net_coef
num__cr_x_ce_log,0.0,0.0,other,real,real,group_exp,group_exp_01,elastic_net,elastic_net_coef
num__cr_x_sa_log,0.0,0.0,other,real,real,group_exp,group_exp_01,elastic_net,elastic_net_coef
num__hg_x_ph,0.0,0.0,other,real,real,group_exp,group_exp_01,elastic_net,elastic_net_coef
num__hg_x_ce_log,0.0,0.0,other,real,real,group_exp,group_exp_01,elastic_net,elastic_net_coef
num__hg_x_sa_log,0.0,0.0,other,real,real,group_exp,group_exp_01,elastic_net,elastic_net_coef
num__aged_x_fg_any,0.0,0.0,other,real,real,group_exp,group_exp_01,elastic_net,elastic_net_coef
num__aged_x_fg_complexing,0.0,0.0,other,real,real,group_exp,group_exp_01,elastic_net,elastic_net_coef
num__ret_ps_x_fg_any,0.0,0.0,polymer_identity,real,real,group_exp,group_exp_01,elastic_net,elastic_net_coef
num__ret_pe_x_fg_any,0.0,0.0,polymer_identity,real,real,group_exp,group_exp_01,elastic_net,elastic_net_coef
num__ret_pa_x_fg_any,0.0,0.0,polymer_identity,real,real,group_exp,group_exp_01,elastic_net,elastic_net_coef
num__null_random_normal,0.0,0.0,null_feature,real,random_noise,group_exp,group_exp_01,elastic_net,elastic_net_coef
num__null_random_uniform,0.0,0.0,null_feature,real,random_noise,group_exp,group_exp_01,elastic_net,elastic_net_coef
num__null_random_binary,0.0,0.0,null_feature,real,random_noise,group_exp,group_exp_01,elastic_net,elastic_net_coef
num__null_perm_ph,0.0,0.0,null_feature,real,permuted_real,group_exp,group_exp_01,elastic_net,elastic_net_coef
num__null_perm_ce,0.0,0.0,null_feature,real,permuted_real,group_exp,group_exp_01,elastic_net,elastic_net_coef
num__null_study_random_effect,0.0,0.0,null_feature,real,group_aware_random,group_exp,group_exp_01,elastic_net,elastic_net_coef
num__null_exp_random_effect,0.0,0.0,null_feature,real,group_aware_random,group_exp,group_exp_01,elastic_net,elastic_net_coef
ph,6.084444357234985e-08,1.1189207403905703e-06,solution_chemistry,real,real,group_exp,group_exp_01,elastic_net,elastic_net_permutation
temp,6.661199839714804e-05,0.0012249852605982,solution_chemistry,real,real,group_exp,group_exp_01,elastic_net,elastic_net_permutation
ce,0.0002536305936402,0.004664230864142,solution_chemistry,real,real,group_exp,group_exp_01,elastic_net,elastic_net_permutation
rpm,0.0,0.0,solution_chemistry,real,real,group_exp,group_exp_01,elastic_net,elastic_net_permutation
sa,6.433675121764182e-06,0.0001183143785696,surface_area_porosity,real,real,group_exp,group_exp_01,elastic_net,elastic_net_permutation
fg_complexing,0.0,0.0,surface_functionality,real,real,group_exp,group_exp_01,elastic_net,elastic_net_permutation
fg_polar,0.0,0.0,surface_functionality,real,real,group_exp,group_exp_01,elastic_net,elastic_net_permutation
fg_any,0.0,0.0,surface_functionality,real,real,group_exp,group_exp_01,elastic_net,elastic_net_permutation
ags_aged,5.665087855710737e-07,1.0418016709039448e-05,aging_state,real,real,group_exp,group_exp_01,elastic_net,elastic_net_permutation
ags_virgin,5.665087855710737e-07,1.0418016709039448e-05,aging_state,real,real,group_exp,group_exp_01,elastic_net,elastic_net_permutation
ph_missing,1.4109804926665249e-07,2.5947732362015354e-06,solution_chemistry,real,real,group_exp,group_exp_01,elastic_net,elastic_net_permutation
temp_missing,3.100145433698742e-07,5.701123751535154e-06,solution_chemistry,real,real,group_exp,group_exp_01,elastic_net,elastic_net_permutation
rpm_missing,1.5290245090060494e-07,2.811854518248662e-06,solution_chemistry,real,real,group_exp,group_exp_01,elastic_net,elastic_net_permutation
sa_missing,3.409474871096663e-07,6.269976226463807e-06,surface_area_porosity,real,real,group_exp,group_exp_01,elastic_net,elastic_net_permutation
metal_cd,2.8551384908315213e-06,5.2505594373298016e-05,metal_identity,real,real,group_exp,group_exp_01,elastic_net,elastic_net_permutation
metal_cr,0.0,0.0,metal_identity,real,real,group_exp,group_exp_01,elastic_net,elastic_net_permutation
metal_hg,0.0,0.0,metal_identity,real,real,group_exp,group_exp_01,elastic_net,elastic_net_permutation
ret_other,1.0274254110154146e-06,1.889420847809152e-05,polymer_identity,real,real,group_exp,group_exp_01,elastic_net,elastic_net_permutation
ret_pa,3.027127749577474e-07,5.566845259726081e-06,polymer_identity,real,real,group_exp,group_exp_01,elastic_net,elastic_net_permutation
ret_pe,4.173731136258852e-08,7.675432724798881e-07,polymer_identity,real,real,group_exp,group_exp_01,elastic_net,elastic_net_permutation
ret_pet,0.0,0.0,polymer_identity,real,real,group_exp,group_exp_01,elastic_net,elastic_net_permutation
ret_pla,1.1283146461593676e-08,2.0749547290590919e-07,polymer_identity,real,real,group_exp,group_exp_01,elastic_net,elastic_net_permutation
ret_pp,0.0,0.0,polymer_identity,real,real,group_exp,group_exp_01,elastic_net,elastic_net_permutation
ret_ps,2.849923852243919e-07,5.240969790475079e-06,polymer_identity,real,real,group_exp,group_exp_01,elastic_net,elastic_net_permutation
ret_pvc,0.0,0.0,polymer_identity,real,real,group_exp,group_exp_01,elastic_net,elastic_net_permutation
ce_log1p,1.860406433662476e-05,0.0003421261206383,solution_chemistry,real,real,group_exp,group_exp_01,elastic_net,elastic_net_permutation
rpm_log1p,0.0,0.0,solution_chemistry,real,real,group_exp,group_exp_01,elastic_net,elastic_net_permutation
sa_log1p,0.0,0.0,surface_area_porosity,real,real,group_exp,group_exp_01,elastic_net,elastic_net_permutation
temp_log1p,1.695456571582099e-07,3.1179207352252123e-06,solution_chemistry,real,real,group_exp,group_exp_01,elastic_net,elastic_net_permutation
ph_x_temp,1.344686908533177e-06,2.472860269484326e-05,solution_chemistry,real,real,group_exp,group_exp_01,elastic_net,elastic_net_permutation
ph_x_ce_log,4.863885567840676e-06,8.94461699575226e-05,solution_chemistry,real,real,group_exp,group_exp_01,elastic_net,elastic_net_permutation
temp_x_ce_log,0.0003383159616979,0.0062215828450936,solution_chemistry,real,real,group_exp,group_exp_01,elastic_net,elastic_net_permutation
ce_log_x_rpm_log,0.0002429408205793,0.0044676474444292,solution_chemistry,real,real,group_exp,group_exp_01,elastic_net,elastic_net_permutation
ce_over_rpm,0.0533214660295219,0.9805742438505318,solution_chemistry,real,real,group_exp,group_exp_01,elastic_net,elastic_net_permutation
ce_over_sa,5.8001614762215326e-06,0.000106664151931,solution_chemistry,real,real,group_exp,group_exp_01,elastic_net,elastic_net_permutation
cd_x_ph,0.0,0.0,other,real,real,group_exp,group_exp_01,elastic_net,elastic_net_permutation
cd_x_ce_log,2.2468219884608234e-07,4.1318739645716255e-06,other,real,real,group_exp,group_exp_01,elastic_net,elastic_net_permutation
cd_x_sa_log,0.0,0.0,other,real,real,group_exp,group_exp_01,elastic_net,elastic_net_permutation
cr_x_ph,3.5706769629939573e-08,6.566424601086133e-07,other,real,real,group_exp,group_exp_01,elastic_net,elastic_net_permutation
cr_x_ce_log,4.689518726008757e-07,8.623958831576362e-06,other,real,real,group_exp,group_exp_01,elastic_net,elastic_net_permutation
cr_x_sa_log,1.6592502412038358e-07,3.0513378040402157e-06,other,real,real,group_exp,group_exp_01,elastic_net,elastic_net_permutation
hg_x_ph,0.0,0.0,other,real,real,group_exp,group_exp_01,elastic_net,elastic_net_permutation
hg_x_ce_log,8.350951336222323e-07,1.5357281788567156e-05,other,real,real,group_exp,group_exp_01,elastic_net,elastic_net_permutation
hg_x_sa_log,7.426450071346125e-07,1.3657136994643218e-05,other,real,real,group_exp,group_exp_01,elastic_net,elastic_net_permutation
aged_x_fg_any,5.665087855710737e-07,1.0418016709039448e-05,other,real,real,group_exp,group_exp_01,elastic_net,elastic_net_permutation
aged_x_fg_complexing,0.0,0.0,other,real,real,group_exp,group_exp_01,elastic_net,elastic_net_permutation
ret_ps_x_fg_any,2.849923852243919e-07,5.240969790475079e-06,polymer_identity,real,real,group_exp,group_exp_01,elastic_net,elastic_net_permutation
ret_pe_x_fg_any,4.2349210715997286e-08,7.787960153330053e-07,polymer_identity,real,real,group_exp,group_exp_01,elastic_net,elastic_net_permutation
ret_pa_x_fg_any,3.027127749577474e-07,5.566845259726081e-06,polymer_identity,real,real,group_exp,group_exp_01,elastic_net,elastic_net_permutation
null_random_normal,0.0,0.0,null_feature,,random_noise,group_exp,group_exp_01,elastic_net,elastic_net_permutation
null_random_uniform,0.0,0.0,null_feature,,random_noise,group_exp,group_exp_01,elastic_net,elastic_net_permutation
null_random_binary,1.1679475163317577e-05,0.0002147839018623,null_feature,,random_noise,group_exp,group_exp_01,elastic_net,elastic_net_permutation
null_perm_ph,5.476898692480247e-06,0.0001007193949065,null_feature,,permuted_real,group_exp,group_exp_01,elastic_net,elastic_net_permutation
null_perm_ce,9.012635129783676e-05,0.0016574108957535,null_feature,,permuted_real,group_exp,group_exp_01,elastic_net,elastic_net_permutation
null_study_random_effect,0.0,0.0,null_feature,,group_aware_random,group_exp,group_exp_01,elastic_net,elastic_net_permutation
null_exp_random_effect,0.0,0.0,null_feature,,group_aware_random,group_exp,group_exp_01,elastic_net,elastic_net_permutation
ph,0.000225758320921,7.162623573303086e-05,solution_chemistry,real,real,group_exp,group_exp_01,lightgbm,lightgbm_permutation
temp,0.0052281587214663,0.0016587354455224,solution_chemistry,real,real,group_exp,group_exp_01,lightgbm,lightgbm_permutation
ce,0.136972138179634,0.0434570855155369,solution_chemistry,real,real,group_exp,group_exp_01,lightgbm,lightgbm_permutation
rpm,0.0334188381084745,0.0106027789652027,solution_chemistry,real,real,group_exp,group_exp_01,lightgbm,lightgbm_permutation
sa,0.0,0.0,surface_area_porosity,real,real,group_exp,group_exp_01,lightgbm,lightgbm_permutation
fg_complexing,7.50391067435574e-05,2.3807621915689297e-05,surface_functionality,real,real,group_exp,group_exp_01,lightgbm,lightgbm_permutation
fg_polar,0.0068267529252224,0.0021659206726828,surface_functionality,real,real,group_exp,group_exp_01,lightgbm,lightgbm_permutation
fg_any,0.0,0.0,surface_functionality,real,real,group_exp,group_exp_01,lightgbm,lightgbm_permutation
ags_aged,0.0102838569370782,0.0032627544278972,aging_state,real,real,group_exp,group_exp_01,lightgbm,lightgbm_permutation
ags_virgin,0.0,0.0,aging_state,real,real,group_exp,group_exp_01,lightgbm,lightgbm_permutation
ph_missing,0.0170945162148131,0.0054235690766512,solution_chemistry,real,real,group_exp,group_exp_01,lightgbm,lightgbm_permutation
temp_missing,0.0,0.0,solution_chemistry,real,real,group_exp,group_exp_01,lightgbm,lightgbm_permutation
rpm_missing,0.357572917246121,0.1134469903830058,solution_chemistry,real,real,group_exp,group_exp_01,lightgbm,lightgbm_permutation
sa_missing,0.0,0.0,surface_area_porosity,real,real,group_exp,group_exp_01,lightgbm,lightgbm_permutation
metal_cd,0.0,0.0,metal_identity,real,real,group_exp,group_exp_01,lightgbm,lightgbm_permutation
metal_cr,0.0002029814362402,6.439982429997144e-05,metal_identity,real,real,group_exp,group_exp_01,lightgbm,lightgbm_permutation
metal_hg,0.0,0.0,metal_identity,real,real,group_exp,group_exp_01,lightgbm,lightgbm_permutation
ret_other,0.2214354577410729,0.0702547229758926,polymer_identity,real,real,group_exp,group_exp_01,lightgbm,lightgbm_permutation
ret_pa,0.0017982042025062,0.0005705153970819,polymer_identity,real,real,group_exp,group_exp_01,lightgbm,lightgbm_permutation
ret_pe,0.0382865220186135,0.0121471467377791,polymer_identity,real,real,group_exp,group_exp_01,lightgbm,lightgbm_permutation
ret_pet,0.0,0.0,polymer_identity,real,real,group_exp,group_exp_01,lightgbm,lightgbm_permutation
ret_pla,0.0010948854986913,0.0003473738044736,polymer_identity,real,real,group_exp,group_exp_01,lightgbm,lightgbm_permutation
ret_pp,0.0542969297017521,0.0172267612131864,polymer_identity,real,real,group_exp,group_exp_01,lightgbm,lightgbm_permutation
ret_ps,0.005429932782726,0.0017227522065332,polymer_identity,real,real,group_exp,group_exp_01,lightgbm,lightgbm_permutation
ret_pvc,0.0,0.0,polymer_identity,real,real,group_exp,group_exp_01,lightgbm,lightgbm_permutation
ce_log1p,0.0,0.0,solution_chemistry,real,real,group_exp,group_exp_01,lightgbm,lightgbm_permutation
rpm_log1p,0.0,0.0,solution_chemistry,real,real,group_exp,group_exp_01,lightgbm,lightgbm_permutation
sa_log1p,0.0,0.0,surface_area_porosity,real,real,group_exp,group_exp_01,lightgbm,lightgbm_permutation
temp_log1p,0.0005614960635479,0.0001781455905889,solution_chemistry,real,real,group_exp,group_exp_01,lightgbm,lightgbm_permutation
ph_x_temp,0.005240127673137,0.0016625328291597,solution_chemistry,real,real,group_exp,group_exp_01,lightgbm,lightgbm_permutation
ph_x_ce_log,0.1167527197314764,0.037042080184864,solution_chemistry,real,real,group_exp,group_exp_01,lightgbm,lightgbm_permutation
temp_x_ce_log,0.2388263107774342,0.0757723106957991,solution_chemistry,real,real,group_exp,group_exp_01,lightgbm,lightgbm_permutation
ce_log_x_rpm_log,0.0511021745470507,0.0162131627558346,solution_chemistry,real,real,group_exp,group_exp_01,lightgbm,lightgbm_permutation
ce_over_rpm,0.0,0.0,solution_chemistry,real,real,group_exp,group_exp_01,lightgbm,lightgbm_permutation
ce_over_sa,0.0259164490692044,0.0082224995420779,solution_chemistry,real,real,group_exp,group_exp_01,lightgbm,lightgbm_permutation
cd_x_ph,0.0220195448965406,0.0069861305977951,other,real,real,group_exp,group_exp_01,lightgbm,lightgbm_permutation
cd_x_ce_log,0.0,0.0,other,real,real,group_exp,group_exp_01,lightgbm,lightgbm_permutation
cd_x_sa_log,0.0182145332584323,0.0057789163545012,other,real,real,group_exp,group_exp_01,lightgbm,lightgbm_permutation
cr_x_ph,8.206208070296039e-05,2.60357975431071e-05,other,real,real,group_exp,group_exp_01,lightgbm,lightgbm_permutation
cr_x_ce_log,0.0087399520015896,0.0027729204390214,other,real,real,group_exp,group_exp_01,lightgbm,lightgbm_permutation
cr_x_sa_log,0.0093891804942117,0.0029789008559,other,real,real,group_exp,group_exp_01,lightgbm,lightgbm_permutation
hg_x_ph,0.0037177745055049,0.0011795365594813,other,real,real,group_exp,group_exp_01,lightgbm,lightgbm_permutation
hg_x_ce_log,0.8699753227636335,0.2760166593016462,other,real,real,group_exp,group_exp_01,lightgbm,lightgbm_permutation
hg_x_sa_log,0.0001716279358154,5.445231404511465e-05,other,real,real,group_exp,group_exp_01,lightgbm,lightgbm_permutation
aged_x_fg_any,0.0,0.0,other,real,real,group_exp,group_exp_01,lightgbm,lightgbm_permutation
aged_x_fg_complexing,0.6154030593490216,0.1952486376578292,other,real,real,group_exp,group_exp_01,lightgbm,lightgbm_permutation
ret_ps_x_fg_any,0.0032679851313607,0.0010368320974211,polymer_identity,real,real,group_exp,group_exp_01,lightgbm,lightgbm_permutation
ret_pe_x_fg_any,5.469642986699608e-06,1.7353510441717243e-06,polymer_identity,real,real,group_exp,group_exp_01,lightgbm,lightgbm_permutation
ret_pa_x_fg_any,0.0,0.0,polymer_identity,real,real,group_exp,group_exp_01,lightgbm,lightgbm_permutation
null_random_normal,0.0,0.0,null_feature,,random_noise,group_exp,group_exp_01,lightgbm,lightgbm_permutation
null_random_uniform,0.0,0.0,null_feature,,random_noise,group_exp,group_exp_01,lightgbm,lightgbm_permutation
null_random_binary,0.0,0.0,null_feature,,random_noise,group_exp,group_exp_01,lightgbm,lightgbm_permutation
null_perm_ph,0.0,0.0,null_feature,,permuted_real,group_exp,group_exp_01,lightgbm,lightgbm_permutation
null_perm_ce,0.0,0.0,null_feature,,permuted_real,group_exp,group_exp_01,lightgbm,lightgbm_permutation
null_study_random_effect,0.2583937146959316,0.0819804516849395,null_feature,,group_aware_random,group_exp,group_exp_01,lightgbm,lightgbm_permutation
null_exp_random_effect,0.0138718613362846,0.0044011188871126,null_feature,,group_aware_random,group_exp,group_exp_01,lightgbm,lightgbm_permutation
num__ph,85.0,0.0056844780311643,solution_chemistry,real,real,group_exp,group_exp_01,lightgbm,lightgbm_builtin_gain
num__temp,110.0,0.0073563833344479,solution_chemistry,real,real,group_exp,group_exp_01,lightgbm,lightgbm_builtin_gain
num__ce,550.0,0.0367819166722396,solution_chemistry,real,real,group_exp,group_exp_01,lightgbm,lightgbm_builtin_gain
num__rpm,393.0,0.0262823513676185,solution_chemistry,real,real,group_exp,group_exp_01,lightgbm,lightgbm_builtin_gain
num__sa,752.0,0.0502909115227713,surface_area_porosity,real,real,group_exp,group_exp_01,lightgbm,lightgbm_builtin_gain
num__fg_complexing,29.0,0.001939410151809,surface_functionality,real,real,group_exp,group_exp_01,lightgbm,lightgbm_builtin_gain
num__fg_polar,6.0,0.000401257272788,surface_functionality,real,real,group_exp,group_exp_01,lightgbm,lightgbm_builtin_gain
num__fg_any,2.0,0.0001337524242626,surface_functionality,real,real,group_exp,group_exp_01,lightgbm,lightgbm_builtin_gain
num__ags_aged,71.0,0.0047482110613254,aging_state,real,real,group_exp,group_exp_01,lightgbm,lightgbm_builtin_gain
num__ags_virgin,5.0,0.0003343810606567,aging_state,real,real,group_exp,group_exp_01,lightgbm,lightgbm_builtin_gain
num__ph_missing,54.0,0.0036113154550926,solution_chemistry,real,real,group_exp,group_exp_01,lightgbm,lightgbm_builtin_gain
num__temp_missing,41.0,0.0027419246973851,solution_chemistry,real,real,group_exp,group_exp_01,lightgbm,lightgbm_builtin_gain
num__rpm_missing,161.0,0.0107670701531465,solution_chemistry,real,real,group_exp,group_exp_01,lightgbm,lightgbm_builtin_gain
num__sa_missing,62.0,0.0041463251521433,surface_area_porosity,real,real,group_exp,group_exp_01,lightgbm,lightgbm_builtin_gain
num__metal_cd,19.0,0.0012706480304955,metal_identity,real,real,group_exp,group_exp_01,lightgbm,lightgbm_builtin_gain
num__metal_cr,12.0,0.0008025145455761,metal_identity,real,real,group_exp,group_exp_01,lightgbm,lightgbm_builtin_gain
num__metal_hg,9.0,0.0006018859091821,metal_identity,real,real,group_exp,group_exp_01,lightgbm,lightgbm_builtin_gain
num__ret_other,70.0,0.0046813348491941,polymer_identity,real,real,group_exp,group_exp_01,lightgbm,lightgbm_builtin_gain
num__ret_pa,46.0,0.0030763057580418,polymer_identity,real,real,group_exp,group_exp_01,lightgbm,lightgbm_builtin_gain
num__ret_pe,90.0,0.006018859091821,polymer_identity,real,real,group_exp,group_exp_01,lightgbm,lightgbm_builtin_gain
num__ret_pet,15.0,0.0010031431819701,polymer_identity,real,real,group_exp,group_exp_01,lightgbm,lightgbm_builtin_gain
num__ret_pla,97.0,0.0064869925767404,polymer_identity,real,real,group_exp,group_exp_01,lightgbm,lightgbm_builtin_gain
num__ret_pp,126.0,0.0084264027285494,polymer_identity,real,real,group_exp,group_exp_01,lightgbm,lightgbm_builtin_gain
num__ret_ps,138.0,0.0092289172741255,polymer_identity,real,real,group_exp,group_exp_01,lightgbm,lightgbm_builtin_gain
num__ret_pvc,9.0,0.0006018859091821,polymer_identity,real,real,group_exp,group_exp_01,lightgbm,lightgbm_builtin_gain
num__ce_log1p,40.0,0.0026750484852537,solution_chemistry,real,real,group_exp,group_exp_01,lightgbm,lightgbm_builtin_gain
num__rpm_log1p,54.0,0.0036113154550926,solution_chemistry,real,real,group_exp,group_exp_01,lightgbm,lightgbm_builtin_gain
num__sa_log1p,345.0,0.0230722931853139,surface_area_porosity,real,real,group_exp,group_exp_01,lightgbm,lightgbm_builtin_gain
num__temp_log1p,13.0,0.0008693907577074,solution_chemistry,real,real,group_exp,group_exp_01,lightgbm,lightgbm_builtin_gain
num__ph_x_temp,86.0,0.0057513542432956,solution_chemistry,real,real,group_exp,group_exp_01,lightgbm,lightgbm_builtin_gain
num__ph_x_ce_log,920.0,0.0615261151608372,solution_chemistry,real,real,group_exp,group_exp_01,lightgbm,lightgbm_builtin_gain
num__temp_x_ce_log,757.0,0.050625292583428,solution_chemistry,real,real,group_exp,group_exp_01,lightgbm,lightgbm_builtin_gain
num__ce_log_x_rpm_log,471.0,0.0314986959138634,solution_chemistry,real,real,group_exp,group_exp_01,lightgbm,lightgbm_builtin_gain
num__ce_over_rpm,640.0,0.0428007757640607,solution_chemistry,real,real,group_exp,group_exp_01,lightgbm,lightgbm_builtin_gain
num__ce_over_sa,863.0,0.0577141710693506,solution_chemistry,real,real,group_exp,group_exp_01,lightgbm,lightgbm_builtin_gain
num__cd_x_ph,258.0,0.0172540627298869,other,real,real,group_exp,group_exp_01,lightgbm,lightgbm_builtin_gain
num__cd_x_ce_log,241.0,0.0161171671236541,other,real,real,group_exp,group_exp_01,lightgbm,lightgbm_builtin_gain
num__cd_x_sa_log,402.0,0.0268842372768006,other,real,real,group_exp,group_exp_01,lightgbm,lightgbm_builtin_gain
num__cr_x_ph,0.0,0.0,other,real,real,group_exp,group_exp_01,lightgbm,lightgbm_builtin_gain
num__cr_x_ce_log,378.0,0.0252792081856483,other,real,real,group_exp,group_exp_01,lightgbm,lightgbm_builtin_gain
num__cr_x_sa_log,401.0,0.0268173610646692,other,real,real,group_exp,group_exp_01,lightgbm,lightgbm_builtin_gain
num__hg_x_ph,142.0,0.0094964221226509,other,real,real,group_exp,group_exp_01,lightgbm,lightgbm_builtin_gain
num__hg_x_ce_log,694.0,0.0464120912191533,other,real,real,group_exp,group_exp_01,lightgbm,lightgbm_builtin_gain
num__hg_x_sa_log,17.0,0.0011368956062328,other,real,real,group_exp,group_exp_01,lightgbm,lightgbm_builtin_gain
num__aged_x_fg_any,0.0,0.0,other,real,real,group_exp,group_exp_01,lightgbm,lightgbm_builtin_gain
num__aged_x_fg_complexing,125.0,0.0083595265164181,other,real,real,group_exp,group_exp_01,lightgbm,lightgbm_builtin_gain
num__ret_ps_x_fg_any,47.0,0.0031431819701732,polymer_identity,real,real,group_exp,group_exp_01,lightgbm,lightgbm_builtin_gain
num__ret_pe_x_fg_any,7.0,0.0004681334849194,polymer_identity,real,real,group_exp,group_exp_01,lightgbm,lightgbm_builtin_gain
num__ret_pa_x_fg_any,6.0,0.000401257272788,polymer_identity,real,real,group_exp,group_exp_01,lightgbm,lightgbm_builtin_gain
num__null_random_normal,925.0,0.061860496221494,null_feature,real,random_noise,group_exp,group_exp_01,lightgbm,lightgbm_builtin_gain
num__null_random_uniform,781.0,0.0522303216745803,null_feature,real,random_noise,group_exp,group_exp_01,lightgbm,lightgbm_builtin_gain
num__null_random_binary,96.0,0.0064201163646091,null_feature,real,random_noise,group_exp,group_exp_01,lightgbm,lightgbm_builtin_gain
num__null_perm_ph,673.0,0.0450076907643951,null_feature,real,permuted_real,group_exp,group_exp_01,lightgbm,lightgbm_builtin_gain
num__null_perm_ce,990.0,0.0662074500100314,null_feature,real,permuted_real,group_exp,group_exp_01,lightgbm,lightgbm_builtin_gain
num__null_study_random_effect,439.0,0.0293586571256604,null_feature,real,group_aware_random,group_exp,group_exp_01,lightgbm,lightgbm_builtin_gain
num__null_exp_random_effect,1190.0,0.0795826924363004,null_feature,real,group_aware_random,group_exp,group_exp_01,lightgbm,lightgbm_builtin_gain
ph,0.0008744521232533,0.0011152133757048,solution_chemistry,real,real,group_exp,group_exp_01,lightgbm,lightgbm_shap
temp,0.003773206370505,0.0048120761580709,solution_chemistry,real,real,group_exp,group_exp_01,lightgbm,lightgbm_shap
ce,0.0171181617862082,0.0218312729580141,solution_chemistry,real,real,group_exp,group_exp_01,lightgbm,lightgbm_shap
rpm,0.0153005114048321,0.0195131723281887,solution_chemistry,real,real,group_exp,group_exp_01,lightgbm,lightgbm_shap
sa,0.0392900011488271,0.0501076430000682,surface_area_porosity,real,real,group_exp,group_exp_01,lightgbm,lightgbm_shap
fg_complexing,0.003187457042698,0.004065053573518,surface_functionality,real,real,group_exp,group_exp_01,lightgbm,lightgbm_shap
fg_polar,0.0020412152701861,0.0026032192174631,surface_functionality,real,real,group_exp,group_exp_01,lightgbm,lightgbm_shap
fg_any,0.0001750373452385,0.0002232300470969,surface_functionality,real,real,group_exp,group_exp_01,lightgbm,lightgbm_shap
ags_aged,0.0064302053068418,0.0082006215961129,aging_state,real,real,group_exp,group_exp_01,lightgbm,lightgbm_shap
ags_virgin,0.0001180566479733,0.0001505609620123,aging_state,real,real,group_exp,group_exp_01,lightgbm,lightgbm_shap
ph_missing,0.0026987825582222,0.003441833265669,solution_chemistry,real,real,group_exp,group_exp_01,lightgbm,lightgbm_shap
temp_missing,0.0027702420674992,0.0035329675867461,solution_chemistry,real,real,group_exp,group_exp_01,lightgbm,lightgbm_shap
rpm_missing,0.0430917171418025,0.0549560782811485,solution_chemistry,real,real,group_exp,group_exp_01,lightgbm,lightgbm_shap
sa_missing,0.0042543391633368,0.0054256783345514,surface_area_porosity,real,real,group_exp,group_exp_01,lightgbm,lightgbm_shap
metal_cd,0.0012724403798349,0.0016227789877156,metal_identity,real,real,group_exp,group_exp_01,lightgbm,lightgbm_shap
metal_cr,0.0003873005852447,0.0004939353242991,metal_identity,real,real,group_exp,group_exp_01,lightgbm,lightgbm_shap
metal_hg,0.0006675545557648,0.0008513510915061,metal_identity,real,real,group_exp,group_exp_01,lightgbm,lightgbm_shap
ret_other,0.0428062080954965,0.0545919605680592,polymer_identity,real,real,group_exp,group_exp_01,lightgbm,lightgbm_shap
ret_pa,0.0140608436048922,0.0179321891329281,polymer_identity,real,real,group_exp,group_exp_01,lightgbm,lightgbm_shap
ret_pe,0.0092526738782291,0.0118001951114782,polymer_identity,real,real,group_exp,group_exp_01,lightgbm,lightgbm_shap
ret_pet,0.0002289418741799,0.0002919760082398,polymer_identity,real,real,group_exp,group_exp_01,lightgbm,lightgbm_shap
ret_pla,0.0066456100749716,0.0084753333524469,polymer_identity,real,real,group_exp,group_exp_01,lightgbm,lightgbm_shap
ret_pp,0.0383845464816731,0.0489528912085719,polymer_identity,real,real,group_exp,group_exp_01,lightgbm,lightgbm_shap
ret_ps,0.0032603175534531,0.0041579746311654,polymer_identity,real,real,group_exp,group_exp_01,lightgbm,lightgbm_shap
ret_pvc,0.0003301953376727,0.0004211073967068,polymer_identity,real,real,group_exp,group_exp_01,lightgbm,lightgbm_shap
ce_log1p,0.0011556031935209,0.0014737732394394,solution_chemistry,real,real,group_exp,group_exp_01,lightgbm,lightgbm_shap
rpm_log1p,0.0040254468491905,0.0051337655316156,solution_chemistry,real,real,group_exp,group_exp_01,lightgbm,lightgbm_shap
sa_log1p,0.0327055515433246,0.0417103093137008,surface_area_porosity,real,real,group_exp,group_exp_01,lightgbm,lightgbm_shap
temp_log1p,0.0001326369475643,0.0001691556279675,solution_chemistry,real,real,group_exp,group_exp_01,lightgbm,lightgbm_shap
ph_x_temp,0.0016456060979908,0.0020986877186519,solution_chemistry,real,real,group_exp,group_exp_01,lightgbm,lightgbm_shap
ph_x_ce_log,0.0592317668924914,0.0755399374632193,solution_chemistry,real,real,group_exp,group_exp_01,lightgbm,lightgbm_shap
temp_x_ce_log,0.0221334084678878,0.0282273580416201,solution_chemistry,real,real,group_exp,group_exp_01,lightgbm,lightgbm_shap
ce_log_x_rpm_log,0.030997855222378,0.0395324361882103,solution_chemistry,real,real,group_exp,group_exp_01,lightgbm,lightgbm_shap
ce_over_rpm,0.0128061952941044,0.0163321008710454,solution_chemistry,real,real,group_exp,group_exp_01,lightgbm,lightgbm_shap
ce_over_sa,0.0153225592272912,0.0195412905359874,solution_chemistry,real,real,group_exp,group_exp_01,lightgbm,lightgbm_shap
cd_x_ph,0.0404620576443238,0.0516023995980586,other,real,real,group_exp,group_exp_01,lightgbm,lightgbm_shap
cd_x_ce_log,0.0098767983777858,0.0125961586313803,other,real,real,group_exp,group_exp_01,lightgbm,lightgbm_shap
cd_x_sa_log,0.0107126983931286,0.0136622054200759,other,real,real,group_exp,group_exp_01,lightgbm,lightgbm_shap
cr_x_ph,0.0,0.0,other,real,real,group_exp,group_exp_01,lightgbm,lightgbm_shap
cr_x_ce_log,0.0346346332155574,0.044170521401353,other,real,real,group_exp,group_exp_01,lightgbm,lightgbm_shap
cr_x_sa_log,0.0060078611434851,0.0076619942114896,other,real,real,group_exp,group_exp_01,lightgbm,lightgbm_shap
hg_x_ph,0.0018400466359468,0.002346663202891,other,real,real,group_exp,group_exp_01,lightgbm,lightgbm_shap
hg_x_ce_log,0.0842355250633043,0.1074279331733068,other,real,real,group_exp,group_exp_01,lightgbm,lightgbm_shap
hg_x_sa_log,0.0002659131394792,0.0003391265022259,other,real,real,group_exp,group_exp_01,lightgbm,lightgbm_shap
aged_x_fg_any,0.0,0.0,other,real,real,group_exp,group_exp_01,lightgbm,lightgbm_shap
aged_x_fg_complexing,0.0622402832158613,0.0793767829069308,other,real,real,group_exp,group_exp_01,lightgbm,lightgbm_shap
ret_ps_x_fg_any,0.0011165829275419,0.0014240095972843,polymer_identity,real,real,group_exp,group_exp_01,lightgbm,lightgbm_shap
ret_pe_x_fg_any,0.0006982306467798,0.0008904731727551,polymer_identity,real,real,group_exp,group_exp_01,lightgbm,lightgbm_shap
ret_pa_x_fg_any,0.0034578582431863,0.0044099038261187,polymer_identity,real,real,group_exp,group_exp_01,lightgbm,lightgbm_shap
null_random_normal,0.0066792892348192,0.0085182853318016,null_feature,,random_noise,group_exp,group_exp_01,lightgbm,lightgbm_shap
null_random_uniform,0.0040657607526565,0.0051851789860252,null_feature,,random_noise,group_exp,group_exp_01,lightgbm,lightgbm_shap
null_random_binary,0.0009142135662514,0.0011659222617485,null_feature,,random_noise,group_exp,group_exp_01,lightgbm,lightgbm_shap
null_perm_ph,0.004829602792689,0.006159328213087,null_feature,,permuted_real,group_exp,group_exp_01,lightgbm,lightgbm_shap
null_perm_ce,0.0046539469474649,0.0059353093755709,null_feature,,permuted_real,group_exp,group_exp_01,lightgbm,lightgbm_shap
null_study_random_effect,0.0456607991385427,0.0582325007745697,null_feature,,group_aware_random,group_exp,group_exp_01,lightgbm,lightgbm_shap
null_exp_random_effect,0.023183191131487,0.0295661753843847,null_feature,,group_aware_random,group_exp,group_exp_01,lightgbm,lightgbm_shap
num__ph,0.0001977793284344,0.0069704677595547,solution_chemistry,real,real,group_exp,group_exp_02,elastic_net,elastic_net_coef
num__temp,0.0059919715779721,0.2111790197238754,solution_chemistry,real,real,group_exp,group_exp_02,elastic_net,elastic_net_coef
num__ce,0.0,0.0,solution_chemistry,real,real,group_exp,group_exp_02,elastic_net,elastic_net_coef
num__rpm,0.0,0.0,solution_chemistry,real,real,group_exp,group_exp_02,elastic_net,elastic_net_coef
num__sa,0.0,0.0,surface_area_porosity,real,real,group_exp,group_exp_02,elastic_net,elastic_net_coef
num__fg_complexing,0.0,0.0,surface_functionality,real,real,group_exp,group_exp_02,elastic_net,elastic_net_coef
num__fg_polar,0.0,0.0,surface_functionality,real,real,group_exp,group_exp_02,elastic_net,elastic_net_coef
num__fg_any,0.0,0.0,surface_functionality,real,real,group_exp,group_exp_02,elastic_net,elastic_net_coef
num__ags_aged,0.0,0.0,aging_state,real,real,group_exp,group_exp_02,elastic_net,elastic_net_coef
num__ags_virgin,0.0,0.0,aging_state,real,real,group_exp,group_exp_02,elastic_net,elastic_net_coef
num__ph_missing,0.0,0.0,solution_chemistry,real,real,group_exp,group_exp_02,elastic_net,elastic_net_coef
num__temp_missing,0.0,0.0,solution_chemistry,real,real,group_exp,group_exp_02,elastic_net,elastic_net_coef
num__rpm_missing,0.0,0.0,solution_chemistry,real,real,group_exp,group_exp_02,elastic_net,elastic_net_coef
num__sa_missing,0.0,0.0,surface_area_porosity,real,real,group_exp,group_exp_02,elastic_net,elastic_net_coef
num__metal_cd,0.0,0.0,metal_identity,real,real,group_exp,group_exp_02,elastic_net,elastic_net_coef
num__metal_cr,0.0,0.0,metal_identity,real,real,group_exp,group_exp_02,elastic_net,elastic_net_coef
num__metal_hg,0.0,0.0,metal_identity,real,real,group_exp,group_exp_02,elastic_net,elastic_net_coef
num__ret_other,0.0,0.0,polymer_identity,real,real,group_exp,group_exp_02,elastic_net,elastic_net_coef
num__ret_pa,0.0,0.0,polymer_identity,real,real,group_exp,group_exp_02,elastic_net,elastic_net_coef
num__ret_pe,0.0,0.0,polymer_identity,real,real,group_exp,group_exp_02,elastic_net,elastic_net_coef
num__ret_pet,0.0,0.0,polymer_identity,real,real,group_exp,group_exp_02,elastic_net,elastic_net_coef
num__ret_pla,0.0,0.0,polymer_identity,real,real,group_exp,group_exp_02,elastic_net,elastic_net_coef
num__ret_pp,0.0,0.0,polymer_identity,real,real,group_exp,group_exp_02,elastic_net,elastic_net_coef
num__ret_ps,0.0,0.0,polymer_identity,real,real,group_exp,group_exp_02,elastic_net,elastic_net_coef
num__ret_pvc,0.0,0.0,polymer_identity,real,real,group_exp,group_exp_02,elastic_net,elastic_net_coef
num__ce_log1p,0.0,0.0,solution_chemistry,real,real,group_exp,group_exp_02,elastic_net,elastic_net_coef
num__rpm_log1p,0.0,0.0,solution_chemistry,real,real,group_exp,group_exp_02,elastic_net,elastic_net_coef
num__sa_log1p,0.0,0.0,surface_area_porosity,real,real,group_exp,group_exp_02,elastic_net,elastic_net_coef
num__temp_log1p,0.0,0.0,solution_chemistry,real,real,group_exp,group_exp_02,elastic_net,elastic_net_coef
num__ph_x_temp,0.0,0.0,solution_chemistry,real,real,group_exp,group_exp_02,elastic_net,elastic_net_coef
num__ph_x_ce_log,0.0,0.0,solution_chemistry,real,real,group_exp,group_exp_02,elastic_net,elastic_net_coef
num__temp_x_ce_log,0.0,0.0,solution_chemistry,real,real,group_exp,group_exp_02,elastic_net,elastic_net_coef
num__ce_log_x_rpm_log,0.0,0.0,solution_chemistry,real,real,group_exp,group_exp_02,elastic_net,elastic_net_coef
num__ce_over_rpm,0.0221841452590689,0.7818505125165698,solution_chemistry,real,real,group_exp,group_exp_02,elastic_net,elastic_net_coef
num__ce_over_sa,0.0,0.0,solution_chemistry,real,real,group_exp,group_exp_02,elastic_net,elastic_net_coef
num__cd_x_ph,0.0,0.0,other,real,real,group_exp,group_exp_02,elastic_net,elastic_net_coef
num__cd_x_ce_log,0.0,0.0,other,real,real,group_exp,group_exp_02,elastic_net,elastic_net_coef
num__cd_x_sa_log,0.0,0.0,other,real,real,group_exp,group_exp_02,elastic_net,elastic_net_coef
num__cr_x_ph,0.0,0.0,other,real,real,group_exp,group_exp_02,elastic_net,elastic_net_coef
num__cr_x_ce_log,0.0,0.0,other,real,real,group_exp,group_exp_02,elastic_net,elastic_net_coef
num__cr_x_sa_log,0.0,0.0,other,real,real,group_exp,group_exp_02,elastic_net,elastic_net_coef
num__hg_x_ph,0.0,0.0,other,real,real,group_exp,group_exp_02,elastic_net,elastic_net_coef
num__hg_x_ce_log,0.0,0.0,other,real,real,group_exp,group_exp_02,elastic_net,elastic_net_coef
num__hg_x_sa_log,0.0,0.0,other,real,real,group_exp,group_exp_02,elastic_net,elastic_net_coef
num__aged_x_fg_any,0.0,0.0,other,real,real,group_exp,group_exp_02,elastic_net,elastic_net_coef
num__aged_x_fg_complexing,0.0,0.0,other,real,real,group_exp,group_exp_02,elastic_net,elastic_net_coef
num__ret_ps_x_fg_any,0.0,0.0,polymer_identity,real,real,group_exp,group_exp_02,elastic_net,elastic_net_coef
num__ret_pe_x_fg_any,0.0,0.0,polymer_identity,real,real,group_exp,group_exp_02,elastic_net,elastic_net_coef
num__ret_pa_x_fg_any,0.0,0.0,polymer_identity,real,real,group_exp,group_exp_02,elastic_net,elastic_net_coef
num__null_random_normal,0.0,0.0,null_feature,real,random_noise,group_exp,group_exp_02,elastic_net,elastic_net_coef
num__null_random_uniform,0.0,0.0,null_feature,real,random_noise,group_exp,group_exp_02,elastic_net,elastic_net_coef
num__null_random_binary,0.0,0.0,null_feature,real,random_noise,group_exp,group_exp_02,elastic_net,elastic_net_coef
num__null_perm_ph,0.0,0.0,null_feature,real,permuted_real,group_exp,group_exp_02,elastic_net,elastic_net_coef
num__null_perm_ce,0.0,0.0,null_feature,real,permuted_real,group_exp,group_exp_02,elastic_net,elastic_net_coef
num__null_study_random_effect,0.0,0.0,null_feature,real,group_aware_random,group_exp,group_exp_02,elastic_net,elastic_net_coef
num__null_exp_random_effect,0.0,0.0,null_feature,real,group_aware_random,group_exp,group_exp_02,elastic_net,elastic_net_coef
ph,0.0001181564378706,0.0107738148331597,solution_chemistry,real,real,group_exp,group_exp_02,elastic_net,elastic_net_permutation
temp,0.0001608052885245,0.0146626492299336,solution_chemistry,real,real,group_exp,group_exp_02,elastic_net,elastic_net_permutation
ce,0.0001323574551345,0.0120687009451668,solution_chemistry,real,real,group_exp,group_exp_02,elastic_net,elastic_net_permutation
rpm,0.0002538761601398,0.0231490961406149,solution_chemistry,real,real,group_exp,group_exp_02,elastic_net,elastic_net_permutation
sa,0.0,0.0,surface_area_porosity,real,real,group_exp,group_exp_02,elastic_net,elastic_net_permutation
fg_complexing,0.0,0.0,surface_functionality,real,real,group_exp,group_exp_02,elastic_net,elastic_net_permutation
fg_polar,1.8427255199515718e-08,1.6802456047317423e-06,surface_functionality,real,real,group_exp,group_exp_02,elastic_net,elastic_net_permutation
fg_any,0.0,0.0,surface_functionality,real,real,group_exp,group_exp_02,elastic_net,elastic_net_permutation
ags_aged,0.0,0.0,aging_state,real,real,group_exp,group_exp_02,elastic_net,elastic_net_permutation
ags_virgin,0.0,0.0,aging_state,real,real,group_exp,group_exp_02,elastic_net,elastic_net_permutation
ph_missing,6.893800844620656e-08,6.285948961825985e-06,solution_chemistry,real,real,group_exp,group_exp_02,elastic_net,elastic_net_permutation
temp_missing,1.0026223105086273e-07,9.142173981952448e-06,solution_chemistry,real,real,group_exp,group_exp_02,elastic_net,elastic_net_permutation
rpm_missing,0.0,0.0,solution_chemistry,real,real,group_exp,group_exp_02,elastic_net,elastic_net_permutation
sa_missing,7.390111445904069e-07,6.738498024265918e-05,surface_area_porosity,real,real,group_exp,group_exp_02,elastic_net,elastic_net_permutation
metal_cd,0.0,0.0,metal_identity,real,real,group_exp,group_exp_02,elastic_net,elastic_net_permutation
metal_cr,2.087400888028945e-07,1.9033470418947403e-05,metal_identity,real,real,group_exp,group_exp_02,elastic_net,elastic_net_permutation
metal_hg,0.0,0.0,metal_identity,real,real,group_exp,group_exp_02,elastic_net,elastic_net_permutation
ret_other,0.0,0.0,polymer_identity,real,real,group_exp,group_exp_02,elastic_net,elastic_net_permutation
ret_pa,1.3766418303085006e-07,1.255258235489412e-05,polymer_identity,real,real,group_exp,group_exp_02,elastic_net,elastic_net_permutation
ret_pe,1.7660570756916629e-07,1.6103373003779185e-05,polymer_identity,real,real,group_exp,group_exp_02,elastic_net,elastic_net_permutation
ret_pet,1.6719330383418994e-05,0.0015245125270493,polymer_identity,real,real,group_exp,group_exp_02,elastic_net,elastic_net_permutation
ret_pla,0.0,0.0,polymer_identity,real,real,group_exp,group_exp_02,elastic_net,elastic_net_permutation
ret_pp,0.0,0.0,polymer_identity,real,real,group_exp,group_exp_02,elastic_net,elastic_net_permutation
ret_ps,8.334217223537887e-06,0.0007599358508421,polymer_identity,real,real,group_exp,group_exp_02,elastic_net,elastic_net_permutation
ret_pvc,0.0,0.0,polymer_identity,real,real,group_exp,group_exp_02,elastic_net,elastic_net_permutation
ce_log1p,1.4935934469562096e-05,0.0013618977961352,solution_chemistry,real,real,group_exp,group_exp_02,elastic_net,elastic_net_permutation
rpm_log1p,1.0981741163662572e-05,0.0010013440484088,solution_chemistry,real,real,group_exp,group_exp_02,elastic_net,elastic_net_permutation
sa_log1p,0.0,0.0,surface_area_porosity,real,real,group_exp,group_exp_02,elastic_net,elastic_net_permutation
temp_log1p,5.609004208873004e-08,5.114437590861819e-06,solution_chemistry,real,real,group_exp,group_exp_02,elastic_net,elastic_net_permutation
ph_x_temp,0.0002397155574822,0.0218578951387113,solution_chemistry,real,real,group_exp,group_exp_02,elastic_net,elastic_net_permutation
ph_x_ce_log,5.173963671002424e-05,0.0047177561840419,solution_chemistry,real,real,group_exp,group_exp_02,elastic_net,elastic_net_permutation
temp_x_ce_log,0.000281414251092,0.0256600917166867,solution_chemistry,real,real,group_exp,group_exp_02,elastic_net,elastic_net_permutation
ce_log_x_rpm_log,0.0001522329360828,0.0138809995834498,solution_chemistry,real,real,group_exp,group_exp_02,elastic_net,elastic_net_permutation
ce_over_rpm,0.0094886840572422,0.8652031737362852,solution_chemistry,real,real,group_exp,group_exp_02,elastic_net,elastic_net_permutation
ce_over_sa,0.0,0.0,solution_chemistry,real,real,group_exp,group_exp_02,elastic_net,elastic_net_permutation
cd_x_ph,0.0,0.0,other,real,real,group_exp,group_exp_02,elastic_net,elastic_net_permutation
cd_x_ce_log,0.0,0.0,other,real,real,group_exp,group_exp_02,elastic_net,elastic_net_permutation
cd_x_sa_log,0.0,0.0,other,real,real,group_exp,group_exp_02,elastic_net,elastic_net_permutation
cr_x_ph,0.0,0.0,other,real,real,group_exp,group_exp_02,elastic_net,elastic_net_permutation
cr_x_ce_log,0.0,0.0,other,real,real,group_exp,group_exp_02,elastic_net,elastic_net_permutation
cr_x_sa_log,1.800515583516571e-07,1.641757474295051e-05,other,real,real,group_exp,group_exp_02,elastic_net,elastic_net_permutation
hg_x_ph,0.0,0.0,other,real,real,group_exp,group_exp_02,elastic_net,elastic_net_permutation
hg_x_ce_log,4.073038432084175e-08,3.713903589717888e-06,other,real,real,group_exp,group_exp_02,elastic_net,elastic_net_permutation
hg_x_sa_log,0.0,0.0,other,real,real,group_exp,group_exp_02,elastic_net,elastic_net_permutation
aged_x_fg_any,0.0,0.0,other,real,real,group_exp,group_exp_02,elastic_net,elastic_net_permutation
aged_x_fg_complexing,0.0,0.0,other,real,real,group_exp,group_exp_02,elastic_net,elastic_net_permutation
ret_ps_x_fg_any,8.189356825050175e-06,0.0007467270986311,polymer_identity,real,real,group_exp,group_exp_02,elastic_net,elastic_net_permutation
ret_pe_x_fg_any,1.7660570756916629e-07,1.6103373003779185e-05,polymer_identity,real,real,group_exp,group_exp_02,elastic_net,elastic_net_permutation
ret_pa_x_fg_any,1.3766418303085006e-07,1.255258235489412e-05,polymer_identity,real,real,group_exp,group_exp_02,elastic_net,elastic_net_permutation
null_random_normal,6.418524204854226e-06,0.0005852579218826,null_feature,,random_noise,group_exp,group_exp_02,elastic_net,elastic_net_permutation
null_random_uniform,0.0,0.0,null_feature,,random_noise,group_exp,group_exp_02,elastic_net,elastic_net_permutation
null_random_binary,2.436059068156027e-06,0.0002221262742507,null_feature,,random_noise,group_exp,group_exp_02,elastic_net,elastic_net_permutation
null_perm_ph,1.528378015225318e-06,0.0001393615280542,null_feature,,permuted_real,group_exp,group_exp_02,elastic_net,elastic_net_permutation
null_perm_ce,0.0,0.0,null_feature,,permuted_real,group_exp,group_exp_02,elastic_net,elastic_net_permutation
null_study_random_effect,0.0,0.0,null_feature,,group_aware_random,group_exp,group_exp_02,elastic_net,elastic_net_permutation
null_exp_random_effect,1.6434871314618958e-05,0.0014985748008442,null_feature,,group_aware_random,group_exp,group_exp_02,elastic_net,elastic_net_permutation
ph,0.0,0.0,solution_chemistry,real,real,group_exp,group_exp_02,lightgbm,lightgbm_permutation
temp,0.0010183397186929,0.0004865500301021,solution_chemistry,real,real,group_exp,group_exp_02,lightgbm,lightgbm_permutation
ce,0.1271720990869342,0.0607612445072041,solution_chemistry,real,real,group_exp,group_exp_02,lightgbm,lightgbm_permutation
rpm,0.199401606828682,0.0952716033991432,solution_chemistry,real,real,group_exp,group_exp_02,lightgbm,lightgbm_permutation
sa,0.1755661399815098,0.083883314305524,surface_area_porosity,real,real,group_exp,group_exp_02,lightgbm,lightgbm_permutation
fg_complexing,0.0003339388682137,0.0001595518306898,surface_functionality,real,real,group_exp,group_exp_02,lightgbm,lightgbm_permutation
fg_polar,0.0,0.0,surface_functionality,real,real,group_exp,group_exp_02,lightgbm,lightgbm_permutation
fg_any,0.0,0.0,surface_functionality,real,real,group_exp,group_exp_02,lightgbm,lightgbm_permutation
ags_aged,0.0239953275241725,0.0114646685333865,aging_state,real,real,group_exp,group_exp_02,lightgbm,lightgbm_permutation
ags_virgin,0.0092298952085908,0.0044099289354474,aging_state,real,real,group_exp,group_exp_02,lightgbm,lightgbm_permutation
ph_missing,0.0,0.0,solution_chemistry,real,real,group_exp,group_exp_02,lightgbm,lightgbm_permutation
temp_missing,0.0017758186379085,0.0008484640202773,solution_chemistry,real,real,group_exp,group_exp_02,lightgbm,lightgbm_permutation
rpm_missing,0.0,0.0,solution_chemistry,real,real,group_exp,group_exp_02,lightgbm,lightgbm_permutation
sa_missing,0.1291338606388103,0.0616985497351134,surface_area_porosity,real,real,group_exp,group_exp_02,lightgbm,lightgbm_permutation
metal_cd,0.0,0.0,metal_identity,real,real,group_exp,group_exp_02,lightgbm,lightgbm_permutation
metal_cr,0.0015299569425152,0.000730994365408,metal_identity,real,real,group_exp,group_exp_02,lightgbm,lightgbm_permutation
metal_hg,0.0,0.0,metal_identity,real,real,group_exp,group_exp_02,lightgbm,lightgbm_permutation
ret_other,0.0,0.0,polymer_identity,real,real,group_exp,group_exp_02,lightgbm,lightgbm_permutation
ret_pa,0.0054719427954327,0.0026144260927504,polymer_identity,real,real,group_exp,group_exp_02,lightgbm,lightgbm_permutation
ret_pe,0.0,0.0,polymer_identity,real,real,group_exp,group_exp_02,lightgbm,lightgbm_permutation
ret_pet,0.0,0.0,polymer_identity,real,real,group_exp,group_exp_02,lightgbm,lightgbm_permutation
ret_pla,0.0039688532179536,0.0018962686196162,polymer_identity,real,real,group_exp,group_exp_02,lightgbm,lightgbm_permutation
ret_pp,0.1874684900997134,0.0895701089006824,polymer_identity,real,real,group_exp,group_exp_02,lightgbm,lightgbm_permutation
ret_ps,0.0216848730758465,0.0103607621839165,polymer_identity,real,real,group_exp,group_exp_02,lightgbm,lightgbm_permutation
ret_pvc,0.0,0.0,polymer_identity,real,real,group_exp,group_exp_02,lightgbm,lightgbm_permutation
ce_log1p,0.0011080758959973,0.0005294248575956,solution_chemistry,real,real,group_exp,group_exp_02,lightgbm,lightgbm_permutation
rpm_log1p,0.0038488836939185,0.001838948675732,solution_chemistry,real,real,group_exp,group_exp_02,lightgbm,lightgbm_permutation
sa_log1p,0.0089162179313323,0.0042600578404769,surface_area_porosity,real,real,group_exp,group_exp_02,lightgbm,lightgbm_permutation
temp_log1p,0.0019311118354549,0.0009226611752678,solution_chemistry,real,real,group_exp,group_exp_02,lightgbm,lightgbm_permutation
ph_x_temp,0.020457347629712,0.0097742658194867,solution_chemistry,real,real,group_exp,group_exp_02,lightgbm,lightgbm_permutation
ph_x_ce_log,0.0238398643315791,0.0113903901568805,solution_chemistry,real,real,group_exp,group_exp_02,lightgbm,lightgbm_permutation
temp_x_ce_log,0.1451359925167302,0.0693441689759041,solution_chemistry,real,real,group_exp,group_exp_02,lightgbm,lightgbm_permutation
ce_log_x_rpm_log,0.0156797648230768,0.0074915962783562,solution_chemistry,real,real,group_exp,group_exp_02,lightgbm,lightgbm_permutation
ce_over_rpm,0.0023997575588146,0.0011465742630344,solution_chemistry,real,real,group_exp,group_exp_02,lightgbm,lightgbm_permutation
ce_over_sa,0.0877265899690045,0.041914671702054,solution_chemistry,real,real,group_exp,group_exp_02,lightgbm,lightgbm_permutation
cd_x_ph,0.008327902977336,0.0039789682852705,other,real,real,group_exp,group_exp_02,lightgbm,lightgbm_permutation
cd_x_ce_log,0.0069680015556516,0.0033292243289945,other,real,real,group_exp,group_exp_02,lightgbm,lightgbm_permutation
cd_x_sa_log,0.0153927920072905,0.0073544842423664,other,real,real,group_exp,group_exp_02,lightgbm,lightgbm_permutation
cr_x_ph,2.167249324705467e-05,1.0354847255960044e-05,other,real,real,group_exp,group_exp_02,lightgbm,lightgbm_permutation
cr_x_ce_log,0.0557627579535817,0.0266427510023048,other,real,real,group_exp,group_exp_02,lightgbm,lightgbm_permutation
cr_x_sa_log,0.0,0.0,other,real,real,group_exp,group_exp_02,lightgbm,lightgbm_permutation
hg_x_ph,0.0071095890883962,0.0033968730881015,other,real,real,group_exp,group_exp_02,lightgbm,lightgbm_permutation
hg_x_ce_log,0.0,0.0,other,real,real,group_exp,group_exp_02,lightgbm,lightgbm_permutation
hg_x_sa_log,0.0,0.0,other,real,real,group_exp,group_exp_02,lightgbm,lightgbm_permutation
aged_x_fg_any,0.0092437352471049,0.0044165415334165,other,real,real,group_exp,group_exp_02,lightgbm,lightgbm_permutation
aged_x_fg_complexing,0.4941648557591692,0.236105811284317,other,real,real,group_exp,group_exp_02,lightgbm,lightgbm_permutation
ret_ps_x_fg_any,0.0070977531943145,0.0033912180453726,polymer_identity,real,real,group_exp,group_exp_02,lightgbm,lightgbm_permutation
ret_pe_x_fg_any,0.0,0.0,polymer_identity,real,real,group_exp,group_exp_02,lightgbm,lightgbm_permutation
ret_pa_x_fg_any,0.0,0.0,polymer_identity,real,real,group_exp,group_exp_02,lightgbm,lightgbm_permutation
null_random_normal,0.0213842018102365,0.0102171051992698,null_feature,,random_noise,group_exp,group_exp_02,lightgbm,lightgbm_permutation
null_random_uniform,0.0,0.0,null_feature,,random_noise,group_exp,group_exp_02,lightgbm,lightgbm_permutation
null_random_binary,0.0,0.0,null_feature,,random_noise,group_exp,group_exp_02,lightgbm,lightgbm_permutation
null_perm_ph,0.0054894011981968,0.0026227675000769,null_feature,,permuted_real,group_exp,group_exp_02,lightgbm,lightgbm_permutation
null_perm_ce,0.0407211883699889,0.0194560764581028,null_feature,,permuted_real,group_exp,group_exp_02,lightgbm,lightgbm_permutation
null_study_random_effect,0.1369133667683333,0.0654155008389723,null_feature,,group_aware_random,group_exp,group_exp_02,lightgbm,lightgbm_permutation
null_exp_random_effect,0.0855885192320033,0.0408931281421272,null_feature,,group_aware_random,group_exp,group_exp_02,lightgbm,lightgbm_permutation
num__ph,67.0,0.0044921220248072,solution_chemistry,real,real,group_exp,group_exp_02,lightgbm,lightgbm_builtin_gain
num__temp,133.0,0.0089171974522292,solution_chemistry,real,real,group_exp,group_exp_02,lightgbm,lightgbm_builtin_gain
num__ce,481.0,0.0322494133422728,solution_chemistry,real,real,group_exp,group_exp_02,lightgbm,lightgbm_builtin_gain
num__rpm,334.0,0.022393563526651,solution_chemistry,real,real,group_exp,group_exp_02,lightgbm,lightgbm_builtin_gain
num__sa,783.0,0.052497485752598,surface_area_porosity,real,real,group_exp,group_exp_02,lightgbm,lightgbm_builtin_gain
num__fg_complexing,15.0,0.0010056989607777,surface_functionality,real,real,group_exp,group_exp_02,lightgbm,lightgbm_builtin_gain
num__fg_polar,7.0,0.0004693261816962,surface_functionality,real,real,group_exp,group_exp_02,lightgbm,lightgbm_builtin_gain
num__fg_any,27.0,0.0018102581293999,surface_functionality,real,real,group_exp,group_exp_02,lightgbm,lightgbm_builtin_gain
num__ags_aged,73.0,0.0048944016091183,aging_state,real,real,group_exp,group_exp_02,lightgbm,lightgbm_builtin_gain
num__ags_virgin,6.0,0.000402279584311,aging_state,real,real,group_exp,group_exp_02,lightgbm,lightgbm_builtin_gain
num__ph_missing,53.0,0.0035534696614146,solution_chemistry,real,real,group_exp,group_exp_02,lightgbm,lightgbm_builtin_gain
num__temp_missing,40.0,0.0026818638954073,solution_chemistry,real,real,group_exp,group_exp_02,lightgbm,lightgbm_builtin_gain
num__rpm_missing,102.0,0.0068387529332886,solution_chemistry,real,real,group_exp,group_exp_02,lightgbm,lightgbm_builtin_gain
num__sa_missing,76.0,0.0050955414012738,surface_area_porosity,real,real,group_exp,group_exp_02,lightgbm,lightgbm_builtin_gain
num__metal_cd,24.0,0.0016091183372443,metal_identity,real,real,group_exp,group_exp_02,lightgbm,lightgbm_builtin_gain
num__metal_cr,17.0,0.0011397921555481,metal_identity,real,real,group_exp,group_exp_02,lightgbm,lightgbm_builtin_gain
num__metal_hg,11.0,0.000737512571237,metal_identity,real,real,group_exp,group_exp_02,lightgbm,lightgbm_builtin_gain
num__ret_other,107.0,0.0071739859202145,polymer_identity,real,real,group_exp,group_exp_02,lightgbm,lightgbm_builtin_gain
num__ret_pa,54.0,0.0036205162587998,polymer_identity,real,real,group_exp,group_exp_02,lightgbm,lightgbm_builtin_gain
num__ret_pe,36.0,0.0024136775058665,polymer_identity,real,real,group_exp,group_exp_02,lightgbm,lightgbm_builtin_gain
num__ret_pet,7.0,0.0004693261816962,polymer_identity,real,real,group_exp,group_exp_02,lightgbm,lightgbm_builtin_gain
num__ret_pla,71.0,0.0047603084143479,polymer_identity,real,real,group_exp,group_exp_02,lightgbm,lightgbm_builtin_gain
num__ret_pp,78.0,0.0052296345960442,polymer_identity,real,real,group_exp,group_exp_02,lightgbm,lightgbm_builtin_gain
num__ret_ps,147.0,0.0098558498156218,polymer_identity,real,real,group_exp,group_exp_02,lightgbm,lightgbm_builtin_gain
num__ret_pvc,17.0,0.0011397921555481,polymer_identity,real,real,group_exp,group_exp_02,lightgbm,lightgbm_builtin_gain
num__ce_log1p,51.0,0.0034193764666443,solution_chemistry,real,real,group_exp,group_exp_02,lightgbm,lightgbm_builtin_gain
num__rpm_log1p,57.0,0.0038216560509554,solution_chemistry,real,real,group_exp,group_exp_02,lightgbm,lightgbm_builtin_gain
num__sa_log1p,269.0,0.0180355346966141,surface_area_porosity,real,real,group_exp,group_exp_02,lightgbm,lightgbm_builtin_gain
num__temp_log1p,48.0,0.0032182366744887,solution_chemistry,real,real,group_exp,group_exp_02,lightgbm,lightgbm_builtin_gain
num__ph_x_temp,129.0,0.0086490110626885,solution_chemistry,real,real,group_exp,group_exp_02,lightgbm,lightgbm_builtin_gain
num__ph_x_ce_log,740.0,0.0496144820650352,solution_chemistry,real,real,group_exp,group_exp_02,lightgbm,lightgbm_builtin_gain
num__temp_x_ce_log,635.0,0.042574589339591,solution_chemistry,real,real,group_exp,group_exp_02,lightgbm,lightgbm_builtin_gain
num__ce_log_x_rpm_log,517.0,0.0346630908481394,solution_chemistry,real,real,group_exp,group_exp_02,lightgbm,lightgbm_builtin_gain
num__ce_over_rpm,683.0,0.0457928260140797,solution_chemistry,real,real,group_exp,group_exp_02,lightgbm,lightgbm_builtin_gain
num__ce_over_sa,787.0,0.0527656721421387,solution_chemistry,real,real,group_exp,group_exp_02,lightgbm,lightgbm_builtin_gain
num__cd_x_ph,174.0,0.0116661079450217,other,real,real,group_exp,group_exp_02,lightgbm,lightgbm_builtin_gain
num__cd_x_ce_log,288.0,0.0193094200469326,other,real,real,group_exp,group_exp_02,lightgbm,lightgbm_builtin_gain
num__cd_x_sa_log,410.0,0.0274891049279249,other,real,real,group_exp,group_exp_02,lightgbm,lightgbm_builtin_gain
num__cr_x_ph,0.0,0.0,other,real,real,group_exp,group_exp_02,lightgbm,lightgbm_builtin_gain
num__cr_x_ce_log,276.0,0.0185048608783104,other,real,real,group_exp,group_exp_02,lightgbm,lightgbm_builtin_gain
num__cr_x_sa_log,298.0,0.0199798860207844,other,real,real,group_exp,group_exp_02,lightgbm,lightgbm_builtin_gain
num__hg_x_ph,160.0,0.0107274555816292,other,real,real,group_exp,group_exp_02,lightgbm,lightgbm_builtin_gain
num__hg_x_ce_log,772.0,0.051759973181361,other,real,real,group_exp,group_exp_02,lightgbm,lightgbm_builtin_gain
num__hg_x_sa_log,26.0,0.0017432115320147,other,real,real,group_exp,group_exp_02,lightgbm,lightgbm_builtin_gain
num__aged_x_fg_any,0.0,0.0,other,real,real,group_exp,group_exp_02,lightgbm,lightgbm_builtin_gain
num__aged_x_fg_complexing,114.0,0.0076433121019108,other,real,real,group_exp,group_exp_02,lightgbm,lightgbm_builtin_gain
num__ret_ps_x_fg_any,10.0,0.0006704659738518,polymer_identity,real,real,group_exp,group_exp_02,lightgbm,lightgbm_builtin_gain
num__ret_pe_x_fg_any,8.0,0.0005363727790814,polymer_identity,real,real,group_exp,group_exp_02,lightgbm,lightgbm_builtin_gain
num__ret_pa_x_fg_any,7.0,0.0004693261816962,polymer_identity,real,real,group_exp,group_exp_02,lightgbm,lightgbm_builtin_gain
num__null_random_normal,1078.0,0.0722762319812269,null_feature,real,random_noise,group_exp,group_exp_02,lightgbm,lightgbm_builtin_gain
num__null_random_uniform,838.0,0.0561850486087831,null_feature,real,random_noise,group_exp,group_exp_02,lightgbm,lightgbm_builtin_gain
num__null_random_binary,127.0,0.0085149178679182,null_feature,real,random_noise,group_exp,group_exp_02,lightgbm,lightgbm_builtin_gain
num__null_perm_ph,728.0,0.048809922896413,null_feature,real,permuted_real,group_exp,group_exp_02,lightgbm,lightgbm_builtin_gain
num__null_perm_ce,832.0,0.055782769024472,null_feature,real,permuted_real,group_exp,group_exp_02,lightgbm,lightgbm_builtin_gain
num__null_study_random_effect,548.0,0.0367415353670801,null_feature,real,group_aware_random,group_exp,group_exp_02,lightgbm,lightgbm_builtin_gain
num__null_exp_random_effect,1539.0,0.1031847133757961,null_feature,real,group_aware_random,group_exp,group_exp_02,lightgbm,lightgbm_builtin_gain
ph,0.0006555595678373,0.0008710633389386,solution_chemistry,real,real,group_exp,group_exp_02,lightgbm,lightgbm_shap
temp,0.003073244785331,0.0040835203929942,solution_chemistry,real,real,group_exp,group_exp_02,lightgbm,lightgbm_shap
ce,0.0137272476529618,0.0182398408347134,solution_chemistry,real,real,group_exp,group_exp_02,lightgbm,lightgbm_shap
rpm,0.0258984036319435,0.0344120520050422,solution_chemistry,real,real,group_exp,group_exp_02,lightgbm,lightgbm_shap
sa,0.0390671424698253,0.0519097839954057,surface_area_porosity,real,real,group_exp,group_exp_02,lightgbm,lightgbm_shap
fg_complexing,0.0022727680076047,0.0030199008396264,surface_functionality,real,real,group_exp,group_exp_02,lightgbm,lightgbm_shap
fg_polar,0.0004105704088969,0.0005455382680524,surface_functionality,real,real,group_exp,group_exp_02,lightgbm,lightgbm_shap
fg_any,0.0041739019913052,0.0055459994534793,surface_functionality,real,real,group_exp,group_exp_02,lightgbm,lightgbm_shap
ags_aged,0.0057853809042967,0.0076872239454203,aging_state,real,real,group_exp,group_exp_02,lightgbm,lightgbm_shap
ags_virgin,0.000142978556377,0.0001899802623966,aging_state,real,real,group_exp,group_exp_02,lightgbm,lightgbm_shap
ph_missing,0.001982992817351,0.0026348671109652,solution_chemistry,real,real,group_exp,group_exp_02,lightgbm,lightgbm_shap
temp_missing,0.0036907026443328,0.004903956751036,solution_chemistry,real,real,group_exp,group_exp_02,lightgbm,lightgbm_shap
rpm_missing,0.0593179429751377,0.0788176818734437,solution_chemistry,real,real,group_exp,group_exp_02,lightgbm,lightgbm_shap
sa_missing,0.0232580559852641,0.030903736132752,surface_area_porosity,real,real,group_exp,group_exp_02,lightgbm,lightgbm_shap
metal_cd,0.0015795596135319,0.002098812279645,metal_identity,real,real,group_exp,group_exp_02,lightgbm,lightgbm_shap
metal_cr,0.0004836008499565,0.0006425761925287,metal_identity,real,real,group_exp,group_exp_02,lightgbm,lightgbm_shap
metal_hg,0.00026928877971,0.0003578127680552,metal_identity,real,real,group_exp,group_exp_02,lightgbm,lightgbm_shap
ret_other,0.0364232581027194,0.0483967687675502,polymer_identity,real,real,group_exp,group_exp_02,lightgbm,lightgbm_shap
ret_pa,0.016777264577606,0.0222924976130509,polymer_identity,real,real,group_exp,group_exp_02,lightgbm,lightgbm_shap
ret_pe,0.0016740461436897,0.0022243596081898,polymer_identity,real,real,group_exp,group_exp_02,lightgbm,lightgbm_shap
ret_pet,0.0002283664740038,0.0003034379682744,polymer_identity,real,real,group_exp,group_exp_02,lightgbm,lightgbm_shap
ret_pla,0.0053516995401559,0.007110977398779,polymer_identity,real,real,group_exp,group_exp_02,lightgbm,lightgbm_shap
ret_pp,0.0485682038982366,0.0645341536138606,polymer_identity,real,real,group_exp,group_exp_02,lightgbm,lightgbm_shap
ret_ps,0.01481576489067,0.0196861891241577,polymer_identity,real,real,group_exp,group_exp_02,lightgbm,lightgbm_shap
ret_pvc,0.000963889697017,0.0012807516189902,polymer_identity,real,real,group_exp,group_exp_02,lightgbm,lightgbm_shap
ce_log1p,0.0044768007568931,0.0059484709039133,solution_chemistry,real,real,group_exp,group_exp_02,lightgbm,lightgbm_shap
rpm_log1p,0.0025439498412706,0.0033802289700994,solution_chemistry,real,real,group_exp,group_exp_02,lightgbm,lightgbm_shap
sa_log1p,0.0048633851285993,0.0064621381435065,surface_area_porosity,real,real,group_exp,group_exp_02,lightgbm,lightgbm_shap
temp_log1p,0.002364434960974,0.0031417017047035,solution_chemistry,real,real,group_exp,group_exp_02,lightgbm,lightgbm_shap
ph_x_temp,0.0014198810278166,0.001886642144612,solution_chemistry,real,real,group_exp,group_exp_02,lightgbm,lightgbm_shap
ph_x_ce_log,0.0258894544404995,0.0344001609230376,solution_chemistry,real,real,group_exp,group_exp_02,lightgbm,lightgbm_shap
temp_x_ce_log,0.0665974770000606,0.0884902357110534,solution_chemistry,real,real,group_exp,group_exp_02,lightgbm,lightgbm_shap
ce_log_x_rpm_log,0.0315944923343891,0.0419806304950354,solution_chemistry,real,real,group_exp,group_exp_02,lightgbm,lightgbm_shap
ce_over_rpm,0.0128696780722073,0.0171003602153572,solution_chemistry,real,real,group_exp,group_exp_02,lightgbm,lightgbm_shap
ce_over_sa,0.0281308178203169,0.0373783334113735,solution_chemistry,real,real,group_exp,group_exp_02,lightgbm,lightgbm_shap
cd_x_ph,0.0075766462961141,0.0100673365845647,other,real,real,group_exp,group_exp_02,lightgbm,lightgbm_shap
cd_x_ce_log,0.0049087706061107,0.0065224433049593,other,real,real,group_exp,group_exp_02,lightgbm,lightgbm_shap
cd_x_sa_log,0.0080123609981918,0.0106462848935163,other,real,real,group_exp,group_exp_02,lightgbm,lightgbm_shap
cr_x_ph,0.0,0.0,other,real,real,group_exp,group_exp_02,lightgbm,lightgbm_shap
cr_x_ce_log,0.0214337101274386,0.0284796684015178,other,real,real,group_exp,group_exp_02,lightgbm,lightgbm_shap
cr_x_sa_log,0.0051396488648503,0.0068292187633811,other,real,real,group_exp,group_exp_02,lightgbm,lightgbm_shap
hg_x_ph,0.0063392715875687,0.0084231965276978,other,real,real,group_exp,group_exp_02,lightgbm,lightgbm_shap
hg_x_ce_log,0.0430170015626141,0.0571580903561108,other,real,real,group_exp,group_exp_02,lightgbm,lightgbm_shap
hg_x_sa_log,0.0003140817094727,0.0004173305920245,other,real,real,group_exp,group_exp_02,lightgbm,lightgbm_shap
aged_x_fg_any,0.0,0.0,other,real,real,group_exp,group_exp_02,lightgbm,lightgbm_shap
aged_x_fg_complexing,0.0521063821540578,0.0692354462445868,other,real,real,group_exp,group_exp_02,lightgbm,lightgbm_shap
ret_ps_x_fg_any,0.0019239489144889,0.0025564135551111,polymer_identity,real,real,group_exp,group_exp_02,lightgbm,lightgbm_shap
ret_pe_x_fg_any,0.0001699128793324,0.0002257687741302,polymer_identity,real,real,group_exp,group_exp_02,lightgbm,lightgbm_shap
ret_pa_x_fg_any,0.0012989555616661,0.0017259645411178,polymer_identity,real,real,group_exp,group_exp_02,lightgbm,lightgbm_shap
null_random_normal,0.0049171948045979,0.0065336368117314,null_feature,,random_noise,group_exp,group_exp_02,lightgbm,lightgbm_shap
null_random_uniform,0.0047124080563875,0.0062615299927356,null_feature,,random_noise,group_exp,group_exp_02,lightgbm,lightgbm_shap
null_random_binary,0.0011049043651491,0.0014681223991433,null_feature,,random_noise,group_exp,group_exp_02,lightgbm,lightgbm_shap
null_perm_ph,0.0040416068308013,0.0053702145669676,null_feature,,permuted_real,group_exp,group_exp_02,lightgbm,lightgbm_shap
null_perm_ce,0.0057198420511554,0.0076001403376929,null_feature,,permuted_real,group_exp,group_exp_02,lightgbm,lightgbm_shap
null_study_random_effect,0.0472478536312656,0.0627797612313187,null_feature,,group_aware_random,group_exp,group_exp_02,lightgbm,lightgbm_shap
null_exp_random_effect,0.0412701917871669,0.0548370473416502,null_feature,,group_aware_random,group_exp,group_exp_02,lightgbm,lightgbm_shap
num__ph,0.0001221228726732,0.0044209868488564,solution_chemistry,real,real,group_exp,group_exp_03,elastic_net,elastic_net_coef
num__temp,0.0045066119392965,0.1631444763819486,solution_chemistry,real,real,group_exp,group_exp_03,elastic_net,elastic_net_coef
num__ce,0.0,0.0,solution_chemistry,real,real,group_exp,group_exp_03,elastic_net,elastic_net_coef
num__rpm,0.0,0.0,solution_chemistry,real,real,group_exp,group_exp_03,elastic_net,elastic_net_coef
num__sa,0.0,0.0,surface_area_porosity,real,real,group_exp,group_exp_03,elastic_net,elastic_net_coef
num__fg_complexing,0.0,0.0,surface_functionality,real,real,group_exp,group_exp_03,elastic_net,elastic_net_coef
num__fg_polar,0.0,0.0,surface_functionality,real,real,group_exp,group_exp_03,elastic_net,elastic_net_coef
num__fg_any,0.0,0.0,surface_functionality,real,real,group_exp,group_exp_03,elastic_net,elastic_net_coef
num__ags_aged,0.0,0.0,aging_state,real,real,group_exp,group_exp_03,elastic_net,elastic_net_coef
num__ags_virgin,0.0,0.0,aging_state,real,real,group_exp,group_exp_03,elastic_net,elastic_net_coef
num__ph_missing,0.0,0.0,solution_chemistry,real,real,group_exp,group_exp_03,elastic_net,elastic_net_coef
num__temp_missing,0.0,0.0,solution_chemistry,real,real,group_exp,group_exp_03,elastic_net,elastic_net_coef
num__rpm_missing,0.0,0.0,solution_chemistry,real,real,group_exp,group_exp_03,elastic_net,elastic_net_coef
num__sa_missing,0.0,0.0,surface_area_porosity,real,real,group_exp,group_exp_03,elastic_net,elastic_net_coef
num__metal_cd,0.0,0.0,metal_identity,real,real,group_exp,group_exp_03,elastic_net,elastic_net_coef
num__metal_cr,0.0,0.0,metal_identity,real,real,group_exp,group_exp_03,elastic_net,elastic_net_coef
num__metal_hg,0.0,0.0,metal_identity,real,real,group_exp,group_exp_03,elastic_net,elastic_net_coef
num__ret_other,0.0,0.0,polymer_identity,real,real,group_exp,group_exp_03,elastic_net,elastic_net_coef
num__ret_pa,0.0,0.0,polymer_identity,real,real,group_exp,group_exp_03,elastic_net,elastic_net_coef
num__ret_pe,0.0,0.0,polymer_identity,real,real,group_exp,group_exp_03,elastic_net,elastic_net_coef
num__ret_pet,0.0,0.0,polymer_identity,real,real,group_exp,group_exp_03,elastic_net,elastic_net_coef
num__ret_pla,0.0,0.0,polymer_identity,real,real,group_exp,group_exp_03,elastic_net,elastic_net_coef
num__ret_pp,0.0,0.0,polymer_identity,real,real,group_exp,group_exp_03,elastic_net,elastic_net_coef
num__ret_ps,0.0,0.0,polymer_identity,real,real,group_exp,group_exp_03,elastic_net,elastic_net_coef
num__ret_pvc,0.0,0.0,polymer_identity,real,real,group_exp,group_exp_03,elastic_net,elastic_net_coef
num__ce_log1p,0.0,0.0,solution_chemistry,real,real,group_exp,group_exp_03,elastic_net,elastic_net_coef
num__rpm_log1p,0.0,0.0,solution_chemistry,real,real,group_exp,group_exp_03,elastic_net,elastic_net_coef
num__sa_log1p,0.0,0.0,surface_area_porosity,real,real,group_exp,group_exp_03,elastic_net,elastic_net_coef
num__temp_log1p,0.0,0.0,solution_chemistry,real,real,group_exp,group_exp_03,elastic_net,elastic_net_coef
num__ph_x_temp,0.0,0.0,solution_chemistry,real,real,group_exp,group_exp_03,elastic_net,elastic_net_coef
num__ph_x_ce_log,0.0,0.0,solution_chemistry,real,real,group_exp,group_exp_03,elastic_net,elastic_net_coef
num__temp_x_ce_log,0.0,0.0,solution_chemistry,real,real,group_exp,group_exp_03,elastic_net,elastic_net_coef
num__ce_log_x_rpm_log,0.0,0.0,solution_chemistry,real,real,group_exp,group_exp_03,elastic_net,elastic_net_coef
num__ce_over_rpm,0.0229947069326701,0.8324345367691949,solution_chemistry,real,real,group_exp,group_exp_03,elastic_net,elastic_net_coef
num__ce_over_sa,0.0,0.0,solution_chemistry,real,real,group_exp,group_exp_03,elastic_net,elastic_net_coef
num__cd_x_ph,0.0,0.0,other,real,real,group_exp,group_exp_03,elastic_net,elastic_net_coef
num__cd_x_ce_log,0.0,0.0,other,real,real,group_exp,group_exp_03,elastic_net,elastic_net_coef
num__cd_x_sa_log,0.0,0.0,other,real,real,group_exp,group_exp_03,elastic_net,elastic_net_coef
num__cr_x_ph,0.0,0.0,other,real,real,group_exp,group_exp_03,elastic_net,elastic_net_coef
num__cr_x_ce_log,0.0,0.0,other,real,real,group_exp,group_exp_03,elastic_net,elastic_net_coef
num__cr_x_sa_log,0.0,0.0,other,real,real,group_exp,group_exp_03,elastic_net,elastic_net_coef
num__hg_x_ph,0.0,0.0,other,real,real,group_exp,group_exp_03,elastic_net,elastic_net_coef
num__hg_x_ce_log,0.0,0.0,other,real,real,group_exp,group_exp_03,elastic_net,elastic_net_coef
num__hg_x_sa_log,0.0,0.0,other,real,real,group_exp,group_exp_03,elastic_net,elastic_net_coef
num__aged_x_fg_any,0.0,0.0,other,real,real,group_exp,group_exp_03,elastic_net,elastic_net_coef
num__aged_x_fg_complexing,0.0,0.0,other,real,real,group_exp,group_exp_03,elastic_net,elastic_net_coef
num__ret_ps_x_fg_any,0.0,0.0,polymer_identity,real,real,group_exp,group_exp_03,elastic_net,elastic_net_coef
num__ret_pe_x_fg_any,0.0,0.0,polymer_identity,real,real,group_exp,group_exp_03,elastic_net,elastic_net_coef
num__ret_pa_x_fg_any,0.0,0.0,polymer_identity,real,real,group_exp,group_exp_03,elastic_net,elastic_net_coef
num__null_random_normal,0.0,0.0,null_feature,real,random_noise,group_exp,group_exp_03,elastic_net,elastic_net_coef
num__null_random_uniform,0.0,0.0,null_feature,real,random_noise,group_exp,group_exp_03,elastic_net,elastic_net_coef
num__null_random_binary,0.0,0.0,null_feature,real,random_noise,group_exp,group_exp_03,elastic_net,elastic_net_coef
num__null_perm_ph,0.0,0.0,null_feature,real,permuted_real,group_exp,group_exp_03,elastic_net,elastic_net_coef
num__null_perm_ce,0.0,0.0,null_feature,real,permuted_real,group_exp,group_exp_03,elastic_net,elastic_net_coef
num__null_study_random_effect,0.0,0.0,null_feature,real,group_aware_random,group_exp,group_exp_03,elastic_net,elastic_net_coef
num__null_exp_random_effect,0.0,0.0,null_feature,real,group_aware_random,group_exp,group_exp_03,elastic_net,elastic_net_coef
ph,6.047196987954973e-05,0.0114353482603393,solution_chemistry,real,real,group_exp,group_exp_03,elastic_net,elastic_net_permutation
temp,0.0020184435982874,0.3816909807344577,solution_chemistry,real,real,group_exp,group_exp_03,elastic_net,elastic_net_permutation
ce,0.0004804601624893,0.0908558013610073,solution_chemistry,real,real,group_exp,group_exp_03,elastic_net,elastic_net_permutation
rpm,0.0,0.0,solution_chemistry,real,real,group_exp,group_exp_03,elastic_net,elastic_net_permutation
sa,4.830647816074229e-05,0.0091348339089806,surface_area_porosity,real,real,group_exp,group_exp_03,elastic_net,elastic_net_permutation
fg_complexing,0.0,0.0,surface_functionality,real,real,group_exp,group_exp_03,elastic_net,elastic_net_permutation
fg_polar,0.0,0.0,surface_functionality,real,real,group_exp,group_exp_03,elastic_net,elastic_net_permutation
fg_any,0.0,0.0,surface_functionality,real,real,group_exp,group_exp_03,elastic_net,elastic_net_permutation
ags_aged,0.0,0.0,aging_state,real,real,group_exp,group_exp_03,elastic_net,elastic_net_permutation
ags_virgin,0.0,0.0,aging_state,real,real,group_exp,group_exp_03,elastic_net,elastic_net_permutation
ph_missing,1.1892489117482086e-06,0.000224888911361,solution_chemistry,real,real,group_exp,group_exp_03,elastic_net,elastic_net_permutation
temp_missing,9.55176307728678e-06,0.0018062539967953,solution_chemistry,real,real,group_exp,group_exp_03,elastic_net,elastic_net_permutation
rpm_missing,8.607895682022359e-07,0.0001627767130931,solution_chemistry,real,real,group_exp,group_exp_03,elastic_net,elastic_net_permutation
sa_missing,4.383680124420142e-05,0.0082896107046819,surface_area_porosity,real,real,group_exp,group_exp_03,elastic_net,elastic_net_permutation
metal_cd,3.056539273129655e-05,0.0057799656814987,metal_identity,real,real,group_exp,group_exp_03,elastic_net,elastic_net_permutation
metal_cr,0.0,0.0,metal_identity,real,real,group_exp,group_exp_03,elastic_net,elastic_net_permutation
metal_hg,0.0,0.0,metal_identity,real,real,group_exp,group_exp_03,elastic_net,elastic_net_permutation
ret_other,0.0,0.0,polymer_identity,real,real,group_exp,group_exp_03,elastic_net,elastic_net_permutation
ret_pa,4.963624556175716e-06,0.0009386295096141,polymer_identity,real,real,group_exp,group_exp_03,elastic_net,elastic_net_permutation
ret_pe,0.0,0.0,polymer_identity,real,real,group_exp,group_exp_03,elastic_net,elastic_net_permutation
ret_pet,0.0,0.0,polymer_identity,real,real,group_exp,group_exp_03,elastic_net,elastic_net_permutation
ret_pla,1.1084040245856742e-06,0.0002096010111717,polymer_identity,real,real,group_exp,group_exp_03,elastic_net,elastic_net_permutation
ret_pp,0.0,0.0,polymer_identity,real,real,group_exp,group_exp_03,elastic_net,elastic_net_permutation
ret_ps,2.5920195325657147e-06,0.000490155126607,polymer_identity,real,real,group_exp,group_exp_03,elastic_net,elastic_net_permutation
ret_pvc,2.650584723751237e-06,0.0005012298999024,polymer_identity,real,real,group_exp,group_exp_03,elastic_net,elastic_net_permutation
ce_log1p,2.31539265337144e-05,0.004378445319951,solution_chemistry,real,real,group_exp,group_exp_03,elastic_net,elastic_net_permutation
rpm_log1p,0.0,0.0,solution_chemistry,real,real,group_exp,group_exp_03,elastic_net,elastic_net_permutation
sa_log1p,7.347391527656732e-06,0.0013894037368251,surface_area_porosity,real,real,group_exp,group_exp_03,elastic_net,elastic_net_permutation
temp_log1p,2.2222015236073035e-05,0.0042022193716728,solution_chemistry,real,real,group_exp,group_exp_03,elastic_net,elastic_net_permutation
ph_x_temp,5.0641979803511815e-05,0.0095764810837106,solution_chemistry,real,real,group_exp,group_exp_03,elastic_net,elastic_net_permutation
ph_x_ce_log,1.3467435075997792e-05,0.0025467139663929,solution_chemistry,real,real,group_exp,group_exp_03,elastic_net,elastic_net_permutation
temp_x_ce_log,0.0008888088090406,0.1680751972935851,solution_chemistry,real,real,group_exp,group_exp_03,elastic_net,elastic_net_permutation
ce_log_x_rpm_log,0.000518815052772,0.0981087737504241,solution_chemistry,real,real,group_exp,group_exp_03,elastic_net,elastic_net_permutation
ce_over_rpm,0.000884160454554,0.1671961858689935,solution_chemistry,real,real,group_exp,group_exp_03,elastic_net,elastic_net_permutation
ce_over_sa,2.9940421816876395e-05,0.0056617826609486,solution_chemistry,real,real,group_exp,group_exp_03,elastic_net,elastic_net_permutation
cd_x_ph,0.0,0.0,other,real,real,group_exp,group_exp_03,elastic_net,elastic_net_permutation
cd_x_ce_log,6.315065257611607e-06,0.0011941891532787,other,real,real,group_exp,group_exp_03,elastic_net,elastic_net_permutation
cd_x_sa_log,1.2814733611921092e-05,0.0024232870536164,other,real,real,group_exp,group_exp_03,elastic_net,elastic_net_permutation
cr_x_ph,1.2358627925035393e-06,0.0002337036723365,other,real,real,group_exp,group_exp_03,elastic_net,elastic_net_permutation
cr_x_ce_log,0.0,0.0,other,real,real,group_exp,group_exp_03,elastic_net,elastic_net_permutation
cr_x_sa_log,0.0,0.0,other,real,real,group_exp,group_exp_03,elastic_net,elastic_net_permutation
hg_x_ph,0.0,0.0,other,real,real,group_exp,group_exp_03,elastic_net,elastic_net_permutation
hg_x_ce_log,7.223751823826063e-07,0.0001366023266916,other,real,real,group_exp,group_exp_03,elastic_net,elastic_net_permutation
hg_x_sa_log,4.369625765865415e-06,0.0008263033683134,other,real,real,group_exp,group_exp_03,elastic_net,elastic_net_permutation
aged_x_fg_any,0.0,0.0,other,real,real,group_exp,group_exp_03,elastic_net,elastic_net_permutation
aged_x_fg_complexing,0.0,0.0,other,real,real,group_exp,group_exp_03,elastic_net,elastic_net_permutation
ret_ps_x_fg_any,2.592591790584464e-06,0.0004902633415329,polymer_identity,real,real,group_exp,group_exp_03,elastic_net,elastic_net_permutation
ret_pe_x_fg_any,0.0,0.0,polymer_identity,real,real,group_exp,group_exp_03,elastic_net,elastic_net_permutation
ret_pa_x_fg_any,4.963624556175716e-06,0.0009386295096141,polymer_identity,real,real,group_exp,group_exp_03,elastic_net,elastic_net_permutation
null_random_normal,4.281359506992377e-05,0.0080961207461391,null_feature,,random_noise,group_exp,group_exp_03,elastic_net,elastic_net_permutation
null_random_uniform,0.0,0.0,null_feature,,random_noise,group_exp,group_exp_03,elastic_net,elastic_net_permutation
null_random_binary,6.411856918253633e-06,0.0012124926143755,null_feature,,random_noise,group_exp,group_exp_03,elastic_net,elastic_net_permutation
null_perm_ph,2.670062769616344e-05,0.0050491323018492,null_feature,,permuted_real,group_exp,group_exp_03,elastic_net,elastic_net_permutation
null_perm_ce,0.0,0.0,null_feature,,permuted_real,group_exp,group_exp_03,elastic_net,elastic_net_permutation
null_study_random_effect,3.293863113624784e-05,0.0062287489395848,null_feature,,group_aware_random,group_exp,group_exp_03,elastic_net,elastic_net_permutation
null_exp_random_effect,2.724715235058461e-06,0.0005152481006523,null_feature,,group_aware_random,group_exp,group_exp_03,elastic_net,elastic_net_permutation
ph,0.0002605009286913,6.96040004976769e-05,solution_chemistry,real,real,group_exp,group_exp_03,lightgbm,lightgbm_permutation
temp,0.0075967687549361,0.0020298027299007,solution_chemistry,real,real,group_exp,group_exp_03,lightgbm,lightgbm_permutation
ce,0.1606598525863936,0.0429271731028308,solution_chemistry,real,real,group_exp,group_exp_03,lightgbm,lightgbm_permutation
rpm,0.2651554462520117,0.0708476545769123,solution_chemistry,real,real,group_exp,group_exp_03,lightgbm,lightgbm_permutation
sa,0.1418243700425517,0.037894465761088,surface_area_porosity,real,real,group_exp,group_exp_03,lightgbm,lightgbm_permutation
fg_complexing,0.0016992211677259,0.0004540198439914,surface_functionality,real,real,group_exp,group_exp_03,lightgbm,lightgbm_permutation
fg_polar,0.0,0.0,surface_functionality,real,real,group_exp,group_exp_03,lightgbm,lightgbm_permutation
fg_any,0.0,0.0,surface_functionality,real,real,group_exp,group_exp_03,lightgbm,lightgbm_permutation
ags_aged,0.0234747724341906,0.0062722926954646,aging_state,real,real,group_exp,group_exp_03,lightgbm,lightgbm_permutation
ags_virgin,0.0003440624558326,9.193104787502791e-05,aging_state,real,real,group_exp,group_exp_03,lightgbm,lightgbm_permutation
ph_missing,0.0006915111842998,0.0001847668837802,solution_chemistry,real,real,group_exp,group_exp_03,lightgbm,lightgbm_permutation
temp_missing,0.0,0.0,solution_chemistry,real,real,group_exp,group_exp_03,lightgbm,lightgbm_permutation
rpm_missing,0.635454645922862,0.1697889743167795,solution_chemistry,real,real,group_exp,group_exp_03,lightgbm,lightgbm_permutation
sa_missing,0.0337517167546895,0.0090182193268673,surface_area_porosity,real,real,group_exp,group_exp_03,lightgbm,lightgbm_permutation
metal_cd,0.0258194471429156,0.0068987731476183,metal_identity,real,real,group_exp,group_exp_03,lightgbm,lightgbm_permutation
metal_cr,0.0049413598664077,0.0013202963088404,metal_identity,real,real,group_exp,group_exp_03,lightgbm,lightgbm_permutation
metal_hg,0.0,0.0,metal_identity,real,real,group_exp,group_exp_03,lightgbm,lightgbm_permutation
ret_other,0.0,0.0,polymer_identity,real,real,group_exp,group_exp_03,lightgbm,lightgbm_permutation
ret_pa,0.0,0.0,polymer_identity,real,real,group_exp,group_exp_03,lightgbm,lightgbm_permutation
ret_pe,0.0,0.0,polymer_identity,real,real,group_exp,group_exp_03,lightgbm,lightgbm_permutation
ret_pet,0.0,0.0,polymer_identity,real,real,group_exp,group_exp_03,lightgbm,lightgbm_permutation
ret_pla,0.0187551460687925,0.0050112420054101,polymer_identity,real,real,group_exp,group_exp_03,lightgbm,lightgbm_permutation
ret_pp,0.146669166804301,0.0391889610932546,polymer_identity,real,real,group_exp,group_exp_03,lightgbm,lightgbm_permutation
ret_ps,0.0059429484035282,0.0015879136620162,polymer_identity,real,real,group_exp,group_exp_03,lightgbm,lightgbm_permutation
ret_pvc,6.929557471410663e-05,1.8515286072561285e-05,polymer_identity,real,real,group_exp,group_exp_03,lightgbm,lightgbm_permutation
ce_log1p,0.0072749649967598,0.0019438190481658,solution_chemistry,real,real,group_exp,group_exp_03,lightgbm,lightgbm_permutation
rpm_log1p,0.060718664034962,0.0162235963723409,solution_chemistry,real,real,group_exp,group_exp_03,lightgbm,lightgbm_permutation
sa_log1p,0.0183350183474098,0.0048989868580864,surface_area_porosity,real,real,group_exp,group_exp_03,lightgbm,lightgbm_permutation
temp_log1p,0.0001487587993316,3.97472960834716e-05,solution_chemistry,real,real,group_exp,group_exp_03,lightgbm,lightgbm_permutation
ph_x_temp,0.0075604545849331,0.0020200998412406,solution_chemistry,real,real,group_exp,group_exp_03,lightgbm,lightgbm_permutation
ph_x_ce_log,0.0157801529803534,0.0042163449528407,solution_chemistry,real,real,group_exp,group_exp_03,lightgbm,lightgbm_permutation
temp_x_ce_log,0.1452030184970971,0.0387972166644843,solution_chemistry,real,real,group_exp,group_exp_03,lightgbm,lightgbm_permutation
ce_log_x_rpm_log,0.1076835164243212,0.0287722718243042,solution_chemistry,real,real,group_exp,group_exp_03,lightgbm,lightgbm_permutation
ce_over_rpm,0.0164808765169899,0.0044035733118251,solution_chemistry,real,real,group_exp,group_exp_03,lightgbm,lightgbm_permutation
ce_over_sa,0.0859091031081891,0.0229543030250888,solution_chemistry,real,real,group_exp,group_exp_03,lightgbm,lightgbm_permutation
cd_x_ph,0.0225683328166012,0.0060300984587271,other,real,real,group_exp,group_exp_03,lightgbm,lightgbm_permutation
cd_x_ce_log,0.0064082041084688,0.0017122266864684,other,real,real,group_exp,group_exp_03,lightgbm,lightgbm_permutation
cd_x_sa_log,0.0244016520241425,0.0065199483478433,other,real,real,group_exp,group_exp_03,lightgbm,lightgbm_permutation
cr_x_ph,0.0,0.0,other,real,real,group_exp,group_exp_03,lightgbm,lightgbm_permutation
cr_x_ce_log,0.1343597040450446,0.0358999599510103,other,real,real,group_exp,group_exp_03,lightgbm,lightgbm_permutation
cr_x_sa_log,0.0030471904432438,0.0008141876737007,other,real,real,group_exp,group_exp_03,lightgbm,lightgbm_permutation
hg_x_ph,0.0,0.0,other,real,real,group_exp,group_exp_03,lightgbm,lightgbm_permutation
hg_x_ce_log,0.7307871807688813,0.19526115146487,other,real,real,group_exp,group_exp_03,lightgbm,lightgbm_permutation
hg_x_sa_log,0.0,0.0,other,real,real,group_exp,group_exp_03,lightgbm,lightgbm_permutation
aged_x_fg_any,0.0003491177709215,9.32817922110554e-05,other,real,real,group_exp,group_exp_03,lightgbm,lightgbm_permutation
aged_x_fg_complexing,0.4800288026800663,0.1282602913874265,other,real,real,group_exp,group_exp_03,lightgbm,lightgbm_permutation
ret_ps_x_fg_any,0.0034117014534328,0.0009115824302648,polymer_identity,real,real,group_exp,group_exp_03,lightgbm,lightgbm_permutation
ret_pe_x_fg_any,0.0939713145427351,0.0251084687377473,polymer_identity,real,real,group_exp,group_exp_03,lightgbm,lightgbm_permutation
ret_pa_x_fg_any,0.0003398929502164,9.0816985547311e-05,polymer_identity,real,real,group_exp,group_exp_03,lightgbm,lightgbm_permutation
null_random_normal,0.0247437894440046,0.0066113650397606,null_feature,,random_noise,group_exp,group_exp_03,lightgbm,lightgbm_permutation
null_random_uniform,0.0148670847369172,0.0039723795942917,null_feature,,random_noise,group_exp,group_exp_03,lightgbm,lightgbm_permutation
null_random_binary,0.0,0.0,null_feature,,random_noise,group_exp,group_exp_03,lightgbm,lightgbm_permutation
null_perm_ph,0.0,0.0,null_feature,,permuted_real,group_exp,group_exp_03,lightgbm,lightgbm_permutation
null_perm_ce,0.0122976383850454,0.0032858417533215,null_feature,,permuted_real,group_exp,group_exp_03,lightgbm,lightgbm_permutation
null_study_random_effect,0.1646966454367021,0.0440057755207701,null_feature,,group_aware_random,group_exp,group_exp_03,lightgbm,lightgbm_permutation
null_exp_random_effect,0.0881313034399096,0.0235480591923779,null_feature,,group_aware_random,group_exp,group_exp_03,lightgbm,lightgbm_permutation
num__ph,62.0,0.0041560530902265,solution_chemistry,real,real,group_exp,group_exp_03,lightgbm,lightgbm_builtin_gain
num__temp,163.0,0.0109263976404343,solution_chemistry,real,real,group_exp,group_exp_03,lightgbm,lightgbm_builtin_gain
num__ce,568.0,0.038074808955624,solution_chemistry,real,real,group_exp,group_exp_03,lightgbm,lightgbm_builtin_gain
num__rpm,321.0,0.0215176297090762,solution_chemistry,real,real,group_exp,group_exp_03,lightgbm,lightgbm_builtin_gain
num__sa,521.0,0.0349242525807749,surface_area_porosity,real,real,group_exp,group_exp_03,lightgbm,lightgbm_builtin_gain
num__fg_complexing,12.0,0.0008043973723019,surface_functionality,real,real,group_exp,group_exp_03,lightgbm,lightgbm_builtin_gain
num__fg_polar,18.0,0.0012065960584528,surface_functionality,real,real,group_exp,group_exp_03,lightgbm,lightgbm_builtin_gain
num__fg_any,2.0,0.0001340662287169,surface_functionality,real,real,group_exp,group_exp_03,lightgbm,lightgbm_builtin_gain
num__ags_aged,106.0,0.0071055101220002,aging_state,real,real,group_exp,group_exp_03,lightgbm,lightgbm_builtin_gain
num__ags_virgin,6.0,0.0004021986861509,aging_state,real,real,group_exp,group_exp_03,lightgbm,lightgbm_builtin_gain
num__ph_missing,44.0,0.0029494570317736,solution_chemistry,real,real,group_exp,group_exp_03,lightgbm,lightgbm_builtin_gain
num__temp_missing,80.0,0.0053626491486794,solution_chemistry,real,real,group_exp,group_exp_03,lightgbm,lightgbm_builtin_gain
num__rpm_missing,192.0,0.0128703579568306,solution_chemistry,real,real,group_exp,group_exp_03,lightgbm,lightgbm_builtin_gain
num__sa_missing,54.0,0.0036197881753586,surface_area_porosity,real,real,group_exp,group_exp_03,lightgbm,lightgbm_builtin_gain
num__metal_cd,53.0,0.0035527550610001,metal_identity,real,real,group_exp,group_exp_03,lightgbm,lightgbm_builtin_gain
num__metal_cr,21.0,0.0014076954015283,metal_identity,real,real,group_exp,group_exp_03,lightgbm,lightgbm_builtin_gain
num__metal_hg,30.0,0.0020109934307547,metal_identity,real,real,group_exp,group_exp_03,lightgbm,lightgbm_builtin_gain
num__ret_other,205.0,0.013741788443491,polymer_identity,real,real,group_exp,group_exp_03,lightgbm,lightgbm_builtin_gain
num__ret_pa,101.0,0.0067703445502078,polymer_identity,real,real,group_exp,group_exp_03,lightgbm,lightgbm_builtin_gain
num__ret_pe,10.0,0.0006703311435849,polymer_identity,real,real,group_exp,group_exp_03,lightgbm,lightgbm_builtin_gain
num__ret_pet,9.0,0.0006032980292264,polymer_identity,real,real,group_exp,group_exp_03,lightgbm,lightgbm_builtin_gain
num__ret_pla,205.0,0.013741788443491,polymer_identity,real,real,group_exp,group_exp_03,lightgbm,lightgbm_builtin_gain
num__ret_pp,55.0,0.0036868212897171,polymer_identity,real,real,group_exp,group_exp_03,lightgbm,lightgbm_builtin_gain
num__ret_ps,103.0,0.0069044107789247,polymer_identity,real,real,group_exp,group_exp_03,lightgbm,lightgbm_builtin_gain
num__ret_pvc,3.0,0.0002010993430754,polymer_identity,real,real,group_exp,group_exp_03,lightgbm,lightgbm_builtin_gain
num__ce_log1p,55.0,0.0036868212897171,solution_chemistry,real,real,group_exp,group_exp_03,lightgbm,lightgbm_builtin_gain
num__rpm_log1p,55.0,0.0036868212897171,solution_chemistry,real,real,group_exp,group_exp_03,lightgbm,lightgbm_builtin_gain
num__sa_log1p,256.0,0.0171604772757742,surface_area_porosity,real,real,group_exp,group_exp_03,lightgbm,lightgbm_builtin_gain
num__temp_log1p,19.0,0.0012736291728113,solution_chemistry,real,real,group_exp,group_exp_03,lightgbm,lightgbm_builtin_gain
num__ph_x_temp,64.0,0.0042901193189435,solution_chemistry,real,real,group_exp,group_exp_03,lightgbm,lightgbm_builtin_gain
num__ph_x_ce_log,885.0,0.0593243062072663,solution_chemistry,real,real,group_exp,group_exp_03,lightgbm,lightgbm_builtin_gain
num__temp_x_ce_log,723.0,0.0484649416811905,solution_chemistry,real,real,group_exp,group_exp_03,lightgbm,lightgbm_builtin_gain
num__ce_log_x_rpm_log,534.0,0.0357956830674353,solution_chemistry,real,real,group_exp,group_exp_03,lightgbm,lightgbm_builtin_gain
num__ce_over_rpm,612.0,0.0410242659873977,solution_chemistry,real,real,group_exp,group_exp_03,lightgbm,lightgbm_builtin_gain
num__ce_over_sa,839.0,0.0562407829467757,solution_chemistry,real,real,group_exp,group_exp_03,lightgbm,lightgbm_builtin_gain
num__cd_x_ph,179.0,0.0119989274701702,other,real,real,group_exp,group_exp_03,lightgbm,lightgbm_builtin_gain
num__cd_x_ce_log,273.0,0.0183000402198686,other,real,real,group_exp,group_exp_03,lightgbm,lightgbm_builtin_gain
num__cd_x_sa_log,346.0,0.0231934575680386,other,real,real,group_exp,group_exp_03,lightgbm,lightgbm_builtin_gain
num__cr_x_ph,0.0,0.0,other,real,real,group_exp,group_exp_03,lightgbm,lightgbm_builtin_gain
num__cr_x_ce_log,375.0,0.0251374178844349,other,real,real,group_exp,group_exp_03,lightgbm,lightgbm_builtin_gain
num__cr_x_sa_log,331.0,0.0221879608526612,other,real,real,group_exp,group_exp_03,lightgbm,lightgbm_builtin_gain
num__hg_x_ph,126.0,0.0084461724091701,other,real,real,group_exp,group_exp_03,lightgbm,lightgbm_builtin_gain
num__hg_x_ce_log,759.0,0.0508781337980962,other,real,real,group_exp,group_exp_03,lightgbm,lightgbm_builtin_gain
num__hg_x_sa_log,46.0,0.0030835232604906,other,real,real,group_exp,group_exp_03,lightgbm,lightgbm_builtin_gain
num__aged_x_fg_any,0.0,0.0,other,real,real,group_exp,group_exp_03,lightgbm,lightgbm_builtin_gain
num__aged_x_fg_complexing,121.0,0.0081110068373776,other,real,real,group_exp,group_exp_03,lightgbm,lightgbm_builtin_gain
num__ret_ps_x_fg_any,32.0,0.0021450596594717,polymer_identity,real,real,group_exp,group_exp_03,lightgbm,lightgbm_builtin_gain
num__ret_pe_x_fg_any,30.0,0.0020109934307547,polymer_identity,real,real,group_exp,group_exp_03,lightgbm,lightgbm_builtin_gain
num__ret_pa_x_fg_any,12.0,0.0008043973723019,polymer_identity,real,real,group_exp,group_exp_03,lightgbm,lightgbm_builtin_gain
num__null_random_normal,1023.0,0.0685748759887384,null_feature,real,random_noise,group_exp,group_exp_03,lightgbm,lightgbm_builtin_gain
num__null_random_uniform,901.0,0.0603968360370022,null_feature,real,random_noise,group_exp,group_exp_03,lightgbm,lightgbm_builtin_gain
num__null_random_binary,113.0,0.0075747419225097,null_feature,real,random_noise,group_exp,group_exp_03,lightgbm,lightgbm_builtin_gain
num__null_perm_ph,673.0,0.0451132859632658,null_feature,real,permuted_real,group_exp,group_exp_03,lightgbm,lightgbm_builtin_gain
num__null_perm_ce,844.0,0.0565759485185681,null_feature,real,permuted_real,group_exp,group_exp_03,lightgbm,lightgbm_builtin_gain
num__null_study_random_effect,481.0,0.0322429280064351,null_feature,real,group_aware_random,group_exp,group_exp_03,lightgbm,lightgbm_builtin_gain
num__null_exp_random_effect,1267.0,0.0849309558922107,null_feature,real,group_aware_random,group_exp,group_exp_03,lightgbm,lightgbm_builtin_gain
ph,0.0018898388376466,0.002450789834109,solution_chemistry,real,real,group_exp,group_exp_03,lightgbm,lightgbm_shap
temp,0.0062746011576855,0.008137058263388,solution_chemistry,real,real,group_exp,group_exp_03,lightgbm,lightgbm_shap
ce,0.0114777812933194,0.014884671195996,solution_chemistry,real,real,group_exp,group_exp_03,lightgbm,lightgbm_shap
rpm,0.0288100306140859,0.0373615616013564,solution_chemistry,real,real,group_exp,group_exp_03,lightgbm,lightgbm_shap
sa,0.0566271982182668,0.0734355538487206,surface_area_porosity,real,real,group_exp,group_exp_03,lightgbm,lightgbm_shap
fg_complexing,0.0011894182835223,0.0015424671033799,surface_functionality,real,real,group_exp,group_exp_03,lightgbm,lightgbm_shap
fg_polar,0.001598608559532,0.0020731151928804,surface_functionality,real,real,group_exp,group_exp_03,lightgbm,lightgbm_shap
fg_any,0.0003036943728037,0.0003938383880766,surface_functionality,real,real,group_exp,group_exp_03,lightgbm,lightgbm_shap
ags_aged,0.0100567804011156,0.0130418820271536,aging_state,real,real,group_exp,group_exp_03,lightgbm,lightgbm_shap
ags_virgin,4.8191280687287134e-05,6.249564695589129e-05,aging_state,real,real,group_exp,group_exp_03,lightgbm,lightgbm_shap
ph_missing,0.0009402626991823,0.0012193559676324,solution_chemistry,real,real,group_exp,group_exp_03,lightgbm,lightgbm_shap
temp_missing,0.0062633657733784,0.0081224879386102,solution_chemistry,real,real,group_exp,group_exp_03,lightgbm,lightgbm_shap
rpm_missing,0.067813127566268,0.0879417442100537,solution_chemistry,real,real,group_exp,group_exp_03,lightgbm,lightgbm_shap
sa_missing,0.0075215276301152,0.009754103411173,surface_area_porosity,real,real,group_exp,group_exp_03,lightgbm,lightgbm_shap
metal_cd,0.0055227924809797,0.0071620941419183,metal_identity,real,real,group_exp,group_exp_03,lightgbm,lightgbm_shap
metal_cr,0.0019735436807857,0.0025593403488642,metal_identity,real,real,group_exp,group_exp_03,lightgbm,lightgbm_shap
metal_hg,0.0026506790010323,0.0034374662113018,metal_identity,real,real,group_exp,group_exp_03,lightgbm,lightgbm_shap
ret_other,0.0370558275011306,0.0480549153320174,polymer_identity,real,real,group_exp,group_exp_03,lightgbm,lightgbm_shap
ret_pa,0.0145065234781228,0.0188124191122664,polymer_identity,real,real,group_exp,group_exp_03,lightgbm,lightgbm_shap
ret_pe,0.0005558586009401,0.0007208512076525,polymer_identity,real,real,group_exp,group_exp_03,lightgbm,lightgbm_shap
ret_pet,7.743272927358607e-05,0.0001004166820739,polymer_identity,real,real,group_exp,group_exp_03,lightgbm,lightgbm_shap
ret_pla,0.0107014285574843,0.0138778777304554,polymer_identity,real,real,group_exp,group_exp_03,lightgbm,lightgbm_shap
ret_pp,0.0169134881769671,0.0219338305773479,polymer_identity,real,real,group_exp,group_exp_03,lightgbm,lightgbm_shap
ret_ps,0.0034518850769622,0.0044764901041331,polymer_identity,real,real,group_exp,group_exp_03,lightgbm,lightgbm_shap
ret_pvc,5.91736470405387e-05,7.673785178142374e-05,polymer_identity,real,real,group_exp,group_exp_03,lightgbm,lightgbm_shap
ce_log1p,0.0007755216165482,0.0010057156494545,solution_chemistry,real,real,group_exp,group_exp_03,lightgbm,lightgbm_shap
rpm_log1p,0.0031643657863653,0.0041036279634742,solution_chemistry,real,real,group_exp,group_exp_03,lightgbm,lightgbm_shap
sa_log1p,0.0080122938347443,0.0103905411863259,surface_area_porosity,real,real,group_exp,group_exp_03,lightgbm,lightgbm_shap
temp_log1p,0.0009152232959389,0.0011868842490399,solution_chemistry,real,real,group_exp,group_exp_03,lightgbm,lightgbm_shap
ph_x_temp,0.0008719083173565,0.0011307123114865,solution_chemistry,real,real,group_exp,group_exp_03,lightgbm,lightgbm_shap
ph_x_ce_log,0.0165324346412873,0.0214396709099245,solution_chemistry,real,real,group_exp,group_exp_03,lightgbm,lightgbm_shap
temp_x_ce_log,0.0718950929907147,0.0932353381219431,solution_chemistry,real,real,group_exp,group_exp_03,lightgbm,lightgbm_shap
ce_log_x_rpm_log,0.0281587939333737,0.0365170217364249,solution_chemistry,real,real,group_exp,group_exp_03,lightgbm,lightgbm_shap
ce_over_rpm,0.0091505096824282,0.0118666077021347,solution_chemistry,real,real,group_exp,group_exp_03,lightgbm,lightgbm_shap
ce_over_sa,0.0286228671086366,0.0371188433296531,solution_chemistry,real,real,group_exp,group_exp_03,lightgbm,lightgbm_shap
cd_x_ph,0.0115922995084159,0.0150331812550486,other,real,real,group_exp,group_exp_03,lightgbm,lightgbm_shap
cd_x_ce_log,0.0056723479184972,0.0073560413392148,other,real,real,group_exp,group_exp_03,lightgbm,lightgbm_shap
cd_x_sa_log,0.0123545913630419,0.0160217402214142,other,real,real,group_exp,group_exp_03,lightgbm,lightgbm_shap
cr_x_ph,0.0,0.0,other,real,real,group_exp,group_exp_03,lightgbm,lightgbm_shap
cr_x_ce_log,0.0504940986023524,0.0654819982910527,other,real,real,group_exp,group_exp_03,lightgbm,lightgbm_shap
cr_x_sa_log,0.0043577909917707,0.0056512913424421,other,real,real,group_exp,group_exp_03,lightgbm,lightgbm_shap
hg_x_ph,0.0051157189982417,0.0066341911623859,other,real,real,group_exp,group_exp_03,lightgbm,lightgbm_shap
hg_x_ce_log,0.0549681766742951,0.0712840936006092,other,real,real,group_exp,group_exp_03,lightgbm,lightgbm_shap
hg_x_sa_log,0.0017282224810729,0.0022412017381157,other,real,real,group_exp,group_exp_03,lightgbm,lightgbm_shap
aged_x_fg_any,0.0,0.0,other,real,real,group_exp,group_exp_03,lightgbm,lightgbm_shap
aged_x_fg_complexing,0.0576220934189916,0.0747257585981247,other,real,real,group_exp,group_exp_03,lightgbm,lightgbm_shap
ret_ps_x_fg_any,0.0007829258971914,0.0010153177040677,polymer_identity,real,real,group_exp,group_exp_03,lightgbm,lightgbm_shap
ret_pe_x_fg_any,0.0087079118138513,0.0112926358187664,polymer_identity,real,real,group_exp,group_exp_03,lightgbm,lightgbm_shap
ret_pa_x_fg_any,0.0019586864556632,0.0025400731311693,polymer_identity,real,real,group_exp,group_exp_03,lightgbm,lightgbm_shap
null_random_normal,0.0052006930720355,0.0067443876469052,null_feature,,random_noise,group_exp,group_exp_03,lightgbm,lightgbm_shap
null_random_uniform,0.0047442802522445,0.0061525001924735,null_feature,,random_noise,group_exp,group_exp_03,lightgbm,lightgbm_shap
null_random_binary,0.0009413184413192,0.0012207250801964,null_feature,,random_noise,group_exp,group_exp_03,lightgbm,lightgbm_shap
null_perm_ph,0.0048614313339523,0.006304424618189,null_feature,,permuted_real,group_exp,group_exp_03,lightgbm,lightgbm_shap
null_perm_ce,0.00688904315603,0.0089338818724676,null_feature,,permuted_real,group_exp,group_exp_03,lightgbm,lightgbm_shap
null_study_random_effect,0.0453466800859551,0.0588066984080214,null_feature,,group_aware_random,group_exp,group_exp_03,lightgbm,lightgbm_shap
null_exp_random_effect,0.0253938168118234,0.0329313308901738,null_feature,,group_aware_random,group_exp,group_exp_03,lightgbm,lightgbm_shap
num__ph,0.0,0.0,solution_chemistry,real,real,group_exp,group_exp_04,elastic_net,elastic_net_coef
num__temp,0.0009566329500798,0.0543665842343994,solution_chemistry,real,real,group_exp,group_exp_04,elastic_net,elastic_net_coef
num__ce,0.0,0.0,solution_chemistry,real,real,group_exp,group_exp_04,elastic_net,elastic_net_coef
num__rpm,0.0,0.0,solution_chemistry,real,real,group_exp,group_exp_04,elastic_net,elastic_net_coef
num__sa,0.0,0.0,surface_area_porosity,real,real,group_exp,group_exp_04,elastic_net,elastic_net_coef
num__fg_complexing,0.0,0.0,surface_functionality,real,real,group_exp,group_exp_04,elastic_net,elastic_net_coef
num__fg_polar,0.0,0.0,surface_functionality,real,real,group_exp,group_exp_04,elastic_net,elastic_net_coef
num__fg_any,0.0,0.0,surface_functionality,real,real,group_exp,group_exp_04,elastic_net,elastic_net_coef
num__ags_aged,0.0,0.0,aging_state,real,real,group_exp,group_exp_04,elastic_net,elastic_net_coef
num__ags_virgin,0.0,0.0,aging_state,real,real,group_exp,group_exp_04,elastic_net,elastic_net_coef
num__ph_missing,0.0,0.0,solution_chemistry,real,real,group_exp,group_exp_04,elastic_net,elastic_net_coef
num__temp_missing,0.0,0.0,solution_chemistry,real,real,group_exp,group_exp_04,elastic_net,elastic_net_coef
num__rpm_missing,0.0,0.0,solution_chemistry,real,real,group_exp,group_exp_04,elastic_net,elastic_net_coef
num__sa_missing,0.0,0.0,surface_area_porosity,real,real,group_exp,group_exp_04,elastic_net,elastic_net_coef
num__metal_cd,0.0,0.0,metal_identity,real,real,group_exp,group_exp_04,elastic_net,elastic_net_coef
num__metal_cr,0.0,0.0,metal_identity,real,real,group_exp,group_exp_04,elastic_net,elastic_net_coef
num__metal_hg,0.0,0.0,metal_identity,real,real,group_exp,group_exp_04,elastic_net,elastic_net_coef
num__ret_other,0.0,0.0,polymer_identity,real,real,group_exp,group_exp_04,elastic_net,elastic_net_coef
num__ret_pa,0.0,0.0,polymer_identity,real,real,group_exp,group_exp_04,elastic_net,elastic_net_coef
num__ret_pe,0.0,0.0,polymer_identity,real,real,group_exp,group_exp_04,elastic_net,elastic_net_coef
num__ret_pet,0.0,0.0,polymer_identity,real,real,group_exp,group_exp_04,elastic_net,elastic_net_coef
num__ret_pla,0.0,0.0,polymer_identity,real,real,group_exp,group_exp_04,elastic_net,elastic_net_coef
num__ret_pp,0.0,0.0,polymer_identity,real,real,group_exp,group_exp_04,elastic_net,elastic_net_coef
num__ret_ps,0.0,0.0,polymer_identity,real,real,group_exp,group_exp_04,elastic_net,elastic_net_coef
num__ret_pvc,0.0,0.0,polymer_identity,real,real,group_exp,group_exp_04,elastic_net,elastic_net_coef
num__ce_log1p,0.0,0.0,solution_chemistry,real,real,group_exp,group_exp_04,elastic_net,elastic_net_coef
num__rpm_log1p,0.0,0.0,solution_chemistry,real,real,group_exp,group_exp_04,elastic_net,elastic_net_coef
num__sa_log1p,0.0,0.0,surface_area_porosity,real,real,group_exp,group_exp_04,elastic_net,elastic_net_coef
num__temp_log1p,0.0,0.0,solution_chemistry,real,real,group_exp,group_exp_04,elastic_net,elastic_net_coef
num__ph_x_temp,0.0,0.0,solution_chemistry,real,real,group_exp,group_exp_04,elastic_net,elastic_net_coef
num__ph_x_ce_log,0.0,0.0,solution_chemistry,real,real,group_exp,group_exp_04,elastic_net,elastic_net_coef
num__temp_x_ce_log,0.0,0.0,solution_chemistry,real,real,group_exp,group_exp_04,elastic_net,elastic_net_coef
num__ce_log_x_rpm_log,0.0,0.0,solution_chemistry,real,real,group_exp,group_exp_04,elastic_net,elastic_net_coef
num__ce_over_rpm,0.0166393400828296,0.9456334157656006,solution_chemistry,real,real,group_exp,group_exp_04,elastic_net,elastic_net_coef
num__ce_over_sa,0.0,0.0,solution_chemistry,real,real,group_exp,group_exp_04,elastic_net,elastic_net_coef
num__cd_x_ph,0.0,0.0,other,real,real,group_exp,group_exp_04,elastic_net,elastic_net_coef
num__cd_x_ce_log,0.0,0.0,other,real,real,group_exp,group_exp_04,elastic_net,elastic_net_coef
num__cd_x_sa_log,0.0,0.0,other,real,real,group_exp,group_exp_04,elastic_net,elastic_net_coef
num__cr_x_ph,0.0,0.0,other,real,real,group_exp,group_exp_04,elastic_net,elastic_net_coef
num__cr_x_ce_log,0.0,0.0,other,real,real,group_exp,group_exp_04,elastic_net,elastic_net_coef
num__cr_x_sa_log,0.0,0.0,other,real,real,group_exp,group_exp_04,elastic_net,elastic_net_coef
num__hg_x_ph,0.0,0.0,other,real,real,group_exp,group_exp_04,elastic_net,elastic_net_coef
num__hg_x_ce_log,0.0,0.0,other,real,real,group_exp,group_exp_04,elastic_net,elastic_net_coef
num__hg_x_sa_log,0.0,0.0,other,real,real,group_exp,group_exp_04,elastic_net,elastic_net_coef
num__aged_x_fg_any,0.0,0.0,other,real,real,group_exp,group_exp_04,elastic_net,elastic_net_coef
num__aged_x_fg_complexing,0.0,0.0,other,real,real,group_exp,group_exp_04,elastic_net,elastic_net_coef
num__ret_ps_x_fg_any,0.0,0.0,polymer_identity,real,real,group_exp,group_exp_04,elastic_net,elastic_net_coef
num__ret_pe_x_fg_any,0.0,0.0,polymer_identity,real,real,group_exp,group_exp_04,elastic_net,elastic_net_coef
num__ret_pa_x_fg_any,0.0,0.0,polymer_identity,real,real,group_exp,group_exp_04,elastic_net,elastic_net_coef
num__null_random_normal,0.0,0.0,null_feature,real,random_noise,group_exp,group_exp_04,elastic_net,elastic_net_coef
num__null_random_uniform,0.0,0.0,null_feature,real,random_noise,group_exp,group_exp_04,elastic_net,elastic_net_coef
num__null_random_binary,0.0,0.0,null_feature,real,random_noise,group_exp,group_exp_04,elastic_net,elastic_net_coef
num__null_perm_ph,0.0,0.0,null_feature,real,permuted_real,group_exp,group_exp_04,elastic_net,elastic_net_coef
num__null_perm_ce,0.0,0.0,null_feature,real,permuted_real,group_exp,group_exp_04,elastic_net,elastic_net_coef
num__null_study_random_effect,0.0,0.0,null_feature,real,group_aware_random,group_exp,group_exp_04,elastic_net,elastic_net_coef
num__null_exp_random_effect,0.0,0.0,null_feature,real,group_aware_random,group_exp,group_exp_04,elastic_net,elastic_net_coef
ph,2.5978965852679893e-05,0.0004419798920988,solution_chemistry,real,real,group_exp,group_exp_04,elastic_net,elastic_net_permutation
temp,0.0013236328618749,0.0225189529401409,solution_chemistry,real,real,group_exp,group_exp_04,elastic_net,elastic_net_permutation
ce,0.0004633979608563,0.0078837849781839,solution_chemistry,real,real,group_exp,group_exp_04,elastic_net,elastic_net_permutation
rpm,0.0,0.0,solution_chemistry,real,real,group_exp,group_exp_04,elastic_net,elastic_net_permutation
sa,0.0003070505489363,0.0052238479875366,surface_area_porosity,real,real,group_exp,group_exp_04,elastic_net,elastic_net_permutation
fg_complexing,0.0,0.0,surface_functionality,real,real,group_exp,group_exp_04,elastic_net,elastic_net_permutation
fg_polar,0.0,0.0,surface_functionality,real,real,group_exp,group_exp_04,elastic_net,elastic_net_permutation
fg_any,0.0,0.0,surface_functionality,real,real,group_exp,group_exp_04,elastic_net,elastic_net_permutation
ags_aged,0.0,0.0,aging_state,real,real,group_exp,group_exp_04,elastic_net,elastic_net_permutation
ags_virgin,0.0,0.0,aging_state,real,real,group_exp,group_exp_04,elastic_net,elastic_net_permutation
ph_missing,0.0,0.0,solution_chemistry,real,real,group_exp,group_exp_04,elastic_net,elastic_net_permutation
temp_missing,1.032934981288758e-05,0.0001757331273939,solution_chemistry,real,real,group_exp,group_exp_04,elastic_net,elastic_net_permutation
rpm_missing,1.00507453488774e-06,1.7099323237117716e-05,solution_chemistry,real,real,group_exp,group_exp_04,elastic_net,elastic_net_permutation
sa_missing,0.0,0.0,surface_area_porosity,real,real,group_exp,group_exp_04,elastic_net,elastic_net_permutation
metal_cd,0.0,0.0,metal_identity,real,real,group_exp,group_exp_04,elastic_net,elastic_net_permutation
metal_cr,5.375012830466375e-06,9.144504074224224e-05,metal_identity,real,real,group_exp,group_exp_04,elastic_net,elastic_net_permutation
metal_hg,0.0,0.0,metal_identity,real,real,group_exp,group_exp_04,elastic_net,elastic_net_permutation
ret_other,0.0,0.0,polymer_identity,real,real,group_exp,group_exp_04,elastic_net,elastic_net_permutation
ret_pa,1.1034653235153511e-05,0.0001877324476223,polymer_identity,real,real,group_exp,group_exp_04,elastic_net,elastic_net_permutation
ret_pe,1.5406613912638537e-06,2.6211257189110453e-05,polymer_identity,real,real,group_exp,group_exp_04,elastic_net,elastic_net_permutation
ret_pet,1.544106458473138e-07,2.6269868083865367e-06,polymer_identity,real,real,group_exp,group_exp_04,elastic_net,elastic_net_permutation
ret_pla,0.0,0.0,polymer_identity,real,real,group_exp,group_exp_04,elastic_net,elastic_net_permutation
ret_pp,0.0,0.0,polymer_identity,real,real,group_exp,group_exp_04,elastic_net,elastic_net_permutation
ret_ps,1.8362152201856216e-06,3.12395115914226e-05,polymer_identity,real,real,group_exp,group_exp_04,elastic_net,elastic_net_permutation
ret_pvc,0.0,0.0,polymer_identity,real,real,group_exp,group_exp_04,elastic_net,elastic_net_permutation
ce_log1p,2.6613083816462435e-05,0.000452768134818,solution_chemistry,real,real,group_exp,group_exp_04,elastic_net,elastic_net_permutation
rpm_log1p,3.753682304781236e-05,0.0006386136035778,solution_chemistry,real,real,group_exp,group_exp_04,elastic_net,elastic_net_permutation
sa_log1p,4.2690284328550375e-05,0.0007262893899703,surface_area_porosity,real,real,group_exp,group_exp_04,elastic_net,elastic_net_permutation
temp_log1p,1.1286265310750388e-05,0.0001920131214049,solution_chemistry,real,real,group_exp,group_exp_04,elastic_net,elastic_net_permutation
ph_x_temp,0.0003302770834961,0.0056190007929548,solution_chemistry,real,real,group_exp,group_exp_04,elastic_net,elastic_net_permutation
ph_x_ce_log,0.0004031833059793,0.0068593536433799,solution_chemistry,real,real,group_exp,group_exp_04,elastic_net,elastic_net_permutation
temp_x_ce_log,0.0018723506675081,0.0318542836034851,solution_chemistry,real,real,group_exp,group_exp_04,elastic_net,elastic_net_permutation
ce_log_x_rpm_log,0.0,0.0,solution_chemistry,real,real,group_exp,group_exp_04,elastic_net,elastic_net_permutation
ce_over_rpm,0.0525634456400377,0.8942613868493456,solution_chemistry,real,real,group_exp,group_exp_04,elastic_net,elastic_net_permutation
ce_over_sa,0.0004602049731864,0.007829462710169,solution_chemistry,real,real,group_exp,group_exp_04,elastic_net,elastic_net_permutation
cd_x_ph,0.0001606909954491,0.0027338343347705,other,real,real,group_exp,group_exp_04,elastic_net,elastic_net_permutation
cd_x_ce_log,0.0002971089962133,0.0050547124482416,other,real,real,group_exp,group_exp_04,elastic_net,elastic_net_permutation
cd_x_sa_log,5.427756673390682e-05,0.0009234237122632,other,real,real,group_exp,group_exp_04,elastic_net,elastic_net_permutation
cr_x_ph,0.0,0.0,other,real,real,group_exp,group_exp_04,elastic_net,elastic_net_permutation
cr_x_ce_log,5.886715230563056e-05,0.0010015062867303,other,real,real,group_exp,group_exp_04,elastic_net,elastic_net_permutation
cr_x_sa_log,1.5936322327525508e-05,0.0002711244959755,other,real,real,group_exp,group_exp_04,elastic_net,elastic_net_permutation
hg_x_ph,0.0001082532169198,0.0018417109212466,other,real,real,group_exp,group_exp_04,elastic_net,elastic_net_permutation
hg_x_ce_log,0.0,0.0,other,real,real,group_exp,group_exp_04,elastic_net,elastic_net_permutation
hg_x_sa_log,1.7823942516104197e-05,0.0003032385597916,other,real,real,group_exp,group_exp_04,elastic_net,elastic_net_permutation
aged_x_fg_any,0.0,0.0,other,real,real,group_exp,group_exp_04,elastic_net,elastic_net_permutation
aged_x_fg_complexing,0.0,0.0,other,real,real,group_exp,group_exp_04,elastic_net,elastic_net_permutation
ret_ps_x_fg_any,1.8362152201856216e-06,3.12395115914226e-05,polymer_identity,real,real,group_exp,group_exp_04,elastic_net,elastic_net_permutation
ret_pe_x_fg_any,1.5406613912638537e-06,2.6211257189110453e-05,polymer_identity,real,real,group_exp,group_exp_04,elastic_net,elastic_net_permutation
ret_pa_x_fg_any,1.1034653235153511e-05,0.0001877324476223,polymer_identity,real,real,group_exp,group_exp_04,elastic_net,elastic_net_permutation
null_random_normal,3.960820516535346e-05,0.0006738540072951,null_feature,,random_noise,group_exp,group_exp_04,elastic_net,elastic_net_permutation
null_random_uniform,7.666184991927949e-06,0.0001304247303282,null_feature,,random_noise,group_exp,group_exp_04,elastic_net,elastic_net_permutation
null_random_binary,1.1802420725026686e-05,0.0002007944684224,null_feature,,random_noise,group_exp,group_exp_04,elastic_net,elastic_net_permutation
null_perm_ph,2.623754962991498e-05,0.0004463791753732,null_feature,,permuted_real,group_exp,group_exp_04,elastic_net,elastic_net_permutation
null_perm_ce,0.0,0.0,null_feature,,permuted_real,group_exp,group_exp_04,elastic_net,elastic_net_permutation
null_study_random_effect,2.089705965688804e-05,0.0003555214716671,null_feature,,group_aware_random,group_exp,group_exp_04,elastic_net,elastic_net_permutation
null_exp_random_effect,4.6109873660116205e-05,0.0007844668298406,null_feature,,group_aware_random,group_exp,group_exp_04,elastic_net,elastic_net_permutation
ph,0.0,0.0,solution_chemistry,real,real,group_exp,group_exp_04,lightgbm,lightgbm_permutation
temp,0.0016545463503602,0.0018627862858922,solution_chemistry,real,real,group_exp,group_exp_04,lightgbm,lightgbm_permutation
ce,0.0,0.0,solution_chemistry,real,real,group_exp,group_exp_04,lightgbm,lightgbm_permutation
rpm,0.0,0.0,solution_chemistry,real,real,group_exp,group_exp_04,lightgbm,lightgbm_permutation
sa,0.0,0.0,surface_area_porosity,real,real,group_exp,group_exp_04,lightgbm,lightgbm_permutation
fg_complexing,0.0,0.0,surface_functionality,real,real,group_exp,group_exp_04,lightgbm,lightgbm_permutation
fg_polar,0.0,0.0,surface_functionality,real,real,group_exp,group_exp_04,lightgbm,lightgbm_permutation
fg_any,0.0,0.0,surface_functionality,real,real,group_exp,group_exp_04,lightgbm,lightgbm_permutation
ags_aged,0.0630232616258587,0.0709553210300153,aging_state,real,real,group_exp,group_exp_04,lightgbm,lightgbm_permutation
ags_virgin,0.0,0.0,aging_state,real,real,group_exp,group_exp_04,lightgbm,lightgbm_permutation
ph_missing,0.0,0.0,solution_chemistry,real,real,group_exp,group_exp_04,lightgbm,lightgbm_permutation
temp_missing,0.0,0.0,solution_chemistry,real,real,group_exp,group_exp_04,lightgbm,lightgbm_permutation
rpm_missing,0.1850615609458555,0.2083532671663755,solution_chemistry,real,real,group_exp,group_exp_04,lightgbm,lightgbm_permutation
sa_missing,0.0253869191051233,0.0285820972859322,surface_area_porosity,real,real,group_exp,group_exp_04,lightgbm,lightgbm_permutation
metal_cd,0.0004070230218558,0.0004582506274245,metal_identity,real,real,group_exp,group_exp_04,lightgbm,lightgbm_permutation
metal_cr,0.0,0.0,metal_identity,real,real,group_exp,group_exp_04,lightgbm,lightgbm_permutation
metal_hg,0.0,0.0,metal_identity,real,real,group_exp,group_exp_04,lightgbm,lightgbm_permutation
ret_other,0.0,0.0,polymer_identity,real,real,group_exp,group_exp_04,lightgbm,lightgbm_permutation
ret_pa,0.0016953225051066,0.0019086944962222,polymer_identity,real,real,group_exp,group_exp_04,lightgbm,lightgbm_permutation
ret_pe,0.0,0.0,polymer_identity,real,real,group_exp,group_exp_04,lightgbm,lightgbm_permutation
ret_pet,3.2134006023643025e-05,3.61783673927233e-05,polymer_identity,real,real,group_exp,group_exp_04,lightgbm,lightgbm_permutation
ret_pla,0.0023345103587048,0.0026283300431698,polymer_identity,real,real,group_exp,group_exp_04,lightgbm,lightgbm_permutation
ret_pp,0.0349326775117985,0.0393292775293409,polymer_identity,real,real,group_exp,group_exp_04,lightgbm,lightgbm_permutation
ret_ps,0.0,0.0,polymer_identity,real,real,group_exp,group_exp_04,lightgbm,lightgbm_permutation
ret_pvc,0.0,0.0,polymer_identity,real,real,group_exp,group_exp_04,lightgbm,lightgbm_permutation
ce_log1p,0.0,0.0,solution_chemistry,real,real,group_exp,group_exp_04,lightgbm,lightgbm_permutation
rpm_log1p,0.0,0.0,solution_chemistry,real,real,group_exp,group_exp_04,lightgbm,lightgbm_permutation
sa_log1p,0.0,0.0,surface_area_porosity,real,real,group_exp,group_exp_04,lightgbm,lightgbm_permutation
temp_log1p,0.0,0.0,solution_chemistry,real,real,group_exp,group_exp_04,lightgbm,lightgbm_permutation
ph_x_temp,0.0,0.0,solution_chemistry,real,real,group_exp,group_exp_04,lightgbm,lightgbm_permutation
ph_x_ce_log,0.0,0.0,solution_chemistry,real,real,group_exp,group_exp_04,lightgbm,lightgbm_permutation
temp_x_ce_log,0.0,0.0,solution_chemistry,real,real,group_exp,group_exp_04,lightgbm,lightgbm_permutation
ce_log_x_rpm_log,0.030173967207713,0.0339716395936888,solution_chemistry,real,real,group_exp,group_exp_04,lightgbm,lightgbm_permutation
ce_over_rpm,0.0,0.0,solution_chemistry,real,real,group_exp,group_exp_04,lightgbm,lightgbm_permutation
ce_over_sa,0.0,0.0,solution_chemistry,real,real,group_exp,group_exp_04,lightgbm,lightgbm_permutation
cd_x_ph,0.0,0.0,other,real,real,group_exp,group_exp_04,lightgbm,lightgbm_permutation
cd_x_ce_log,0.0,0.0,other,real,real,group_exp,group_exp_04,lightgbm,lightgbm_permutation
cd_x_sa_log,0.0,0.0,other,real,real,group_exp,group_exp_04,lightgbm,lightgbm_permutation
cr_x_ph,6.715436004280927e-05,7.560635632744976e-05,other,real,real,group_exp,group_exp_04,lightgbm,lightgbm_permutation
cr_x_ce_log,0.0120222847566284,0.0135354003016375,other,real,real,group_exp,group_exp_04,lightgbm,lightgbm_permutation
cr_x_sa_log,0.0,0.0,other,real,real,group_exp,group_exp_04,lightgbm,lightgbm_permutation
hg_x_ph,0.0,0.0,other,real,real,group_exp,group_exp_04,lightgbm,lightgbm_permutation
hg_x_ce_log,0.3837689074856562,0.4320697680427604,other,real,real,group_exp,group_exp_04,lightgbm,lightgbm_permutation
hg_x_sa_log,0.0,0.0,other,real,real,group_exp,group_exp_04,lightgbm,lightgbm_permutation
aged_x_fg_any,0.0,0.0,other,real,real,group_exp,group_exp_04,lightgbm,lightgbm_permutation
aged_x_fg_complexing,0.1444880653818769,0.1626732225482026,other,real,real,group_exp,group_exp_04,lightgbm,lightgbm_permutation
ret_ps_x_fg_any,0.0,0.0,polymer_identity,real,real,group_exp,group_exp_04,lightgbm,lightgbm_permutation
ret_pe_x_fg_any,0.002720823679448,0.0030632644623725,polymer_identity,real,real,group_exp,group_exp_04,lightgbm,lightgbm_permutation
ret_pa_x_fg_any,0.0,0.0,polymer_identity,real,real,group_exp,group_exp_04,lightgbm,lightgbm_permutation
null_random_normal,0.0,0.0,null_feature,,random_noise,group_exp,group_exp_04,lightgbm,lightgbm_permutation
null_random_uniform,0.0,0.0,null_feature,,random_noise,group_exp,group_exp_04,lightgbm,lightgbm_permutation
null_random_binary,0.0003975057729763,0.0004475355448955,null_feature,,random_noise,group_exp,group_exp_04,lightgbm,lightgbm_permutation
null_perm_ph,0.0,0.0,null_feature,,permuted_real,group_exp,group_exp_04,lightgbm,lightgbm_permutation
null_perm_ce,4.384235335841424e-05,4.936031834920549e-05,null_feature,,permuted_real,group_exp,group_exp_04,lightgbm,lightgbm_permutation
null_study_random_effect,0.0,0.0,null_feature,,group_aware_random,group_exp,group_exp_04,lightgbm,lightgbm_permutation
null_exp_random_effect,0.0,0.0,null_feature,,group_aware_random,group_exp,group_exp_04,lightgbm,lightgbm_permutation
num__ph,84.0,0.0056330472103004,solution_chemistry,real,real,group_exp,group_exp_04,lightgbm,lightgbm_builtin_gain
num__temp,86.0,0.0057671673819742,solution_chemistry,real,real,group_exp,group_exp_04,lightgbm,lightgbm_builtin_gain
num__ce,550.0,0.0368830472103004,solution_chemistry,real,real,group_exp,group_exp_04,lightgbm,lightgbm_builtin_gain
num__rpm,373.0,0.0250134120171673,solution_chemistry,real,real,group_exp,group_exp_04,lightgbm,lightgbm_builtin_gain
num__sa,571.0,0.0382913090128755,surface_area_porosity,real,real,group_exp,group_exp_04,lightgbm,lightgbm_builtin_gain
num__fg_complexing,12.0,0.0008047210300429,surface_functionality,real,real,group_exp,group_exp_04,lightgbm,lightgbm_builtin_gain
num__fg_polar,15.0,0.0010059012875536,surface_functionality,real,real,group_exp,group_exp_04,lightgbm,lightgbm_builtin_gain
num__fg_any,6.0,0.0004023605150214,surface_functionality,real,real,group_exp,group_exp_04,lightgbm,lightgbm_builtin_gain
num__ags_aged,104.0,0.0069742489270386,aging_state,real,real,group_exp,group_exp_04,lightgbm,lightgbm_builtin_gain
num__ags_virgin,4.0,0.0002682403433476,aging_state,real,real,group_exp,group_exp_04,lightgbm,lightgbm_builtin_gain
num__ph_missing,46.0,0.0030847639484978,solution_chemistry,real,real,group_exp,group_exp_04,lightgbm,lightgbm_builtin_gain
num__temp_missing,37.0,0.0024812231759656,solution_chemistry,real,real,group_exp,group_exp_04,lightgbm,lightgbm_builtin_gain
num__rpm_missing,111.0,0.0074436695278969,solution_chemistry,real,real,group_exp,group_exp_04,lightgbm,lightgbm_builtin_gain
num__sa_missing,59.0,0.0039565450643776,surface_area_porosity,real,real,group_exp,group_exp_04,lightgbm,lightgbm_builtin_gain
num__metal_cd,17.0,0.0011400214592274,metal_identity,real,real,group_exp,group_exp_04,lightgbm,lightgbm_builtin_gain
num__metal_cr,8.0,0.0005364806866952,metal_identity,real,real,group_exp,group_exp_04,lightgbm,lightgbm_builtin_gain
num__metal_hg,23.0,0.0015423819742489,metal_identity,real,real,group_exp,group_exp_04,lightgbm,lightgbm_builtin_gain
num__ret_other,60.0,0.0040236051502145,polymer_identity,real,real,group_exp,group_exp_04,lightgbm,lightgbm_builtin_gain
num__ret_pa,54.0,0.0036212446351931,polymer_identity,real,real,group_exp,group_exp_04,lightgbm,lightgbm_builtin_gain
num__ret_pe,38.0,0.0025482832618025,polymer_identity,real,real,group_exp,group_exp_04,lightgbm,lightgbm_builtin_gain
num__ret_pet,10.0,0.000670600858369,polymer_identity,real,real,group_exp,group_exp_04,lightgbm,lightgbm_builtin_gain
num__ret_pla,18.0,0.0012070815450643,polymer_identity,real,real,group_exp,group_exp_04,lightgbm,lightgbm_builtin_gain
num__ret_pp,141.0,0.0094554721030042,polymer_identity,real,real,group_exp,group_exp_04,lightgbm,lightgbm_builtin_gain
num__ret_ps,126.0,0.0084495708154506,polymer_identity,real,real,group_exp,group_exp_04,lightgbm,lightgbm_builtin_gain
num__ret_pvc,10.0,0.000670600858369,polymer_identity,real,real,group_exp,group_exp_04,lightgbm,lightgbm_builtin_gain
num__ce_log1p,46.0,0.0030847639484978,solution_chemistry,real,real,group_exp,group_exp_04,lightgbm,lightgbm_builtin_gain
num__rpm_log1p,42.0,0.0028165236051502,solution_chemistry,real,real,group_exp,group_exp_04,lightgbm,lightgbm_builtin_gain
num__sa_log1p,254.0,0.0170332618025751,surface_area_porosity,real,real,group_exp,group_exp_04,lightgbm,lightgbm_builtin_gain
num__temp_log1p,27.0,0.0018106223175965,solution_chemistry,real,real,group_exp,group_exp_04,lightgbm,lightgbm_builtin_gain
num__ph_x_temp,99.0,0.006638948497854,solution_chemistry,real,real,group_exp,group_exp_04,lightgbm,lightgbm_builtin_gain
num__ph_x_ce_log,1058.0,0.0709495708154506,solution_chemistry,real,real,group_exp,group_exp_04,lightgbm,lightgbm_builtin_gain
num__temp_x_ce_log,602.0,0.0403701716738197,solution_chemistry,real,real,group_exp,group_exp_04,lightgbm,lightgbm_builtin_gain
num__ce_log_x_rpm_log,544.0,0.0364806866952789,solution_chemistry,real,real,group_exp,group_exp_04,lightgbm,lightgbm_builtin_gain
num__ce_over_rpm,815.0,0.0546539699570815,solution_chemistry,real,real,group_exp,group_exp_04,lightgbm,lightgbm_builtin_gain
num__ce_over_sa,766.0,0.0513680257510729,solution_chemistry,real,real,group_exp,group_exp_04,lightgbm,lightgbm_builtin_gain
num__cd_x_ph,232.0,0.015557939914163,other,real,real,group_exp,group_exp_04,lightgbm,lightgbm_builtin_gain
num__cd_x_ce_log,350.0,0.0234710300429184,other,real,real,group_exp,group_exp_04,lightgbm,lightgbm_builtin_gain
num__cd_x_sa_log,504.0,0.0337982832618025,other,real,real,group_exp,group_exp_04,lightgbm,lightgbm_builtin_gain
num__cr_x_ph,0.0,0.0,other,real,real,group_exp,group_exp_04,lightgbm,lightgbm_builtin_gain
num__cr_x_ce_log,324.0,0.0217274678111587,other,real,real,group_exp,group_exp_04,lightgbm,lightgbm_builtin_gain
num__cr_x_sa_log,310.0,0.020788626609442,other,real,real,group_exp,group_exp_04,lightgbm,lightgbm_builtin_gain
num__hg_x_ph,142.0,0.0095225321888412,other,real,real,group_exp,group_exp_04,lightgbm,lightgbm_builtin_gain
num__hg_x_ce_log,540.0,0.0362124463519313,other,real,real,group_exp,group_exp_04,lightgbm,lightgbm_builtin_gain
num__hg_x_sa_log,1.0,6.706008583690987e-05,other,real,real,group_exp,group_exp_04,lightgbm,lightgbm_builtin_gain
num__aged_x_fg_any,1.0,6.706008583690987e-05,other,real,real,group_exp,group_exp_04,lightgbm,lightgbm_builtin_gain
num__aged_x_fg_complexing,87.0,0.0058342274678111,other,real,real,group_exp,group_exp_04,lightgbm,lightgbm_builtin_gain
num__ret_ps_x_fg_any,54.0,0.0036212446351931,polymer_identity,real,real,group_exp,group_exp_04,lightgbm,lightgbm_builtin_gain
num__ret_pe_x_fg_any,74.0,0.0049624463519313,polymer_identity,real,real,group_exp,group_exp_04,lightgbm,lightgbm_builtin_gain
num__ret_pa_x_fg_any,13.0,0.0008717811158798,polymer_identity,real,real,group_exp,group_exp_04,lightgbm,lightgbm_builtin_gain
num__null_random_normal,949.0,0.0636400214592274,null_feature,real,random_noise,group_exp,group_exp_04,lightgbm,lightgbm_builtin_gain
num__null_random_uniform,930.0,0.0623658798283261,null_feature,real,random_noise,group_exp,group_exp_04,lightgbm,lightgbm_builtin_gain
num__null_random_binary,107.0,0.0071754291845493,null_feature,real,random_noise,group_exp,group_exp_04,lightgbm,lightgbm_builtin_gain
num__null_perm_ph,756.0,0.0506974248927038,null_feature,real,permuted_real,group_exp,group_exp_04,lightgbm,lightgbm_builtin_gain
num__null_perm_ce,949.0,0.0636400214592274,null_feature,real,permuted_real,group_exp,group_exp_04,lightgbm,lightgbm_builtin_gain
num__null_study_random_effect,647.0,0.0433878755364806,null_feature,real,group_aware_random,group_exp,group_exp_04,lightgbm,lightgbm_builtin_gain
num__null_exp_random_effect,1126.0,0.0755096566523605,null_feature,real,group_aware_random,group_exp,group_exp_04,lightgbm,lightgbm_builtin_gain
ph,0.0017735068920578,0.0019212976877471,solution_chemistry,real,real,group_exp,group_exp_04,lightgbm,lightgbm_shap
temp,0.0018156910411084,0.0019669971481741,solution_chemistry,real,real,group_exp,group_exp_04,lightgbm,lightgbm_shap
ce,0.014521552966953,0.0157316705465586,solution_chemistry,real,real,group_exp,group_exp_04,lightgbm,lightgbm_shap
rpm,0.0246593146320194,0.0267142374219676,solution_chemistry,real,real,group_exp,group_exp_04,lightgbm,lightgbm_shap
sa,0.0113593880102952,0.0123059944205118,surface_area_porosity,real,real,group_exp,group_exp_04,lightgbm,lightgbm_shap
fg_complexing,0.0002186339866194,0.000236853307329,surface_functionality,real,real,group_exp,group_exp_04,lightgbm,lightgbm_shap
fg_polar,0.0017650697329317,0.001912157438903,surface_functionality,real,real,group_exp,group_exp_04,lightgbm,lightgbm_shap
fg_any,0.000530630066921,0.0005748488067286,surface_functionality,real,real,group_exp,group_exp_04,lightgbm,lightgbm_shap
ags_aged,0.0194411761158451,0.0210612582819557,aging_state,real,real,group_exp,group_exp_04,lightgbm,lightgbm_shap
ags_virgin,9.545987788837618e-05,0.0001034147899175,aging_state,real,real,group_exp,group_exp_04,lightgbm,lightgbm_shap
ph_missing,0.0027230284615841,0.0029499452809235,solution_chemistry,real,real,group_exp,group_exp_04,lightgbm,lightgbm_shap
temp_missing,0.0037393680387016,0.0040509789945371,solution_chemistry,real,real,group_exp,group_exp_04,lightgbm,lightgbm_shap
rpm_missing,0.0435970995831033,0.0472301556856694,solution_chemistry,real,real,group_exp,group_exp_04,lightgbm,lightgbm_shap
sa_missing,0.0174779134352631,0.0189343919779484,surface_area_porosity,real,real,group_exp,group_exp_04,lightgbm,lightgbm_shap
metal_cd,0.0006409214640518,0.0006943310637386,metal_identity,real,real,group_exp,group_exp_04,lightgbm,lightgbm_shap
metal_cr,0.0004031463580463,0.0004367415593402,metal_identity,real,real,group_exp,group_exp_04,lightgbm,lightgbm_shap
metal_hg,0.0014373356926033,0.0015571124956333,metal_identity,real,real,group_exp,group_exp_04,lightgbm,lightgbm_shap
ret_other,0.1282379795511293,0.1389243733398011,polymer_identity,real,real,group_exp,group_exp_04,lightgbm,lightgbm_shap
ret_pa,0.0162948205745266,0.0176527090096427,polymer_identity,real,real,group_exp,group_exp_04,lightgbm,lightgbm_shap
ret_pe,0.0032813079187247,0.0035547475711905,polymer_identity,real,real,group_exp,group_exp_04,lightgbm,lightgbm_shap
ret_pet,0.0003786466041993,0.0004102001793053,polymer_identity,real,real,group_exp,group_exp_04,lightgbm,lightgbm_shap
ret_pla,0.0034032041357834,0.0036868017069984,polymer_identity,real,real,group_exp,group_exp_04,lightgbm,lightgbm_shap
ret_pp,0.0222779353936854,0.0241344118544721,polymer_identity,real,real,group_exp,group_exp_04,lightgbm,lightgbm_shap
ret_ps,0.0029137853690532,0.0031565984418914,polymer_identity,real,real,group_exp,group_exp_04,lightgbm,lightgbm_shap
ret_pvc,0.0021454198351079,0.0023242030729618,polymer_identity,real,real,group_exp,group_exp_04,lightgbm,lightgbm_shap
ce_log1p,0.0008737393239527,0.0009465502222301,solution_chemistry,real,real,group_exp,group_exp_04,lightgbm,lightgbm_shap
rpm_log1p,0.0107343222235892,0.011628840327643,solution_chemistry,real,real,group_exp,group_exp_04,lightgbm,lightgbm_shap
sa_log1p,0.0052530719829096,0.0056908237005061,surface_area_porosity,real,real,group_exp,group_exp_04,lightgbm,lightgbm_shap
temp_log1p,0.0055814493663078,0.0060465655982437,solution_chemistry,real,real,group_exp,group_exp_04,lightgbm,lightgbm_shap
ph_x_temp,0.0026238784227445,0.0028425328196493,solution_chemistry,real,real,group_exp,group_exp_04,lightgbm,lightgbm_shap
ph_x_ce_log,0.0542663016305353,0.0587884492088784,solution_chemistry,real,real,group_exp,group_exp_04,lightgbm,lightgbm_shap
temp_x_ce_log,0.0425169892044537,0.0460600369890325,solution_chemistry,real,real,group_exp,group_exp_04,lightgbm,lightgbm_shap
ce_log_x_rpm_log,0.0147656114258478,0.0159960670114663,solution_chemistry,real,real,group_exp,group_exp_04,lightgbm,lightgbm_shap
ce_over_rpm,0.0301311518393761,0.0326420566040091,solution_chemistry,real,real,group_exp,group_exp_04,lightgbm,lightgbm_shap
ce_over_sa,0.0157616457614468,0.0170751033966493,solution_chemistry,real,real,group_exp,group_exp_04,lightgbm,lightgbm_shap
cd_x_ph,0.0036057083386112,0.0039061810950315,other,real,real,group_exp,group_exp_04,lightgbm,lightgbm_shap
cd_x_ce_log,0.0093949151324707,0.0101778170704781,other,real,real,group_exp,group_exp_04,lightgbm,lightgbm_shap
cd_x_sa_log,0.0259735595275053,0.0281380016543697,other,real,real,group_exp,group_exp_04,lightgbm,lightgbm_shap
cr_x_ph,0.0,0.0,other,real,real,group_exp,group_exp_04,lightgbm,lightgbm_shap
cr_x_ce_log,0.0702843087469594,0.0761412771978319,other,real,real,group_exp,group_exp_04,lightgbm,lightgbm_shap
cr_x_sa_log,0.0058294418101727,0.0063152238769964,other,real,real,group_exp,group_exp_04,lightgbm,lightgbm_shap
hg_x_ph,0.0079169210755093,0.0085766580465912,other,real,real,group_exp,group_exp_04,lightgbm,lightgbm_shap
hg_x_ce_log,0.053188390330645,0.0576207128457719,other,real,real,group_exp,group_exp_04,lightgbm,lightgbm_shap
hg_x_sa_log,1.5677485631569916e-05,1.69839299912021e-05,other,real,real,group_exp,group_exp_04,lightgbm,lightgbm_shap
aged_x_fg_any,1.2420519370268589e-05,1.3455552529049724e-05,other,real,real,group_exp,group_exp_04,lightgbm,lightgbm_shap
aged_x_fg_complexing,0.0456954944400211,0.0495034150705815,other,real,real,group_exp,group_exp_04,lightgbm,lightgbm_shap
ret_ps_x_fg_any,0.0004583784973985,0.0004965763319605,polymer_identity,real,real,group_exp,group_exp_04,lightgbm,lightgbm_shap
ret_pe_x_fg_any,0.0118657378909753,0.0128545397119332,polymer_identity,real,real,group_exp,group_exp_04,lightgbm,lightgbm_shap
ret_pa_x_fg_any,0.003989154151091,0.0043215804127296,polymer_identity,real,real,group_exp,group_exp_04,lightgbm,lightgbm_shap
null_random_normal,0.0045753485529663,0.0049566238703767,null_feature,,random_noise,group_exp,group_exp_04,lightgbm,lightgbm_shap
null_random_uniform,0.005201597647565,0.0056350598791651,null_feature,,random_noise,group_exp,group_exp_04,lightgbm,lightgbm_shap
null_random_binary,0.0010560371081373,0.001144039339867,null_feature,,random_noise,group_exp,group_exp_04,lightgbm,lightgbm_shap
null_perm_ph,0.0061718854626117,0.0066862042213984,null_feature,,permuted_real,group_exp,group_exp_04,lightgbm,lightgbm_shap
null_perm_ce,0.0078105990795395,0.0084614759709375,null_feature,,permuted_real,group_exp,group_exp_04,lightgbm,lightgbm_shap
null_study_random_effect,0.1063415575568889,0.1152032673571476,null_feature,,group_aware_random,group_exp,group_exp_04,lightgbm,lightgbm_shap
null_exp_random_effect,0.0460499871973743,0.0498874486021544,null_feature,,group_aware_random,group_exp,group_exp_04,lightgbm,lightgbm_shap
num__ph,0.0015057778548046,0.06848085486066,solution_chemistry,real,real,group_exp,group_exp_05,elastic_net,elastic_net_coef
num__temp,0.0019128114997831,0.0869922254962672,solution_chemistry,real,real,group_exp,group_exp_05,elastic_net,elastic_net_coef
num__ce,0.0,0.0,solution_chemistry,real,real,group_exp,group_exp_05,elastic_net,elastic_net_coef
num__rpm,0.0,0.0,solution_chemistry,real,real,group_exp,group_exp_05,elastic_net,elastic_net_coef
num__sa,0.0,0.0,surface_area_porosity,real,real,group_exp,group_exp_05,elastic_net,elastic_net_coef
num__fg_complexing,0.0,0.0,surface_functionality,real,real,group_exp,group_exp_05,elastic_net,elastic_net_coef
num__fg_polar,0.0,0.0,surface_functionality,real,real,group_exp,group_exp_05,elastic_net,elastic_net_coef
num__fg_any,0.0,0.0,surface_functionality,real,real,group_exp,group_exp_05,elastic_net,elastic_net_coef
num__ags_aged,0.0,0.0,aging_state,real,real,group_exp,group_exp_05,elastic_net,elastic_net_coef
num__ags_virgin,0.0,0.0,aging_state,real,real,group_exp,group_exp_05,elastic_net,elastic_net_coef
num__ph_missing,0.0,0.0,solution_chemistry,real,real,group_exp,group_exp_05,elastic_net,elastic_net_coef
num__temp_missing,0.0,0.0,solution_chemistry,real,real,group_exp,group_exp_05,elastic_net,elastic_net_coef
num__rpm_missing,0.0,0.0,solution_chemistry,real,real,group_exp,group_exp_05,elastic_net,elastic_net_coef
num__sa_missing,0.0,0.0,surface_area_porosity,real,real,group_exp,group_exp_05,elastic_net,elastic_net_coef
num__metal_cd,0.0,0.0,metal_identity,real,real,group_exp,group_exp_05,elastic_net,elastic_net_coef
num__metal_cr,0.0,0.0,metal_identity,real,real,group_exp,group_exp_05,elastic_net,elastic_net_coef
num__metal_hg,0.0,0.0,metal_identity,real,real,group_exp,group_exp_05,elastic_net,elastic_net_coef
num__ret_other,0.0,0.0,polymer_identity,real,real,group_exp,group_exp_05,elastic_net,elastic_net_coef
num__ret_pa,0.0,0.0,polymer_identity,real,real,group_exp,group_exp_05,elastic_net,elastic_net_coef
num__ret_pe,0.0,0.0,polymer_identity,real,real,group_exp,group_exp_05,elastic_net,elastic_net_coef
num__ret_pet,0.0,0.0,polymer_identity,real,real,group_exp,group_exp_05,elastic_net,elastic_net_coef
num__ret_pla,0.0,0.0,polymer_identity,real,real,group_exp,group_exp_05,elastic_net,elastic_net_coef
num__ret_pp,0.0,0.0,polymer_identity,real,real,group_exp,group_exp_05,elastic_net,elastic_net_coef
num__ret_ps,0.0,0.0,polymer_identity,real,real,group_exp,group_exp_05,elastic_net,elastic_net_coef
num__ret_pvc,0.0,0.0,polymer_identity,real,real,group_exp,group_exp_05,elastic_net,elastic_net_coef
num__ce_log1p,0.0,0.0,solution_chemistry,real,real,group_exp,group_exp_05,elastic_net,elastic_net_coef
num__rpm_log1p,0.0,0.0,solution_chemistry,real,real,group_exp,group_exp_05,elastic_net,elastic_net_coef
num__sa_log1p,0.0,0.0,surface_area_porosity,real,real,group_exp,group_exp_05,elastic_net,elastic_net_coef
num__temp_log1p,0.0,0.0,solution_chemistry,real,real,group_exp,group_exp_05,elastic_net,elastic_net_coef
num__ph_x_temp,0.0,0.0,solution_chemistry,real,real,group_exp,group_exp_05,elastic_net,elastic_net_coef
num__ph_x_ce_log,0.0,0.0,solution_chemistry,real,real,group_exp,group_exp_05,elastic_net,elastic_net_coef
num__temp_x_ce_log,0.0,0.0,solution_chemistry,real,real,group_exp,group_exp_05,elastic_net,elastic_net_coef
num__ce_log_x_rpm_log,0.0,0.0,solution_chemistry,real,real,group_exp,group_exp_05,elastic_net,elastic_net_coef
num__ce_over_rpm,0.0185697146446612,0.8445269196430728,solution_chemistry,real,real,group_exp,group_exp_05,elastic_net,elastic_net_coef
num__ce_over_sa,0.0,0.0,solution_chemistry,real,real,group_exp,group_exp_05,elastic_net,elastic_net_coef
num__cd_x_ph,0.0,0.0,other,real,real,group_exp,group_exp_05,elastic_net,elastic_net_coef
num__cd_x_ce_log,0.0,0.0,other,real,real,group_exp,group_exp_05,elastic_net,elastic_net_coef
num__cd_x_sa_log,0.0,0.0,other,real,real,group_exp,group_exp_05,elastic_net,elastic_net_coef
num__cr_x_ph,0.0,0.0,other,real,real,group_exp,group_exp_05,elastic_net,elastic_net_coef
num__cr_x_ce_log,0.0,0.0,other,real,real,group_exp,group_exp_05,elastic_net,elastic_net_coef
num__cr_x_sa_log,0.0,0.0,other,real,real,group_exp,group_exp_05,elastic_net,elastic_net_coef
num__hg_x_ph,0.0,0.0,other,real,real,group_exp,group_exp_05,elastic_net,elastic_net_coef
num__hg_x_ce_log,0.0,0.0,other,real,real,group_exp,group_exp_05,elastic_net,elastic_net_coef
num__hg_x_sa_log,0.0,0.0,other,real,real,group_exp,group_exp_05,elastic_net,elastic_net_coef
num__aged_x_fg_any,0.0,0.0,other,real,real,group_exp,group_exp_05,elastic_net,elastic_net_coef
num__aged_x_fg_complexing,0.0,0.0,other,real,real,group_exp,group_exp_05,elastic_net,elastic_net_coef
num__ret_ps_x_fg_any,0.0,0.0,polymer_identity,real,real,group_exp,group_exp_05,elastic_net,elastic_net_coef
num__ret_pe_x_fg_any,0.0,0.0,polymer_identity,real,real,group_exp,group_exp_05,elastic_net,elastic_net_coef
num__ret_pa_x_fg_any,0.0,0.0,polymer_identity,real,real,group_exp,group_exp_05,elastic_net,elastic_net_coef
num__null_random_normal,0.0,0.0,null_feature,real,random_noise,group_exp,group_exp_05,elastic_net,elastic_net_coef
num__null_random_uniform,0.0,0.0,null_feature,real,random_noise,group_exp,group_exp_05,elastic_net,elastic_net_coef
num__null_random_binary,0.0,0.0,null_feature,real,random_noise,group_exp,group_exp_05,elastic_net,elastic_net_coef
num__null_perm_ph,0.0,0.0,null_feature,real,permuted_real,group_exp,group_exp_05,elastic_net,elastic_net_coef
num__null_perm_ce,0.0,0.0,null_feature,real,permuted_real,group_exp,group_exp_05,elastic_net,elastic_net_coef
num__null_study_random_effect,0.0,0.0,null_feature,real,group_aware_random,group_exp,group_exp_05,elastic_net,elastic_net_coef
num__null_exp_random_effect,0.0,0.0,null_feature,real,group_aware_random,group_exp,group_exp_05,elastic_net,elastic_net_coef
ph,0.0007895218612255,0.0056559284659921,solution_chemistry,real,real,group_exp,group_exp_05,elastic_net,elastic_net_permutation
temp,0.0032047242060411,0.0229578074436921,solution_chemistry,real,real,group_exp,group_exp_05,elastic_net,elastic_net_permutation
ce,0.0002720764210652,0.0019490844400929,solution_chemistry,real,real,group_exp,group_exp_05,elastic_net,elastic_net_permutation
rpm,0.0,0.0,solution_chemistry,real,real,group_exp,group_exp_05,elastic_net,elastic_net_permutation
sa,0.0,0.0,surface_area_porosity,real,real,group_exp,group_exp_05,elastic_net,elastic_net_permutation
fg_complexing,0.0,0.0,surface_functionality,real,real,group_exp,group_exp_05,elastic_net,elastic_net_permutation
fg_polar,2.56519837271707e-07,1.837641135692628e-06,surface_functionality,real,real,group_exp,group_exp_05,elastic_net,elastic_net_permutation
fg_any,0.0,0.0,surface_functionality,real,real,group_exp,group_exp_05,elastic_net,elastic_net_permutation
ags_aged,0.0,0.0,aging_state,real,real,group_exp,group_exp_05,elastic_net,elastic_net_permutation
ags_virgin,0.0,0.0,aging_state,real,real,group_exp,group_exp_05,elastic_net,elastic_net_permutation
ph_missing,1.2128732947980223e-06,8.688707597078018e-06,solution_chemistry,real,real,group_exp,group_exp_05,elastic_net,elastic_net_permutation
temp_missing,3.744124744931021e-06,2.682193206431129e-05,solution_chemistry,real,real,group_exp,group_exp_05,elastic_net,elastic_net_permutation
rpm_missing,0.0,0.0,solution_chemistry,real,real,group_exp,group_exp_05,elastic_net,elastic_net_permutation
sa_missing,0.0,0.0,surface_area_porosity,real,real,group_exp,group_exp_05,elastic_net,elastic_net_permutation
metal_cd,0.0,0.0,metal_identity,real,real,group_exp,group_exp_05,elastic_net,elastic_net_permutation
metal_cr,0.0,0.0,metal_identity,real,real,group_exp,group_exp_05,elastic_net,elastic_net_permutation
metal_hg,0.0,0.0,metal_identity,real,real,group_exp,group_exp_05,elastic_net,elastic_net_permutation
ret_other,0.0,0.0,polymer_identity,real,real,group_exp,group_exp_05,elastic_net,elastic_net_permutation
ret_pa,2.8130469177933826e-06,2.01519336194458e-05,polymer_identity,real,real,group_exp,group_exp_05,elastic_net,elastic_net_permutation
ret_pe,0.0,0.0,polymer_identity,real,real,group_exp,group_exp_05,elastic_net,elastic_net_permutation
ret_pet,0.0,0.0,polymer_identity,real,real,group_exp,group_exp_05,elastic_net,elastic_net_permutation
ret_pla,0.0,0.0,polymer_identity,real,real,group_exp,group_exp_05,elastic_net,elastic_net_permutation
ret_pp,0.0,0.0,polymer_identity,real,real,group_exp,group_exp_05,elastic_net,elastic_net_permutation
ret_ps,1.9446298389236285e-06,1.3930820414158798e-05,polymer_identity,real,real,group_exp,group_exp_05,elastic_net,elastic_net_permutation
ret_pvc,0.0,0.0,polymer_identity,real,real,group_exp,group_exp_05,elastic_net,elastic_net_permutation
ce_log1p,0.0,0.0,solution_chemistry,real,real,group_exp,group_exp_05,elastic_net,elastic_net_permutation
rpm_log1p,0.0,0.0,solution_chemistry,real,real,group_exp,group_exp_05,elastic_net,elastic_net_permutation
sa_log1p,0.0,0.0,surface_area_porosity,real,real,group_exp,group_exp_05,elastic_net,elastic_net_permutation
temp_log1p,2.302232542739091e-06,1.6492592812564578e-05,solution_chemistry,real,real,group_exp,group_exp_05,elastic_net,elastic_net_permutation
ph_x_temp,0.0,0.0,solution_chemistry,real,real,group_exp,group_exp_05,elastic_net,elastic_net_permutation
ph_x_ce_log,7.529078004742118e-06,5.393634894870842e-05,solution_chemistry,real,real,group_exp,group_exp_05,elastic_net,elastic_net_permutation
temp_x_ce_log,0.0006559718956846,0.0046992113833734,solution_chemistry,real,real,group_exp,group_exp_05,elastic_net,elastic_net_permutation
ce_log_x_rpm_log,0.0006040492306153,0.0043272509680665,solution_chemistry,real,real,group_exp,group_exp_05,elastic_net,elastic_net_permutation
ce_over_rpm,0.1340374546111137,0.9602093270315798,solution_chemistry,real,real,group_exp,group_exp_05,elastic_net,elastic_net_permutation
ce_over_sa,0.0,0.0,solution_chemistry,real,real,group_exp,group_exp_05,elastic_net,elastic_net_permutation
cd_x_ph,0.0,0.0,other,real,real,group_exp,group_exp_05,elastic_net,elastic_net_permutation
cd_x_ce_log,0.0,0.0,other,real,real,group_exp,group_exp_05,elastic_net,elastic_net_permutation
cd_x_sa_log,0.0,0.0,other,real,real,group_exp,group_exp_05,elastic_net,elastic_net_permutation
cr_x_ph,1.0884686609813343e-06,7.797505283043418e-06,other,real,real,group_exp,group_exp_05,elastic_net,elastic_net_permutation
cr_x_ce_log,0.0,0.0,other,real,real,group_exp,group_exp_05,elastic_net,elastic_net_permutation
cr_x_sa_log,0.0,0.0,other,real,real,group_exp,group_exp_05,elastic_net,elastic_net_permutation
hg_x_ph,0.0,0.0,other,real,real,group_exp,group_exp_05,elastic_net,elastic_net_permutation
hg_x_ce_log,2.3729835478825127e-07,1.6999434539995736e-06,other,real,real,group_exp,group_exp_05,elastic_net,elastic_net_permutation
hg_x_sa_log,0.0,0.0,other,real,real,group_exp,group_exp_05,elastic_net,elastic_net_permutation
aged_x_fg_any,0.0,0.0,other,real,real,group_exp,group_exp_05,elastic_net,elastic_net_permutation
aged_x_fg_complexing,0.0,0.0,other,real,real,group_exp,group_exp_05,elastic_net,elastic_net_permutation
ret_ps_x_fg_any,1.941452495035634e-06,1.3908058752164464e-05,polymer_identity,real,real,group_exp,group_exp_05,elastic_net,elastic_net_permutation
ret_pe_x_fg_any,0.0,0.0,polymer_identity,real,real,group_exp,group_exp_05,elastic_net,elastic_net_permutation
ret_pa_x_fg_any,2.8130469177933826e-06,2.01519336194458e-05,polymer_identity,real,real,group_exp,group_exp_05,elastic_net,elastic_net_permutation
null_random_normal,0.0,0.0,null_feature,,random_noise,group_exp,group_exp_05,elastic_net,elastic_net_permutation
null_random_uniform,0.0,0.0,null_feature,,random_noise,group_exp,group_exp_05,elastic_net,elastic_net_permutation
null_random_binary,2.2296805810118057e-06,1.5972849502404753e-05,null_feature,,random_noise,group_exp,group_exp_05,elastic_net,elastic_net_permutation
null_perm_ph,0.0,0.0,null_feature,,permuted_real,group_exp,group_exp_05,elastic_net,elastic_net_permutation
null_perm_ce,0.0,0.0,null_feature,,permuted_real,group_exp,group_exp_05,elastic_net,elastic_net_permutation
null_study_random_effect,0.0,0.0,null_feature,,group_aware_random,group_exp,group_exp_05,elastic_net,elastic_net_permutation
null_exp_random_effect,0.0,0.0,null_feature,,group_aware_random,group_exp,group_exp_05,elastic_net,elastic_net_permutation
ph,0.001363399089085,0.0007009788378989,solution_chemistry,real,real,group_exp,group_exp_05,lightgbm,lightgbm_permutation
temp,0.0026596966449314,0.0013674580526374,solution_chemistry,real,real,group_exp,group_exp_05,lightgbm,lightgbm_permutation
ce,0.0313259351490216,0.0161059353733297,solution_chemistry,real,real,group_exp,group_exp_05,lightgbm,lightgbm_permutation
rpm,0.0742068552079202,0.0381527577245888,solution_chemistry,real,real,group_exp,group_exp_05,lightgbm,lightgbm_permutation
sa,0.0138893903381792,0.007141099606364,surface_area_porosity,real,real,group_exp,group_exp_05,lightgbm,lightgbm_permutation
fg_complexing,0.0010315876180542,0.0005303810861278,surface_functionality,real,real,group_exp,group_exp_05,lightgbm,lightgbm_permutation
fg_polar,0.0010796244012551,0.0005550787470945,surface_functionality,real,real,group_exp,group_exp_05,lightgbm,lightgbm_permutation
fg_any,3.045667870960056e-07,1.565901533823535e-07,surface_functionality,real,real,group_exp,group_exp_05,lightgbm,lightgbm_permutation
ags_aged,0.0,0.0,aging_state,real,real,group_exp,group_exp_05,lightgbm,lightgbm_permutation
ags_virgin,0.0016144734115588,0.0008300663429464,aging_state,real,real,group_exp,group_exp_05,lightgbm,lightgbm_permutation
ph_missing,0.0014261618674364,0.0007332477309797,solution_chemistry,real,real,group_exp,group_exp_05,lightgbm,lightgbm_permutation
temp_missing,0.0005255446218143,0.000270203831888,solution_chemistry,real,real,group_exp,group_exp_05,lightgbm,lightgbm_permutation
rpm_missing,0.2782737584908181,0.1430718396442403,solution_chemistry,real,real,group_exp,group_exp_05,lightgbm,lightgbm_permutation
sa_missing,0.0028449451360075,0.0014627018246457,surface_area_porosity,real,real,group_exp,group_exp_05,lightgbm,lightgbm_permutation
metal_cd,0.0002433761233033,0.0001251295482381,metal_identity,real,real,group_exp,group_exp_05,lightgbm,lightgbm_permutation
metal_cr,0.0020619381051304,0.0010601261129813,metal_identity,real,real,group_exp,group_exp_05,lightgbm,lightgbm_permutation
metal_hg,0.0,0.0,metal_identity,real,real,group_exp,group_exp_05,lightgbm,lightgbm_permutation
ret_other,0.0205756574510394,0.0105787810513475,polymer_identity,real,real,group_exp,group_exp_05,lightgbm,lightgbm_permutation
ret_pa,0.0023580704661455,0.0012123797854023,polymer_identity,real,real,group_exp,group_exp_05,lightgbm,lightgbm_permutation
ret_pe,0.0028889093545516,0.0014853056147398,polymer_identity,real,real,group_exp,group_exp_05,lightgbm,lightgbm_permutation
ret_pet,0.0,0.0,polymer_identity,real,real,group_exp,group_exp_05,lightgbm,lightgbm_permutation
ret_pla,0.0853433555085743,0.0438784847706976,polymer_identity,real,real,group_exp,group_exp_05,lightgbm,lightgbm_permutation
ret_pp,0.0,0.0,polymer_identity,real,real,group_exp,group_exp_05,lightgbm,lightgbm_permutation
ret_ps,0.002358489999219,0.0012125954843921,polymer_identity,real,real,group_exp,group_exp_05,lightgbm,lightgbm_permutation
ret_pvc,2.7469597549406587e-05,1.4123235611561249e-05,polymer_identity,real,real,group_exp,group_exp_05,lightgbm,lightgbm_permutation
ce_log1p,0.0016819184970622,0.0008647426002775,solution_chemistry,real,real,group_exp,group_exp_05,lightgbm,lightgbm_permutation
rpm_log1p,0.0002872099238732,0.0001476662851556,solution_chemistry,real,real,group_exp,group_exp_05,lightgbm,lightgbm_permutation
sa_log1p,0.0103637478361909,0.0053284236234649,surface_area_porosity,real,real,group_exp,group_exp_05,lightgbm,lightgbm_permutation
temp_log1p,0.000657806342849,0.0003382049536811,solution_chemistry,real,real,group_exp,group_exp_05,lightgbm,lightgbm_permutation
ph_x_temp,0.0015858944409805,0.0008153727336102,solution_chemistry,real,real,group_exp,group_exp_05,lightgbm,lightgbm_permutation
ph_x_ce_log,0.0077003874143399,0.003959081874331,solution_chemistry,real,real,group_exp,group_exp_05,lightgbm,lightgbm_permutation
temp_x_ce_log,0.0718762642180075,0.0369545062538303,solution_chemistry,real,real,group_exp,group_exp_05,lightgbm,lightgbm_permutation
ce_log_x_rpm_log,0.0149999126804221,0.0077120642396533,solution_chemistry,real,real,group_exp,group_exp_05,lightgbm,lightgbm_permutation
ce_over_rpm,0.014563814042969,0.0074878482206325,solution_chemistry,real,real,group_exp,group_exp_05,lightgbm,lightgbm_permutation
ce_over_sa,0.0100704795808967,0.0051776425041033,solution_chemistry,real,real,group_exp,group_exp_05,lightgbm,lightgbm_permutation
cd_x_ph,0.0044242974107637,0.0022747109649295,other,real,real,group_exp,group_exp_05,lightgbm,lightgbm_permutation
cd_x_ce_log,0.0043884217490343,0.0022562658303616,other,real,real,group_exp,group_exp_05,lightgbm,lightgbm_permutation
cd_x_sa_log,0.0163660213445804,0.0084144361801304,other,real,real,group_exp,group_exp_05,lightgbm,lightgbm_permutation
cr_x_ph,0.0007147124874983,0.0003674627135438,other,real,real,group_exp,group_exp_05,lightgbm,lightgbm_permutation
cr_x_ce_log,0.1147806154048549,0.0590133754994813,other,real,real,group_exp,group_exp_05,lightgbm,lightgbm_permutation
cr_x_sa_log,0.0041237348942542,0.0021201795696649,other,real,real,group_exp,group_exp_05,lightgbm,lightgbm_permutation
hg_x_ph,0.0003758266244301,0.0001932277295427,other,real,real,group_exp,group_exp_05,lightgbm,lightgbm_permutation
hg_x_ce_log,0.1998364653351959,0.1027440419771105,other,real,real,group_exp,group_exp_05,lightgbm,lightgbm_permutation
hg_x_sa_log,0.0,0.0,other,real,real,group_exp,group_exp_05,lightgbm,lightgbm_permutation
aged_x_fg_any,0.0020404020478425,0.001049053551373,other,real,real,group_exp,group_exp_05,lightgbm,lightgbm_permutation
aged_x_fg_complexing,0.8123335309312758,0.417653656260491,other,real,real,group_exp,group_exp_05,lightgbm,lightgbm_permutation
ret_ps_x_fg_any,0.0019014707660266,0.0009776233375384,polymer_identity,real,real,group_exp,group_exp_05,lightgbm,lightgbm_permutation
ret_pe_x_fg_any,0.0077681023685948,0.0039938968821464,polymer_identity,real,real,group_exp,group_exp_05,lightgbm,lightgbm_permutation
ret_pa_x_fg_any,0.0,0.0,polymer_identity,real,real,group_exp,group_exp_05,lightgbm,lightgbm_permutation
null_random_normal,0.0,0.0,null_feature,,random_noise,group_exp,group_exp_05,lightgbm,lightgbm_permutation
null_random_uniform,0.0,0.0,null_feature,,random_noise,group_exp,group_exp_05,lightgbm,lightgbm_permutation
null_random_binary,0.0,0.0,null_feature,,random_noise,group_exp,group_exp_05,lightgbm,lightgbm_permutation
null_perm_ph,0.0,0.0,null_feature,,permuted_real,group_exp,group_exp_05,lightgbm,lightgbm_permutation
null_perm_ce,0.0085865176194311,0.0044146773975823,null_feature,,permuted_real,group_exp,group_exp_05,lightgbm,lightgbm_permutation
null_study_random_effect,0.0355083070720713,0.0182562626206864,null_feature,,group_aware_random,group_exp,group_exp_05,lightgbm,lightgbm_permutation
null_exp_random_effect,0.0719584186827702,0.0369967452003711,null_feature,,group_aware_random,group_exp,group_exp_05,lightgbm,lightgbm_permutation
num__ph,59.0,0.0039493942030925,solution_chemistry,real,real,group_exp,group_exp_05,lightgbm,lightgbm_builtin_gain
num__temp,106.0,0.007095521788607,solution_chemistry,real,real,group_exp,group_exp_05,lightgbm,lightgbm_builtin_gain
num__ce,506.0,0.0338710757078787,solution_chemistry,real,real,group_exp,group_exp_05,lightgbm,lightgbm_builtin_gain
num__rpm,297.0,0.0198808487850592,solution_chemistry,real,real,group_exp,group_exp_05,lightgbm,lightgbm_builtin_gain
num__sa,613.0,0.0410335363812838,surface_area_porosity,real,real,group_exp,group_exp_05,lightgbm,lightgbm_builtin_gain
num__fg_complexing,6.0,0.000401633308789,surface_functionality,real,real,group_exp,group_exp_05,lightgbm,lightgbm_builtin_gain
num__fg_polar,11.0,0.0007363277327799,surface_functionality,real,real,group_exp,group_exp_05,lightgbm,lightgbm_builtin_gain
num__fg_any,0.0,0.0,surface_functionality,real,real,group_exp,group_exp_05,lightgbm,lightgbm_builtin_gain
num__ags_aged,83.0,0.0055559274382488,aging_state,real,real,group_exp,group_exp_05,lightgbm,lightgbm_builtin_gain
num__ags_virgin,6.0,0.000401633308789,aging_state,real,real,group_exp,group_exp_05,lightgbm,lightgbm_builtin_gain
num__ph_missing,39.0,0.0026106165071289,solution_chemistry,real,real,group_exp,group_exp_05,lightgbm,lightgbm_builtin_gain
num__temp_missing,54.0,0.0036146997791016,solution_chemistry,real,real,group_exp,group_exp_05,lightgbm,lightgbm_builtin_gain
num__rpm_missing,151.0,0.010107771604525,solution_chemistry,real,real,group_exp,group_exp_05,lightgbm,lightgbm_builtin_gain
num__sa_missing,65.0,0.0043510275118816,surface_area_porosity,real,real,group_exp,group_exp_05,lightgbm,lightgbm_builtin_gain
num__metal_cd,18.0,0.0012048999263672,metal_identity,real,real,group_exp,group_exp_05,lightgbm,lightgbm_builtin_gain
num__metal_cr,25.0,0.0016734721199544,metal_identity,real,real,group_exp,group_exp_05,lightgbm,lightgbm_builtin_gain
num__metal_hg,15.0,0.0010040832719726,metal_identity,real,real,group_exp,group_exp_05,lightgbm,lightgbm_builtin_gain
num__ret_other,208.0,0.0139232880380212,polymer_identity,real,real,group_exp,group_exp_05,lightgbm,lightgbm_builtin_gain
num__ret_pa,71.0,0.0047526608206707,polymer_identity,real,real,group_exp,group_exp_05,lightgbm,lightgbm_builtin_gain
num__ret_pe,15.0,0.0010040832719726,polymer_identity,real,real,group_exp,group_exp_05,lightgbm,lightgbm_builtin_gain
num__ret_pet,5.0,0.0003346944239908,polymer_identity,real,real,group_exp,group_exp_05,lightgbm,lightgbm_builtin_gain
num__ret_pla,103.0,0.0068947051342124,polymer_identity,real,real,group_exp,group_exp_05,lightgbm,lightgbm_builtin_gain
num__ret_pp,68.0,0.0045518441662761,polymer_identity,real,real,group_exp,group_exp_05,lightgbm,lightgbm_builtin_gain
num__ret_ps,106.0,0.007095521788607,polymer_identity,real,real,group_exp,group_exp_05,lightgbm,lightgbm_builtin_gain
num__ret_pvc,0.0,0.0,polymer_identity,real,real,group_exp,group_exp_05,lightgbm,lightgbm_builtin_gain
num__ce_log1p,57.0,0.0038155164334962,solution_chemistry,real,real,group_exp,group_exp_05,lightgbm,lightgbm_builtin_gain
num__rpm_log1p,61.0,0.0040832719726889,solution_chemistry,real,real,group_exp,group_exp_05,lightgbm,lightgbm_builtin_gain
num__sa_log1p,292.0,0.0195461543610683,surface_area_porosity,real,real,group_exp,group_exp_05,lightgbm,lightgbm_builtin_gain
num__temp_log1p,27.0,0.0018073498895508,solution_chemistry,real,real,group_exp,group_exp_05,lightgbm,lightgbm_builtin_gain
num__ph_x_temp,38.0,0.0025436776223308,solution_chemistry,real,real,group_exp,group_exp_05,lightgbm,lightgbm_builtin_gain
num__ph_x_ce_log,947.0,0.0633911239038757,solution_chemistry,real,real,group_exp,group_exp_05,lightgbm,lightgbm_builtin_gain
num__temp_x_ce_log,693.0,0.0463886471651382,solution_chemistry,real,real,group_exp,group_exp_05,lightgbm,lightgbm_builtin_gain
num__ce_log_x_rpm_log,505.0,0.0338041368230805,solution_chemistry,real,real,group_exp,group_exp_05,lightgbm,lightgbm_builtin_gain
num__ce_over_rpm,515.0,0.0344735256710623,solution_chemistry,real,real,group_exp,group_exp_05,lightgbm,lightgbm_builtin_gain
num__ce_over_sa,851.0,0.0569649909632505,solution_chemistry,real,real,group_exp,group_exp_05,lightgbm,lightgbm_builtin_gain
num__cd_x_ph,177.0,0.0118481826092777,other,real,real,group_exp,group_exp_05,lightgbm,lightgbm_builtin_gain
num__cd_x_ce_log,318.0,0.021286565365821,other,real,real,group_exp,group_exp_05,lightgbm,lightgbm_builtin_gain
num__cd_x_sa_log,422.0,0.0282482093848316,other,real,real,group_exp,group_exp_05,lightgbm,lightgbm_builtin_gain
num__cr_x_ph,0.0,0.0,other,real,real,group_exp,group_exp_05,lightgbm,lightgbm_builtin_gain
num__cr_x_ce_log,236.0,0.0157975768123703,other,real,real,group_exp,group_exp_05,lightgbm,lightgbm_builtin_gain
num__cr_x_sa_log,339.0,0.0226922819465827,other,real,real,group_exp,group_exp_05,lightgbm,lightgbm_builtin_gain
num__hg_x_ph,166.0,0.0111118548764977,other,real,real,group_exp,group_exp_05,lightgbm,lightgbm_builtin_gain
num__hg_x_ce_log,611.0,0.0408996586116875,other,real,real,group_exp,group_exp_05,lightgbm,lightgbm_builtin_gain
num__hg_x_sa_log,11.0,0.0007363277327799,other,real,real,group_exp,group_exp_05,lightgbm,lightgbm_builtin_gain
num__aged_x_fg_any,0.0,0.0,other,real,real,group_exp,group_exp_05,lightgbm,lightgbm_builtin_gain
num__aged_x_fg_complexing,140.0,0.009371443871745,other,real,real,group_exp,group_exp_05,lightgbm,lightgbm_builtin_gain
num__ret_ps_x_fg_any,28.0,0.001874288774349,polymer_identity,real,real,group_exp,group_exp_05,lightgbm,lightgbm_builtin_gain
num__ret_pe_x_fg_any,22.0,0.0014726554655599,polymer_identity,real,real,group_exp,group_exp_05,lightgbm,lightgbm_builtin_gain
num__ret_pa_x_fg_any,6.0,0.000401633308789,polymer_identity,real,real,group_exp,group_exp_05,lightgbm,lightgbm_builtin_gain
num__null_random_normal,1191.0,0.0797242117946315,null_feature,real,random_noise,group_exp,group_exp_05,lightgbm,lightgbm_builtin_gain
num__null_random_uniform,911.0,0.0609813240511413,null_feature,real,random_noise,group_exp,group_exp_05,lightgbm,lightgbm_builtin_gain
num__null_random_binary,153.0,0.0102416493741214,null_feature,real,random_noise,group_exp,group_exp_05,lightgbm,lightgbm_builtin_gain
num__null_perm_ph,635.0,0.0425061918468438,null_feature,real,permuted_real,group_exp,group_exp_05,lightgbm,lightgbm_builtin_gain
num__null_perm_ce,927.0,0.0620523462079121,null_feature,real,permuted_real,group_exp,group_exp_05,lightgbm,lightgbm_builtin_gain
num__null_study_random_effect,682.0,0.0456523194323582,null_feature,real,group_aware_random,group_exp,group_exp_05,lightgbm,lightgbm_builtin_gain
num__null_exp_random_effect,1348.0,0.0902336167079456,null_feature,real,group_aware_random,group_exp,group_exp_05,lightgbm,lightgbm_builtin_gain
ph,0.0007195357018763,0.0009779115944082,solution_chemistry,real,real,group_exp,group_exp_05,lightgbm,lightgbm_shap
temp,0.005980004211477,0.0081273457839038,solution_chemistry,real,real,group_exp,group_exp_05,lightgbm,lightgbm_shap
ce,0.0128386487790854,0.0174488402241357,solution_chemistry,real,real,group_exp,group_exp_05,lightgbm,lightgbm_shap
rpm,0.0537208176433176,0.0730112630929807,solution_chemistry,real,real,group_exp,group_exp_05,lightgbm,lightgbm_shap
sa,0.0122350514112167,0.0166284989084043,surface_area_porosity,real,real,group_exp,group_exp_05,lightgbm,lightgbm_shap
fg_complexing,0.0003015812759349,0.0004098751814873,surface_functionality,real,real,group_exp,group_exp_05,lightgbm,lightgbm_shap
fg_polar,0.0011987095978887,0.0016291505912033,surface_functionality,real,real,group_exp,group_exp_05,lightgbm,lightgbm_shap
fg_any,0.0,0.0,surface_functionality,real,real,group_exp,group_exp_05,lightgbm,lightgbm_shap
ags_aged,0.006200971120069,0.0084276590294164,aging_state,real,real,group_exp,group_exp_05,lightgbm,lightgbm_shap
ags_virgin,0.0001210081237648,0.0001644605638588,aging_state,real,real,group_exp,group_exp_05,lightgbm,lightgbm_shap
ph_missing,0.0022762130211935,0.0030935714502607,solution_chemistry,real,real,group_exp,group_exp_05,lightgbm,lightgbm_shap
temp_missing,0.0016865573366542,0.0022921780946343,solution_chemistry,real,real,group_exp,group_exp_05,lightgbm,lightgbm_shap
rpm_missing,0.0639267611425705,0.0868820278844533,solution_chemistry,real,real,group_exp,group_exp_05,lightgbm,lightgbm_shap
sa_missing,0.0092007768837838,0.0125046559451486,surface_area_porosity,real,real,group_exp,group_exp_05,lightgbm,lightgbm_shap
metal_cd,0.0002562970076102,0.0003483299226161,metal_identity,real,real,group_exp,group_exp_05,lightgbm,lightgbm_shap
metal_cr,0.0015707643585624,0.0021348053672885,metal_identity,real,real,group_exp,group_exp_05,lightgbm,lightgbm_shap
metal_hg,0.0029586936131338,0.0040211219277097,metal_identity,real,real,group_exp,group_exp_05,lightgbm,lightgbm_shap
ret_other,0.0707814259165236,0.0961981134389988,polymer_identity,real,real,group_exp,group_exp_05,lightgbm,lightgbm_shap
ret_pa,0.0120887590614155,0.0164296748824792,polymer_identity,real,real,group_exp,group_exp_05,lightgbm,lightgbm_shap
ret_pe,0.0026418256990091,0.0035904708754958,polymer_identity,real,real,group_exp,group_exp_05,lightgbm,lightgbm_shap
ret_pet,0.0002785599974662,0.0003785872619665,polymer_identity,real,real,group_exp,group_exp_05,lightgbm,lightgbm_shap
ret_pla,0.010644533984103,0.0144668474030979,polymer_identity,real,real,group_exp,group_exp_05,lightgbm,lightgbm_shap
ret_pp,0.0143416259985545,0.0194915169741808,polymer_identity,real,real,group_exp,group_exp_05,lightgbm,lightgbm_shap
ret_ps,0.0028292952417033,0.0038452582876019,polymer_identity,real,real,group_exp,group_exp_05,lightgbm,lightgbm_shap
ret_pvc,0.0,0.0,polymer_identity,real,real,group_exp,group_exp_05,lightgbm,lightgbm_shap
ce_log1p,0.0060411332110358,0.0082104254104841,solution_chemistry,real,real,group_exp,group_exp_05,lightgbm,lightgbm_shap
rpm_log1p,0.0035738824200329,0.0048572170171513,solution_chemistry,real,real,group_exp,group_exp_05,lightgbm,lightgbm_shap
sa_log1p,0.0050826638743219,0.0069077822270911,surface_area_porosity,real,real,group_exp,group_exp_05,lightgbm,lightgbm_shap
temp_log1p,0.0015890029035744,0.0021595931361036,solution_chemistry,real,real,group_exp,group_exp_05,lightgbm,lightgbm_shap
ph_x_temp,0.0018273268929413,0.0024834961638751,solution_chemistry,real,real,group_exp,group_exp_05,lightgbm,lightgbm_shap
ph_x_ce_log,0.0154100687827173,0.0209436236366714,solution_chemistry,real,real,group_exp,group_exp_05,lightgbm,lightgbm_shap
temp_x_ce_log,0.0475579796909836,0.0646354303548274,solution_chemistry,real,real,group_exp,group_exp_05,lightgbm,lightgbm_shap
ce_log_x_rpm_log,0.0132065436511505,0.0179488413498306,solution_chemistry,real,real,group_exp,group_exp_05,lightgbm,lightgbm_shap
ce_over_rpm,0.0139059796554269,0.0188994357071984,solution_chemistry,real,real,group_exp,group_exp_05,lightgbm,lightgbm_shap
ce_over_sa,0.016476569188117,0.022393090437501,solution_chemistry,real,real,group_exp,group_exp_05,lightgbm,lightgbm_shap
cd_x_ph,0.0052185576536443,0.0070924736914072,other,real,real,group_exp,group_exp_05,lightgbm,lightgbm_shap
cd_x_ce_log,0.0054498466284474,0.0074068155225755,other,real,real,group_exp,group_exp_05,lightgbm,lightgbm_shap
cd_x_sa_log,0.0083809425921492,0.0113904298446338,other,real,real,group_exp,group_exp_05,lightgbm,lightgbm_shap
cr_x_ph,0.0,0.0,other,real,real,group_exp,group_exp_05,lightgbm,lightgbm_shap
cr_x_ce_log,0.1024728470252716,0.1392695108202533,other,real,real,group_exp,group_exp_05,lightgbm,lightgbm_shap
cr_x_sa_log,0.0052009762483875,0.0070685790326685,other,real,real,group_exp,group_exp_05,lightgbm,lightgbm_shap
hg_x_ph,0.0014903188351979,0.0020254729049642,other,real,real,group_exp,group_exp_05,lightgbm,lightgbm_shap
hg_x_ce_log,0.0517041792488563,0.0702704761347663,other,real,real,group_exp,group_exp_05,lightgbm,lightgbm_shap
hg_x_sa_log,0.0001445157172053,0.0001964094277195,other,real,real,group_exp,group_exp_05,lightgbm,lightgbm_shap
aged_x_fg_any,0.0,0.0,other,real,real,group_exp,group_exp_05,lightgbm,lightgbm_shap
aged_x_fg_complexing,0.0613742750428121,0.0834129772938986,other,real,real,group_exp,group_exp_05,lightgbm,lightgbm_shap
ret_ps_x_fg_any,0.0005508407365938,0.0007486404657653,polymer_identity,real,real,group_exp,group_exp_05,lightgbm,lightgbm_shap
ret_pe_x_fg_any,0.0055729018874213,0.0075740583212158,polymer_identity,real,real,group_exp,group_exp_05,lightgbm,lightgbm_shap
ret_pa_x_fg_any,0.000896056264772,0.0012178183907728,polymer_identity,real,real,group_exp,group_exp_05,lightgbm,lightgbm_shap
null_random_normal,0.0073032966024733,0.0099258152254795,null_feature,,random_noise,group_exp,group_exp_05,lightgbm,lightgbm_shap
null_random_uniform,0.005023564126025,0.0068274605294526,null_feature,,random_noise,group_exp,group_exp_05,lightgbm,lightgbm_shap
null_random_binary,0.001478093720624,0.0020088579110818,null_feature,,random_noise,group_exp,group_exp_05,lightgbm,lightgbm_shap
null_perm_ph,0.0028398400479802,0.0038595895963779,null_feature,,permuted_real,group_exp,group_exp_05,lightgbm,lightgbm_shap
null_perm_ce,0.0060009986506668,0.0081558790525773,null_feature,,permuted_real,group_exp,group_exp_05,lightgbm,lightgbm_shap
null_study_random_effect,0.032760851159099,0.0445248458243541,null_feature,,group_aware_random,group_exp,group_exp_05,lightgbm,lightgbm_shap
null_exp_random_effect,0.0184556179997167,0.0250827898835691,null_feature,,group_aware_random,group_exp,group_exp_05,lightgbm,lightgbm_shap
num__ph,0.0,0.0,solution_chemistry,real,real,group_aut,group_aut_01,elastic_net,elastic_net_coef
num__temp,0.0017174205464202,0.0669193311902438,solution_chemistry,real,real,group_aut,group_aut_01,elastic_net,elastic_net_coef
num__ce,0.0,0.0,solution_chemistry,real,real,group_aut,group_aut_01,elastic_net,elastic_net_coef
num__rpm,0.0,0.0,solution_chemistry,real,real,group_aut,group_aut_01,elastic_net,elastic_net_coef
num__sa,0.0,0.0,surface_area_porosity,real,real,group_aut,group_aut_01,elastic_net,elastic_net_coef
num__fg_complexing,0.0,0.0,surface_functionality,real,real,group_aut,group_aut_01,elastic_net,elastic_net_coef
num__fg_polar,0.0,0.0,surface_functionality,real,real,group_aut,group_aut_01,elastic_net,elastic_net_coef
num__fg_any,0.0,0.0,surface_functionality,real,real,group_aut,group_aut_01,elastic_net,elastic_net_coef
num__ags_aged,0.0,0.0,aging_state,real,real,group_aut,group_aut_01,elastic_net,elastic_net_coef
num__ags_virgin,0.0,0.0,aging_state,real,real,group_aut,group_aut_01,elastic_net,elastic_net_coef
num__ph_missing,0.0,0.0,solution_chemistry,real,real,group_aut,group_aut_01,elastic_net,elastic_net_coef
num__temp_missing,0.0,0.0,solution_chemistry,real,real,group_aut,group_aut_01,elastic_net,elastic_net_coef
num__rpm_missing,0.0,0.0,solution_chemistry,real,real,group_aut,group_aut_01,elastic_net,elastic_net_coef
num__sa_missing,0.0,0.0,surface_area_porosity,real,real,group_aut,group_aut_01,elastic_net,elastic_net_coef
num__metal_cd,0.0,0.0,metal_identity,real,real,group_aut,group_aut_01,elastic_net,elastic_net_coef
num__metal_cr,0.0,0.0,metal_identity,real,real,group_aut,group_aut_01,elastic_net,elastic_net_coef
num__metal_hg,0.0,0.0,metal_identity,real,real,group_aut,group_aut_01,elastic_net,elastic_net_coef
num__ret_other,0.0,0.0,polymer_identity,real,real,group_aut,group_aut_01,elastic_net,elastic_net_coef
num__ret_pa,0.0,0.0,polymer_identity,real,real,group_aut,group_aut_01,elastic_net,elastic_net_coef
num__ret_pe,0.0,0.0,polymer_identity,real,real,group_aut,group_aut_01,elastic_net,elastic_net_coef
num__ret_pet,0.0,0.0,polymer_identity,real,real,group_aut,group_aut_01,elastic_net,elastic_net_coef
num__ret_pla,0.0,0.0,polymer_identity,real,real,group_aut,group_aut_01,elastic_net,elastic_net_coef
num__ret_pp,0.0,0.0,polymer_identity,real,real,group_aut,group_aut_01,elastic_net,elastic_net_coef
num__ret_ps,0.0,0.0,polymer_identity,real,real,group_aut,group_aut_01,elastic_net,elastic_net_coef
num__ret_pvc,0.0,0.0,polymer_identity,real,real,group_aut,group_aut_01,elastic_net,elastic_net_coef
num__ce_log1p,0.0,0.0,solution_chemistry,real,real,group_aut,group_aut_01,elastic_net,elastic_net_coef
num__rpm_log1p,0.0,0.0,solution_chemistry,real,real,group_aut,group_aut_01,elastic_net,elastic_net_coef
num__sa_log1p,0.0,0.0,surface_area_porosity,real,real,group_aut,group_aut_01,elastic_net,elastic_net_coef
num__temp_log1p,0.0,0.0,solution_chemistry,real,real,group_aut,group_aut_01,elastic_net,elastic_net_coef
num__ph_x_temp,0.0,0.0,solution_chemistry,real,real,group_aut,group_aut_01,elastic_net,elastic_net_coef
num__ph_x_ce_log,0.0,0.0,solution_chemistry,real,real,group_aut,group_aut_01,elastic_net,elastic_net_coef
num__temp_x_ce_log,0.0,0.0,solution_chemistry,real,real,group_aut,group_aut_01,elastic_net,elastic_net_coef
num__ce_log_x_rpm_log,0.0,0.0,solution_chemistry,real,real,group_aut,group_aut_01,elastic_net,elastic_net_coef
num__ce_over_rpm,0.0239466217545677,0.9330806688097562,solution_chemistry,real,real,group_aut,group_aut_01,elastic_net,elastic_net_coef
num__ce_over_sa,0.0,0.0,solution_chemistry,real,real,group_aut,group_aut_01,elastic_net,elastic_net_coef
num__cd_x_ph,0.0,0.0,other,real,real,group_aut,group_aut_01,elastic_net,elastic_net_coef
num__cd_x_ce_log,0.0,0.0,other,real,real,group_aut,group_aut_01,elastic_net,elastic_net_coef
num__cd_x_sa_log,0.0,0.0,other,real,real,group_aut,group_aut_01,elastic_net,elastic_net_coef
num__cr_x_ph,0.0,0.0,other,real,real,group_aut,group_aut_01,elastic_net,elastic_net_coef
num__cr_x_ce_log,0.0,0.0,other,real,real,group_aut,group_aut_01,elastic_net,elastic_net_coef
num__cr_x_sa_log,0.0,0.0,other,real,real,group_aut,group_aut_01,elastic_net,elastic_net_coef
num__hg_x_ph,0.0,0.0,other,real,real,group_aut,group_aut_01,elastic_net,elastic_net_coef
num__hg_x_ce_log,0.0,0.0,other,real,real,group_aut,group_aut_01,elastic_net,elastic_net_coef
num__hg_x_sa_log,0.0,0.0,other,real,real,group_aut,group_aut_01,elastic_net,elastic_net_coef
num__aged_x_fg_any,0.0,0.0,other,real,real,group_aut,group_aut_01,elastic_net,elastic_net_coef
num__aged_x_fg_complexing,0.0,0.0,other,real,real,group_aut,group_aut_01,elastic_net,elastic_net_coef
num__ret_ps_x_fg_any,0.0,0.0,polymer_identity,real,real,group_aut,group_aut_01,elastic_net,elastic_net_coef
num__ret_pe_x_fg_any,0.0,0.0,polymer_identity,real,real,group_aut,group_aut_01,elastic_net,elastic_net_coef
num__ret_pa_x_fg_any,0.0,0.0,polymer_identity,real,real,group_aut,group_aut_01,elastic_net,elastic_net_coef
num__null_random_normal,0.0,0.0,null_feature,real,random_noise,group_aut,group_aut_01,elastic_net,elastic_net_coef
num__null_random_uniform,0.0,0.0,null_feature,real,random_noise,group_aut,group_aut_01,elastic_net,elastic_net_coef
num__null_random_binary,0.0,0.0,null_feature,real,random_noise,group_aut,group_aut_01,elastic_net,elastic_net_coef
num__null_perm_ph,0.0,0.0,null_feature,real,permuted_real,group_aut,group_aut_01,elastic_net,elastic_net_coef
num__null_perm_ce,0.0,0.0,null_feature,real,permuted_real,group_aut,group_aut_01,elastic_net,elastic_net_coef
num__null_study_random_effect,0.0,0.0,null_feature,real,group_aware_random,group_aut,group_aut_01,elastic_net,elastic_net_coef
num__null_exp_random_effect,0.0,0.0,null_feature,real,group_aware_random,group_aut,group_aut_01,elastic_net,elastic_net_coef
ph,0.0,0.0,solution_chemistry,real,real,group_aut,group_aut_01,elastic_net,elastic_net_permutation
temp,0.0038528836801338,0.8976537495048152,solution_chemistry,real,real,group_aut,group_aut_01,elastic_net,elastic_net_permutation
ce,0.0,0.0,solution_chemistry,real,real,group_aut,group_aut_01,elastic_net,elastic_net_permutation
rpm,0.0,0.0,solution_chemistry,real,real,group_aut,group_aut_01,elastic_net,elastic_net_permutation
sa,0.0,0.0,surface_area_porosity,real,real,group_aut,group_aut_01,elastic_net,elastic_net_permutation
fg_complexing,0.0,0.0,surface_functionality,real,real,group_aut,group_aut_01,elastic_net,elastic_net_permutation
fg_polar,4.4051151182333835e-08,1.0263139069760798e-05,surface_functionality,real,real,group_aut,group_aut_01,elastic_net,elastic_net_permutation
fg_any,0.0,0.0,surface_functionality,real,real,group_aut,group_aut_01,elastic_net,elastic_net_permutation
ags_aged,1.8634126666694504e-06,0.0004341421921807,aging_state,real,real,group_aut,group_aut_01,elastic_net,elastic_net_permutation
ags_virgin,1.8634126666694504e-06,0.0004341421921807,aging_state,real,real,group_aut,group_aut_01,elastic_net,elastic_net_permutation
ph_missing,0.0,0.0,solution_chemistry,real,real,group_aut,group_aut_01,elastic_net,elastic_net_permutation
temp_missing,0.0,0.0,solution_chemistry,real,real,group_aut,group_aut_01,elastic_net,elastic_net_permutation
rpm_missing,0.0,0.0,solution_chemistry,real,real,group_aut,group_aut_01,elastic_net,elastic_net_permutation
sa_missing,0.0,0.0,surface_area_porosity,real,real,group_aut,group_aut_01,elastic_net,elastic_net_permutation
metal_cd,3.1056877777824177e-07,7.235703203011875e-05,metal_identity,real,real,group_aut,group_aut_01,elastic_net,elastic_net_permutation
metal_cr,0.0,0.0,metal_identity,real,real,group_aut,group_aut_01,elastic_net,elastic_net_permutation
metal_hg,0.0,0.0,metal_identity,real,real,group_aut,group_aut_01,elastic_net,elastic_net_permutation
ret_other,0.0,0.0,polymer_identity,real,real,group_aut,group_aut_01,elastic_net,elastic_net_permutation
ret_pa,0.0,0.0,polymer_identity,real,real,group_aut,group_aut_01,elastic_net,elastic_net_permutation
ret_pe,1.1012787795583456e-07,2.5657847674402e-05,polymer_identity,real,real,group_aut,group_aut_01,elastic_net,elastic_net_permutation
ret_pet,0.0,0.0,polymer_identity,real,real,group_aut,group_aut_01,elastic_net,elastic_net_permutation
ret_pla,0.0,0.0,polymer_identity,real,real,group_aut,group_aut_01,elastic_net,elastic_net_permutation
ret_pp,0.0,0.0,polymer_identity,real,real,group_aut,group_aut_01,elastic_net,elastic_net_permutation
ret_ps,2.2025575591166918e-07,5.1315695348804e-05,polymer_identity,real,real,group_aut,group_aut_01,elastic_net,elastic_net_permutation
ret_pvc,0.0,0.0,polymer_identity,real,real,group_aut,group_aut_01,elastic_net,elastic_net_permutation
ce_log1p,1.178955963465622e-06,0.0002746758866774,solution_chemistry,real,real,group_aut,group_aut_01,elastic_net,elastic_net_permutation
rpm_log1p,0.0,0.0,solution_chemistry,real,real,group_aut,group_aut_01,elastic_net,elastic_net_permutation
sa_log1p,0.0,0.0,surface_area_porosity,real,real,group_aut,group_aut_01,elastic_net,elastic_net_permutation
temp_log1p,0.0,0.0,solution_chemistry,real,real,group_aut,group_aut_01,elastic_net,elastic_net_permutation
ph_x_temp,0.0,0.0,solution_chemistry,real,real,group_aut,group_aut_01,elastic_net,elastic_net_permutation
ph_x_ce_log,0.0,0.0,solution_chemistry,real,real,group_aut,group_aut_01,elastic_net,elastic_net_permutation
temp_x_ce_log,0.0,0.0,solution_chemistry,real,real,group_aut,group_aut_01,elastic_net,elastic_net_permutation
ce_log_x_rpm_log,0.0,0.0,solution_chemistry,real,real,group_aut,group_aut_01,elastic_net,elastic_net_permutation
ce_over_rpm,0.0004224066531528,0.0984132788574809,solution_chemistry,real,real,group_aut,group_aut_01,elastic_net,elastic_net_permutation
ce_over_sa,0.0,0.0,solution_chemistry,real,real,group_aut,group_aut_01,elastic_net,elastic_net_permutation
cd_x_ph,0.0,0.0,other,real,real,group_aut,group_aut_01,elastic_net,elastic_net_permutation
cd_x_ce_log,2.886407443197792e-07,6.72481880868798e-05,other,real,real,group_aut,group_aut_01,elastic_net,elastic_net_permutation
cd_x_sa_log,0.0,0.0,other,real,real,group_aut,group_aut_01,elastic_net,elastic_net_permutation
cr_x_ph,0.0,0.0,other,real,real,group_aut,group_aut_01,elastic_net,elastic_net_permutation
cr_x_ce_log,1.1545964489489968e-06,0.0002690005506545,other,real,real,group_aut,group_aut_01,elastic_net,elastic_net_permutation
cr_x_sa_log,0.0,0.0,other,real,real,group_aut,group_aut_01,elastic_net,elastic_net_permutation
hg_x_ph,0.0,0.0,other,real,real,group_aut,group_aut_01,elastic_net,elastic_net_permutation
hg_x_ce_log,0.0,0.0,other,real,real,group_aut,group_aut_01,elastic_net,elastic_net_permutation
hg_x_sa_log,0.0,0.0,other,real,real,group_aut,group_aut_01,elastic_net,elastic_net_permutation
aged_x_fg_any,1.8634126666694504e-06,0.0004341421921807,other,real,real,group_aut,group_aut_01,elastic_net,elastic_net_permutation
aged_x_fg_complexing,1.8634126666694504e-06,0.0004341421921807,other,real,real,group_aut,group_aut_01,elastic_net,elastic_net_permutation
ret_ps_x_fg_any,2.2025575591166918e-07,5.1315695348804e-05,polymer_identity,real,real,group_aut,group_aut_01,elastic_net,elastic_net_permutation
ret_pe_x_fg_any,1.1012787795583456e-07,2.5657847674402e-05,polymer_identity,real,real,group_aut,group_aut_01,elastic_net,elastic_net_permutation
ret_pa_x_fg_any,0.0,0.0,polymer_identity,real,real,group_aut,group_aut_01,elastic_net,elastic_net_permutation
null_random_normal,0.0,0.0,null_feature,,random_noise,group_aut,group_aut_01,elastic_net,elastic_net_permutation
null_random_uniform,0.0,0.0,null_feature,,random_noise,group_aut,group_aut_01,elastic_net,elastic_net_permutation
null_random_binary,8.042621783221904e-07,0.0001873788621437,null_feature,,random_noise,group_aut,group_aut_01,elastic_net,elastic_net_permutation
null_perm_ph,4.727766062953553e-06,0.0011014858702,null_feature,,permuted_real,group_aut,group_aut_01,elastic_net,elastic_net_permutation
null_perm_ce,0.0,0.0,null_feature,,permuted_real,group_aut,group_aut_01,elastic_net,elastic_net_permutation
null_study_random_effect,2.577288096827779e-07,6.004625407199462e-05,null_feature,,group_aware_random,group_aut,group_aut_01,elastic_net,elastic_net_permutation
null_exp_random_effect,0.0,0.0,null_feature,,group_aware_random,group_aut,group_aut_01,elastic_net,elastic_net_permutation
ph,0.0,0.0,solution_chemistry,real,real,group_aut,group_aut_01,lightgbm,lightgbm_permutation
temp,0.0,0.0,solution_chemistry,real,real,group_aut,group_aut_01,lightgbm,lightgbm_permutation
ce,0.0,0.0,solution_chemistry,real,real,group_aut,group_aut_01,lightgbm,lightgbm_permutation
rpm,0.0,0.0,solution_chemistry,real,real,group_aut,group_aut_01,lightgbm,lightgbm_permutation
sa,0.0181331886522626,0.1978332095404705,surface_area_porosity,real,real,group_aut,group_aut_01,lightgbm,lightgbm_permutation
fg_complexing,0.0,0.0,surface_functionality,real,real,group_aut,group_aut_01,lightgbm,lightgbm_permutation
fg_polar,0.0,0.0,surface_functionality,real,real,group_aut,group_aut_01,lightgbm,lightgbm_permutation
fg_any,0.0,0.0,surface_functionality,real,real,group_aut,group_aut_01,lightgbm,lightgbm_permutation
ags_aged,0.0,0.0,aging_state,real,real,group_aut,group_aut_01,lightgbm,lightgbm_permutation
ags_virgin,0.0004091605907932,0.0044639447835895,aging_state,real,real,group_aut,group_aut_01,lightgbm,lightgbm_permutation
ph_missing,0.0,0.0,solution_chemistry,real,real,group_aut,group_aut_01,lightgbm,lightgbm_permutation
temp_missing,0.0,0.0,solution_chemistry,real,real,group_aut,group_aut_01,lightgbm,lightgbm_permutation
rpm_missing,0.0,0.0,solution_chemistry,real,real,group_aut,group_aut_01,lightgbm,lightgbm_permutation
sa_missing,0.00061168509583,0.006673488488801,surface_area_porosity,real,real,group_aut,group_aut_01,lightgbm,lightgbm_permutation
metal_cd,0.0,0.0,metal_identity,real,real,group_aut,group_aut_01,lightgbm,lightgbm_permutation
metal_cr,0.0,0.0,metal_identity,real,real,group_aut,group_aut_01,lightgbm,lightgbm_permutation
metal_hg,0.0,0.0,metal_identity,real,real,group_aut,group_aut_01,lightgbm,lightgbm_permutation
ret_other,0.0,0.0,polymer_identity,real,real,group_aut,group_aut_01,lightgbm,lightgbm_permutation
ret_pa,0.0020891995937193,0.0227931815480549,polymer_identity,real,real,group_aut,group_aut_01,lightgbm,lightgbm_permutation
ret_pe,0.0004135936830545,0.0045123098498254,polymer_identity,real,real,group_aut,group_aut_01,lightgbm,lightgbm_permutation
ret_pet,0.0,0.0,polymer_identity,real,real,group_aut,group_aut_01,lightgbm,lightgbm_permutation
ret_pla,0.0,0.0,polymer_identity,real,real,group_aut,group_aut_01,lightgbm,lightgbm_permutation
ret_pp,0.0,0.0,polymer_identity,real,real,group_aut,group_aut_01,lightgbm,lightgbm_permutation
ret_ps,0.0003373933693929,0.0036809639178572,polymer_identity,real,real,group_aut,group_aut_01,lightgbm,lightgbm_permutation
ret_pvc,0.0,0.0,polymer_identity,real,real,group_aut,group_aut_01,lightgbm,lightgbm_permutation
ce_log1p,0.0,0.0,solution_chemistry,real,real,group_aut,group_aut_01,lightgbm,lightgbm_permutation
rpm_log1p,0.0,0.0,solution_chemistry,real,real,group_aut,group_aut_01,lightgbm,lightgbm_permutation
sa_log1p,0.0025779792665184,0.0281257710491252,surface_area_porosity,real,real,group_aut,group_aut_01,lightgbm,lightgbm_permutation
temp_log1p,0.0,0.0,solution_chemistry,real,real,group_aut,group_aut_01,lightgbm,lightgbm_permutation
ph_x_temp,0.0,0.0,solution_chemistry,real,real,group_aut,group_aut_01,lightgbm,lightgbm_permutation
ph_x_ce_log,0.0,0.0,solution_chemistry,real,real,group_aut,group_aut_01,lightgbm,lightgbm_permutation
temp_x_ce_log,0.0,0.0,solution_chemistry,real,real,group_aut,group_aut_01,lightgbm,lightgbm_permutation
ce_log_x_rpm_log,0.0,0.0,solution_chemistry,real,real,group_aut,group_aut_01,lightgbm,lightgbm_permutation
ce_over_rpm,0.0020101387442117,0.0219306271508642,solution_chemistry,real,real,group_aut,group_aut_01,lightgbm,lightgbm_permutation
ce_over_sa,0.0,0.0,solution_chemistry,real,real,group_aut,group_aut_01,lightgbm,lightgbm_permutation
cd_x_ph,0.0,0.0,other,real,real,group_aut,group_aut_01,lightgbm,lightgbm_permutation
cd_x_ce_log,0.0,0.0,other,real,real,group_aut,group_aut_01,lightgbm,lightgbm_permutation
cd_x_sa_log,0.0,0.0,other,real,real,group_aut,group_aut_01,lightgbm,lightgbm_permutation
cr_x_ph,0.0,0.0,other,real,real,group_aut,group_aut_01,lightgbm,lightgbm_permutation
cr_x_ce_log,0.0,0.0,other,real,real,group_aut,group_aut_01,lightgbm,lightgbm_permutation
cr_x_sa_log,0.0,0.0,other,real,real,group_aut,group_aut_01,lightgbm,lightgbm_permutation
hg_x_ph,0.0,0.0,other,real,real,group_aut,group_aut_01,lightgbm,lightgbm_permutation
hg_x_ce_log,0.0,0.0,other,real,real,group_aut,group_aut_01,lightgbm,lightgbm_permutation
hg_x_sa_log,0.0002288660302329,0.0024969299213752,other,real,real,group_aut,group_aut_01,lightgbm,lightgbm_permutation
aged_x_fg_any,0.0003869050122168,0.0042211362723904,other,real,real,group_aut,group_aut_01,lightgbm,lightgbm_permutation
aged_x_fg_complexing,0.0148435911452239,0.1619436787252388,other,real,real,group_aut,group_aut_01,lightgbm,lightgbm_permutation
ret_ps_x_fg_any,0.0001008884559114,0.0011006937291226,polymer_identity,real,real,group_aut,group_aut_01,lightgbm,lightgbm_permutation
ret_pe_x_fg_any,0.0456367083631141,0.4978967936348432,polymer_identity,real,real,group_aut,group_aut_01,lightgbm,lightgbm_permutation
ret_pa_x_fg_any,0.0006047230018505,0.0065975319968951,polymer_identity,real,real,group_aut,group_aut_01,lightgbm,lightgbm_permutation
null_random_normal,0.0003500349753023,0.003818883922924,null_feature,,random_noise,group_aut,group_aut_01,lightgbm,lightgbm_permutation
null_random_uniform,0.0,0.0,null_feature,,random_noise,group_aut,group_aut_01,lightgbm,lightgbm_permutation
null_random_binary,0.0,0.0,null_feature,,random_noise,group_aut,group_aut_01,lightgbm,lightgbm_permutation
null_perm_ph,0.0008141621879978,0.0088825149192949,null_feature,,permuted_real,group_aut,group_aut_01,lightgbm,lightgbm_permutation
null_perm_ce,0.0018096049778722,0.0197428024181617,null_feature,,permuted_real,group_aut,group_aut_01,lightgbm,lightgbm_permutation
null_study_random_effect,0.0003011490482058,0.0032855381311656,null_feature,,group_aware_random,group_aut,group_aut_01,lightgbm,lightgbm_permutation
null_exp_random_effect,0.0,0.0,null_feature,,group_aware_random,group_aut,group_aut_01,lightgbm,lightgbm_permutation
num__ph,96.0,0.0064343163538873,solution_chemistry,real,real,group_aut,group_aut_01,lightgbm,lightgbm_builtin_gain
num__temp,76.0,0.0050938337801608,solution_chemistry,real,real,group_aut,group_aut_01,lightgbm,lightgbm_builtin_gain
num__ce,590.0,0.0395442359249329,solution_chemistry,real,real,group_aut,group_aut_01,lightgbm,lightgbm_builtin_gain
num__rpm,402.0,0.0269436997319034,solution_chemistry,real,real,group_aut,group_aut_01,lightgbm,lightgbm_builtin_gain
num__sa,592.0,0.0396782841823056,surface_area_porosity,real,real,group_aut,group_aut_01,lightgbm,lightgbm_builtin_gain
num__fg_complexing,20.0,0.0013404825737265,surface_functionality,real,real,group_aut,group_aut_01,lightgbm,lightgbm_builtin_gain
num__fg_polar,8.0,0.0005361930294906,surface_functionality,real,real,group_aut,group_aut_01,lightgbm,lightgbm_builtin_gain
num__fg_any,0.0,0.0,surface_functionality,real,real,group_aut,group_aut_01,lightgbm,lightgbm_builtin_gain
num__ags_aged,103.0,0.0069034852546916,aging_state,real,real,group_aut,group_aut_01,lightgbm,lightgbm_builtin_gain
num__ags_virgin,7.0,0.0004691689008042,aging_state,real,real,group_aut,group_aut_01,lightgbm,lightgbm_builtin_gain
num__ph_missing,118.0,0.0079088471849865,solution_chemistry,real,real,group_aut,group_aut_01,lightgbm,lightgbm_builtin_gain
num__temp_missing,51.0,0.0034182305630026,solution_chemistry,real,real,group_aut,group_aut_01,lightgbm,lightgbm_builtin_gain
num__rpm_missing,157.0,0.0105227882037533,solution_chemistry,real,real,group_aut,group_aut_01,lightgbm,lightgbm_builtin_gain
num__sa_missing,41.0,0.0027479892761394,surface_area_porosity,real,real,group_aut,group_aut_01,lightgbm,lightgbm_builtin_gain
num__metal_cd,34.0,0.0022788203753351,metal_identity,real,real,group_aut,group_aut_01,lightgbm,lightgbm_builtin_gain
num__metal_cr,27.0,0.0018096514745308,metal_identity,real,real,group_aut,group_aut_01,lightgbm,lightgbm_builtin_gain
num__metal_hg,8.0,0.0005361930294906,metal_identity,real,real,group_aut,group_aut_01,lightgbm,lightgbm_builtin_gain
num__ret_other,136.0,0.0091152815013404,polymer_identity,real,real,group_aut,group_aut_01,lightgbm,lightgbm_builtin_gain
num__ret_pa,64.0,0.0042895442359249,polymer_identity,real,real,group_aut,group_aut_01,lightgbm,lightgbm_builtin_gain
num__ret_pe,22.0,0.0014745308310991,polymer_identity,real,real,group_aut,group_aut_01,lightgbm,lightgbm_builtin_gain
num__ret_pet,9.0,0.0006032171581769,polymer_identity,real,real,group_aut,group_aut_01,lightgbm,lightgbm_builtin_gain
num__ret_pla,114.0,0.0076407506702412,polymer_identity,real,real,group_aut,group_aut_01,lightgbm,lightgbm_builtin_gain
num__ret_pp,56.0,0.0037533512064343,polymer_identity,real,real,group_aut,group_aut_01,lightgbm,lightgbm_builtin_gain
num__ret_ps,91.0,0.0060991957104557,polymer_identity,real,real,group_aut,group_aut_01,lightgbm,lightgbm_builtin_gain
num__ret_pvc,1.0,6.702412868632708e-05,polymer_identity,real,real,group_aut,group_aut_01,lightgbm,lightgbm_builtin_gain
num__ce_log1p,57.0,0.0038203753351206,solution_chemistry,real,real,group_aut,group_aut_01,lightgbm,lightgbm_builtin_gain
num__rpm_log1p,71.0,0.0047587131367292,solution_chemistry,real,real,group_aut,group_aut_01,lightgbm,lightgbm_builtin_gain
num__sa_log1p,334.0,0.0223860589812332,surface_area_porosity,real,real,group_aut,group_aut_01,lightgbm,lightgbm_builtin_gain
num__temp_log1p,7.0,0.0004691689008042,solution_chemistry,real,real,group_aut,group_aut_01,lightgbm,lightgbm_builtin_gain
num__ph_x_temp,71.0,0.0047587131367292,solution_chemistry,real,real,group_aut,group_aut_01,lightgbm,lightgbm_builtin_gain
num__ph_x_ce_log,939.0,0.0629356568364611,solution_chemistry,real,real,group_aut,group_aut_01,lightgbm,lightgbm_builtin_gain
num__temp_x_ce_log,479.0,0.0321045576407506,solution_chemistry,real,real,group_aut,group_aut_01,lightgbm,lightgbm_builtin_gain
num__ce_log_x_rpm_log,569.0,0.0381367292225201,solution_chemistry,real,real,group_aut,group_aut_01,lightgbm,lightgbm_builtin_gain
num__ce_over_rpm,637.0,0.0426943699731903,solution_chemistry,real,real,group_aut,group_aut_01,lightgbm,lightgbm_builtin_gain
num__ce_over_sa,977.0,0.0654825737265415,solution_chemistry,real,real,group_aut,group_aut_01,lightgbm,lightgbm_builtin_gain
num__cd_x_ph,198.0,0.0132707774798927,other,real,real,group_aut,group_aut_01,lightgbm,lightgbm_builtin_gain
num__cd_x_ce_log,341.0,0.0228552278820375,other,real,real,group_aut,group_aut_01,lightgbm,lightgbm_builtin_gain
num__cd_x_sa_log,342.0,0.0229222520107238,other,real,real,group_aut,group_aut_01,lightgbm,lightgbm_builtin_gain
num__cr_x_ph,0.0,0.0,other,real,real,group_aut,group_aut_01,lightgbm,lightgbm_builtin_gain
num__cr_x_ce_log,319.0,0.0213806970509383,other,real,real,group_aut,group_aut_01,lightgbm,lightgbm_builtin_gain
num__cr_x_sa_log,316.0,0.0211796246648793,other,real,real,group_aut,group_aut_01,lightgbm,lightgbm_builtin_gain
num__hg_x_ph,172.0,0.0115281501340482,other,real,real,group_aut,group_aut_01,lightgbm,lightgbm_builtin_gain
num__hg_x_ce_log,639.0,0.042828418230563,other,real,real,group_aut,group_aut_01,lightgbm,lightgbm_builtin_gain
num__hg_x_sa_log,20.0,0.0013404825737265,other,real,real,group_aut,group_aut_01,lightgbm,lightgbm_builtin_gain
num__aged_x_fg_any,1.0,6.702412868632708e-05,other,real,real,group_aut,group_aut_01,lightgbm,lightgbm_builtin_gain
num__aged_x_fg_complexing,110.0,0.0073726541554959,other,real,real,group_aut,group_aut_01,lightgbm,lightgbm_builtin_gain
num__ret_ps_x_fg_any,29.0,0.0019436997319034,polymer_identity,real,real,group_aut,group_aut_01,lightgbm,lightgbm_builtin_gain
num__ret_pe_x_fg_any,53.0,0.0035522788203753,polymer_identity,real,real,group_aut,group_aut_01,lightgbm,lightgbm_builtin_gain
num__ret_pa_x_fg_any,4.0,0.0002680965147453,polymer_identity,real,real,group_aut,group_aut_01,lightgbm,lightgbm_builtin_gain
num__null_random_normal,923.0,0.0618632707774798,null_feature,real,random_noise,group_aut,group_aut_01,lightgbm,lightgbm_builtin_gain
num__null_random_uniform,744.0,0.0498659517426273,null_feature,real,random_noise,group_aut,group_aut_01,lightgbm,lightgbm_builtin_gain
num__null_random_binary,119.0,0.0079758713136729,null_feature,real,random_noise,group_aut,group_aut_01,lightgbm,lightgbm_builtin_gain
num__null_perm_ph,834.0,0.0558981233243967,null_feature,real,permuted_real,group_aut,group_aut_01,lightgbm,lightgbm_builtin_gain
num__null_perm_ce,926.0,0.0620643431635388,null_feature,real,permuted_real,group_aut,group_aut_01,lightgbm,lightgbm_builtin_gain
num__null_study_random_effect,471.0,0.03156836461126,null_feature,real,group_aware_random,group_aut,group_aut_01,lightgbm,lightgbm_builtin_gain
num__null_exp_random_effect,1395.0,0.0934986595174262,null_feature,real,group_aware_random,group_aut,group_aut_01,lightgbm,lightgbm_builtin_gain
ph,0.000998237994139,0.0009726182795695,solution_chemistry,real,real,group_aut,group_aut_01,lightgbm,lightgbm_shap
temp,0.0455977261427695,0.0444274634041713,solution_chemistry,real,real,group_aut,group_aut_01,lightgbm,lightgbm_shap
ce,0.0058704747304414,0.0057198093702125,solution_chemistry,real,real,group_aut,group_aut_01,lightgbm,lightgbm_shap
rpm,0.0671164271751982,0.0653938883445327,solution_chemistry,real,real,group_aut,group_aut_01,lightgbm,lightgbm_shap
sa,0.0181717382709926,0.0177053617651222,surface_area_porosity,real,real,group_aut,group_aut_01,lightgbm,lightgbm_shap
fg_complexing,0.0001325580972322,0.0001291560021057,surface_functionality,real,real,group_aut,group_aut_01,lightgbm,lightgbm_shap
fg_polar,0.000328630302363,0.0003201960265742,surface_functionality,real,real,group_aut,group_aut_01,lightgbm,lightgbm_shap
fg_any,0.0,0.0,surface_functionality,real,real,group_aut,group_aut_01,lightgbm,lightgbm_shap
ags_aged,0.0142589143303621,0.0138929602018286,aging_state,real,real,group_aut,group_aut_01,lightgbm,lightgbm_shap
ags_virgin,5.024571221058515e-05,4.895615920545794e-05,aging_state,real,real,group_aut,group_aut_01,lightgbm,lightgbm_shap
ph_missing,0.0053391397768658,0.0052021110943944,solution_chemistry,real,real,group_aut,group_aut_01,lightgbm,lightgbm_shap
temp_missing,0.0021453858486774,0.0020903246574512,solution_chemistry,real,real,group_aut,group_aut_01,lightgbm,lightgbm_shap
rpm_missing,0.0364414414199123,0.0355061741458161,solution_chemistry,real,real,group_aut,group_aut_01,lightgbm,lightgbm_shap
sa_missing,0.0015098665309542,0.0014711159025589,surface_area_porosity,real,real,group_aut,group_aut_01,lightgbm,lightgbm_shap
metal_cd,0.0069694841579732,0.0067906127907522,metal_identity,real,real,group_aut,group_aut_01,lightgbm,lightgbm_shap
metal_cr,0.0085988231317648,0.0083781348835089,metal_identity,real,real,group_aut,group_aut_01,lightgbm,lightgbm_shap
metal_hg,8.660879457632446e-05,8.438598537723792e-05,metal_identity,real,real,group_aut,group_aut_01,lightgbm,lightgbm_shap
ret_other,0.0202263800952523,0.0197072713377655,polymer_identity,real,real,group_aut,group_aut_01,lightgbm,lightgbm_shap
ret_pa,0.0116660509391963,0.0113666424845294,polymer_identity,real,real,group_aut,group_aut_01,lightgbm,lightgbm_shap
ret_pe,0.0003294520322404,0.0003209966668067,polymer_identity,real,real,group_aut,group_aut_01,lightgbm,lightgbm_shap
ret_pet,0.0001028550023857,0.0001002152352975,polymer_identity,real,real,group_aut,group_aut_01,lightgbm,lightgbm_shap
ret_pla,0.0023994863021946,0.0023379036390056,polymer_identity,real,real,group_aut,group_aut_01,lightgbm,lightgbm_shap
ret_pp,0.0031707870537556,0.0030894090058806,polymer_identity,real,real,group_aut,group_aut_01,lightgbm,lightgbm_shap
ret_ps,0.0049161624633368,0.0047899894666895,polymer_identity,real,real,group_aut,group_aut_01,lightgbm,lightgbm_shap
ret_pvc,9.763641384048336e-06,9.513058149502576e-06,polymer_identity,real,real,group_aut,group_aut_01,lightgbm,lightgbm_shap
ce_log1p,0.0011001205496415,0.0010718860257712,solution_chemistry,real,real,group_aut,group_aut_01,lightgbm,lightgbm_shap
rpm_log1p,0.0054561499629061,0.0053161182214591,solution_chemistry,real,real,group_aut,group_aut_01,lightgbm,lightgbm_shap
sa_log1p,0.0043723397160767,0.0042601238956167,surface_area_porosity,real,real,group_aut,group_aut_01,lightgbm,lightgbm_shap
temp_log1p,0.003270904933391,0.0031869573665088,solution_chemistry,real,real,group_aut,group_aut_01,lightgbm,lightgbm_shap
ph_x_temp,0.0010354797073042,0.0010089041865373,solution_chemistry,real,real,group_aut,group_aut_01,lightgbm,lightgbm_shap
ph_x_ce_log,0.0482022125775689,0.0469651058604292,solution_chemistry,real,real,group_aut,group_aut_01,lightgbm,lightgbm_shap
temp_x_ce_log,0.0246573173018588,0.024024488823048,solution_chemistry,real,real,group_aut,group_aut_01,lightgbm,lightgbm_shap
ce_log_x_rpm_log,0.0618332379044143,0.0602462917900435,solution_chemistry,real,real,group_aut,group_aut_01,lightgbm,lightgbm_shap
ce_over_rpm,0.0126086088251524,0.0122850096823478,solution_chemistry,real,real,group_aut,group_aut_01,lightgbm,lightgbm_shap
ce_over_sa,0.0344214805808581,0.0335380554731009,solution_chemistry,real,real,group_aut,group_aut_01,lightgbm,lightgbm_shap
cd_x_ph,0.0079488429874537,0.0077448364382223,other,real,real,group_aut,group_aut_01,lightgbm,lightgbm_shap
cd_x_ce_log,0.0244883744506399,0.0238598818793504,other,real,real,group_aut,group_aut_01,lightgbm,lightgbm_shap
cd_x_sa_log,0.0042830281947273,0.004173104548777,other,real,real,group_aut,group_aut_01,lightgbm,lightgbm_shap
cr_x_ph,0.0,0.0,other,real,real,group_aut,group_aut_01,lightgbm,lightgbm_shap
cr_x_ce_log,0.2388639545395705,0.2327335263529405,other,real,real,group_aut,group_aut_01,lightgbm,lightgbm_shap
cr_x_sa_log,0.0139815951179444,0.0136227583693429,other,real,real,group_aut,group_aut_01,lightgbm,lightgbm_shap
hg_x_ph,0.0053591605720319,0.0052216180571271,other,real,real,group_aut,group_aut_01,lightgbm,lightgbm_shap
hg_x_ce_log,0.0274779531256839,0.0267727332080228,other,real,real,group_aut,group_aut_01,lightgbm,lightgbm_shap
hg_x_sa_log,0.0001629578324216,0.0001587755300267,other,real,real,group_aut,group_aut_01,lightgbm,lightgbm_shap
aged_x_fg_any,3.70334179451112e-06,3.6082957631182384e-06,other,real,real,group_aut,group_aut_01,lightgbm,lightgbm_shap
aged_x_fg_complexing,0.0904606786964943,0.0881390111366834,other,real,real,group_aut,group_aut_01,lightgbm,lightgbm_shap
ret_ps_x_fg_any,0.0012955672516877,0.0012623166006519,polymer_identity,real,real,group_aut,group_aut_01,lightgbm,lightgbm_shap
ret_pe_x_fg_any,0.0291575479973735,0.0284092213842574,polymer_identity,real,real,group_aut,group_aut_01,lightgbm,lightgbm_shap
ret_pa_x_fg_any,0.0012150307047761,0.0011838470190896,polymer_identity,real,real,group_aut,group_aut_01,lightgbm,lightgbm_shap
null_random_normal,0.0056299574129524,0.005485464914365,null_feature,,random_noise,group_aut,group_aut_01,lightgbm,lightgbm_shap
null_random_uniform,0.004737420413437,0.0046158348201212,null_feature,,random_noise,group_aut,group_aut_01,lightgbm,lightgbm_shap
null_random_binary,0.0016038657938854,0.0015627026803911,null_feature,,random_noise,group_aut,group_aut_01,lightgbm,lightgbm_shap
null_perm_ph,0.006872369840903,0.006695990906447,null_feature,,permuted_real,group_aut,group_aut_01,lightgbm,lightgbm_shap
null_perm_ce,0.0072730061947597,0.0070863449537875,null_feature,,permuted_real,group_aut,group_aut_01,lightgbm,lightgbm_shap
null_study_random_effect,0.0579179373656211,0.0564314771903214,null_feature,,group_aware_random,group_aut,group_aut_01,lightgbm,lightgbm_shap
null_exp_random_effect,0.0442135319652956,0.0430787944821413,null_feature,,group_aware_random,group_aut,group_aut_01,lightgbm,lightgbm_shap
num__ph,0.0060722251958021,0.5183859476887618,solution_chemistry,real,real,group_aut,group_aut_02,elastic_net,elastic_net_coef
num__temp,0.0056414896972718,0.4816140523112382,solution_chemistry,real,real,group_aut,group_aut_02,elastic_net,elastic_net_coef
num__ce,0.0,0.0,solution_chemistry,real,real,group_aut,group_aut_02,elastic_net,elastic_net_coef
num__rpm,0.0,0.0,solution_chemistry,real,real,group_aut,group_aut_02,elastic_net,elastic_net_coef
num__sa,0.0,0.0,surface_area_porosity,real,real,group_aut,group_aut_02,elastic_net,elastic_net_coef
num__fg_complexing,0.0,0.0,surface_functionality,real,real,group_aut,group_aut_02,elastic_net,elastic_net_coef
num__fg_polar,0.0,0.0,surface_functionality,real,real,group_aut,group_aut_02,elastic_net,elastic_net_coef
num__fg_any,0.0,0.0,surface_functionality,real,real,group_aut,group_aut_02,elastic_net,elastic_net_coef
num__ags_aged,0.0,0.0,aging_state,real,real,group_aut,group_aut_02,elastic_net,elastic_net_coef
num__ags_virgin,0.0,0.0,aging_state,real,real,group_aut,group_aut_02,elastic_net,elastic_net_coef
num__ph_missing,0.0,0.0,solution_chemistry,real,real,group_aut,group_aut_02,elastic_net,elastic_net_coef
num__temp_missing,0.0,0.0,solution_chemistry,real,real,group_aut,group_aut_02,elastic_net,elastic_net_coef
num__rpm_missing,0.0,0.0,solution_chemistry,real,real,group_aut,group_aut_02,elastic_net,elastic_net_coef
num__sa_missing,0.0,0.0,surface_area_porosity,real,real,group_aut,group_aut_02,elastic_net,elastic_net_coef
num__metal_cd,0.0,0.0,metal_identity,real,real,group_aut,group_aut_02,elastic_net,elastic_net_coef
num__metal_cr,0.0,0.0,metal_identity,real,real,group_aut,group_aut_02,elastic_net,elastic_net_coef
num__metal_hg,0.0,0.0,metal_identity,real,real,group_aut,group_aut_02,elastic_net,elastic_net_coef
num__ret_other,0.0,0.0,polymer_identity,real,real,group_aut,group_aut_02,elastic_net,elastic_net_coef
num__ret_pa,0.0,0.0,polymer_identity,real,real,group_aut,group_aut_02,elastic_net,elastic_net_coef
num__ret_pe,0.0,0.0,polymer_identity,real,real,group_aut,group_aut_02,elastic_net,elastic_net_coef
num__ret_pet,0.0,0.0,polymer_identity,real,real,group_aut,group_aut_02,elastic_net,elastic_net_coef
num__ret_pla,0.0,0.0,polymer_identity,real,real,group_aut,group_aut_02,elastic_net,elastic_net_coef
num__ret_pp,0.0,0.0,polymer_identity,real,real,group_aut,group_aut_02,elastic_net,elastic_net_coef
num__ret_ps,0.0,0.0,polymer_identity,real,real,group_aut,group_aut_02,elastic_net,elastic_net_coef
num__ret_pvc,0.0,0.0,polymer_identity,real,real,group_aut,group_aut_02,elastic_net,elastic_net_coef
num__ce_log1p,0.0,0.0,solution_chemistry,real,real,group_aut,group_aut_02,elastic_net,elastic_net_coef
num__rpm_log1p,0.0,0.0,solution_chemistry,real,real,group_aut,group_aut_02,elastic_net,elastic_net_coef
num__sa_log1p,0.0,0.0,surface_area_porosity,real,real,group_aut,group_aut_02,elastic_net,elastic_net_coef
num__temp_log1p,0.0,0.0,solution_chemistry,real,real,group_aut,group_aut_02,elastic_net,elastic_net_coef
num__ph_x_temp,0.0,0.0,solution_chemistry,real,real,group_aut,group_aut_02,elastic_net,elastic_net_coef
num__ph_x_ce_log,0.0,0.0,solution_chemistry,real,real,group_aut,group_aut_02,elastic_net,elastic_net_coef
num__temp_x_ce_log,0.0,0.0,solution_chemistry,real,real,group_aut,group_aut_02,elastic_net,elastic_net_coef
num__ce_log_x_rpm_log,0.0,0.0,solution_chemistry,real,real,group_aut,group_aut_02,elastic_net,elastic_net_coef
num__ce_over_rpm,0.0,0.0,solution_chemistry,real,real,group_aut,group_aut_02,elastic_net,elastic_net_coef
num__ce_over_sa,0.0,0.0,solution_chemistry,real,real,group_aut,group_aut_02,elastic_net,elastic_net_coef
num__cd_x_ph,0.0,0.0,other,real,real,group_aut,group_aut_02,elastic_net,elastic_net_coef
num__cd_x_ce_log,0.0,0.0,other,real,real,group_aut,group_aut_02,elastic_net,elastic_net_coef
num__cd_x_sa_log,0.0,0.0,other,real,real,group_aut,group_aut_02,elastic_net,elastic_net_coef
num__cr_x_ph,0.0,0.0,other,real,real,group_aut,group_aut_02,elastic_net,elastic_net_coef
num__cr_x_ce_log,0.0,0.0,other,real,real,group_aut,group_aut_02,elastic_net,elastic_net_coef
num__cr_x_sa_log,0.0,0.0,other,real,real,group_aut,group_aut_02,elastic_net,elastic_net_coef
num__hg_x_ph,0.0,0.0,other,real,real,group_aut,group_aut_02,elastic_net,elastic_net_coef
num__hg_x_ce_log,0.0,0.0,other,real,real,group_aut,group_aut_02,elastic_net,elastic_net_coef
num__hg_x_sa_log,0.0,0.0,other,real,real,group_aut,group_aut_02,elastic_net,elastic_net_coef
num__aged_x_fg_any,0.0,0.0,other,real,real,group_aut,group_aut_02,elastic_net,elastic_net_coef
num__aged_x_fg_complexing,0.0,0.0,other,real,real,group_aut,group_aut_02,elastic_net,elastic_net_coef
num__ret_ps_x_fg_any,0.0,0.0,polymer_identity,real,real,group_aut,group_aut_02,elastic_net,elastic_net_coef
num__ret_pe_x_fg_any,0.0,0.0,polymer_identity,real,real,group_aut,group_aut_02,elastic_net,elastic_net_coef
num__ret_pa_x_fg_any,0.0,0.0,polymer_identity,real,real,group_aut,group_aut_02,elastic_net,elastic_net_coef
num__null_random_normal,0.0,0.0,null_feature,real,random_noise,group_aut,group_aut_02,elastic_net,elastic_net_coef
num__null_random_uniform,0.0,0.0,null_feature,real,random_noise,group_aut,group_aut_02,elastic_net,elastic_net_coef
num__null_random_binary,0.0,0.0,null_feature,real,random_noise,group_aut,group_aut_02,elastic_net,elastic_net_coef
num__null_perm_ph,0.0,0.0,null_feature,real,permuted_real,group_aut,group_aut_02,elastic_net,elastic_net_coef
num__null_perm_ce,0.0,0.0,null_feature,real,permuted_real,group_aut,group_aut_02,elastic_net,elastic_net_coef
num__null_study_random_effect,0.0,0.0,null_feature,real,group_aware_random,group_aut,group_aut_02,elastic_net,elastic_net_coef
num__null_exp_random_effect,0.0,0.0,null_feature,real,group_aware_random,group_aut,group_aut_02,elastic_net,elastic_net_coef
ph,0.0,0.0,solution_chemistry,real,real,group_aut,group_aut_02,elastic_net,elastic_net_permutation
temp,0.0,0.0,solution_chemistry,real,real,group_aut,group_aut_02,elastic_net,elastic_net_permutation
ce,5.230248334420207e-05,0.0614785926884782,solution_chemistry,real,real,group_aut,group_aut_02,elastic_net,elastic_net_permutation
rpm,0.0002466748887307,0.2899522936789283,solution_chemistry,real,real,group_aut,group_aut_02,elastic_net,elastic_net_permutation
sa,9.31641790660187e-06,0.0109509190610757,surface_area_porosity,real,real,group_aut,group_aut_02,elastic_net,elastic_net_permutation
fg_complexing,1.9815912222997945e-06,0.0023292477114155,surface_functionality,real,real,group_aut,group_aut_02,elastic_net,elastic_net_permutation
fg_polar,1.9815912222997945e-06,0.0023292477114155,surface_functionality,real,real,group_aut,group_aut_02,elastic_net,elastic_net_permutation
fg_any,1.9815912222997945e-06,0.0023292477114155,surface_functionality,real,real,group_aut,group_aut_02,elastic_net,elastic_net_permutation
ags_aged,2.2486825489331787e-06,0.0026431983659696,aging_state,real,real,group_aut,group_aut_02,elastic_net,elastic_net_permutation
ags_virgin,2.2486825489331787e-06,0.0026431983659696,aging_state,real,real,group_aut,group_aut_02,elastic_net,elastic_net_permutation
ph_missing,1.299944937693809e-07,0.0001528011295677,solution_chemistry,real,real,group_aut,group_aut_02,elastic_net,elastic_net_permutation
temp_missing,0.0,0.0,solution_chemistry,real,real,group_aut,group_aut_02,elastic_net,elastic_net_permutation
rpm_missing,0.0,0.0,solution_chemistry,real,real,group_aut,group_aut_02,elastic_net,elastic_net_permutation
sa_missing,8.211017651360564e-08,9.651583968275592e-05,surface_area_porosity,real,real,group_aut,group_aut_02,elastic_net,elastic_net_permutation
metal_cd,2.205001793487149e-07,0.0002591854123771,metal_identity,real,real,group_aut,group_aut_02,elastic_net,elastic_net_permutation
metal_cr,0.0,0.0,metal_identity,real,real,group_aut,group_aut_02,elastic_net,elastic_net_permutation
metal_hg,0.0,0.0,metal_identity,real,real,group_aut,group_aut_02,elastic_net,elastic_net_permutation
ret_other,0.0,0.0,polymer_identity,real,real,group_aut,group_aut_02,elastic_net,elastic_net_permutation
ret_pa,0.0,0.0,polymer_identity,real,real,group_aut,group_aut_02,elastic_net,elastic_net_permutation
ret_pe,0.0,0.0,polymer_identity,real,real,group_aut,group_aut_02,elastic_net,elastic_net_permutation
ret_pet,1.7157704879089408e-08,2.016790565734364e-05,polymer_identity,real,real,group_aut,group_aut_02,elastic_net,elastic_net_permutation
ret_pla,0.0,0.0,polymer_identity,real,real,group_aut,group_aut_02,elastic_net,elastic_net_permutation
ret_pp,0.0,0.0,polymer_identity,real,real,group_aut,group_aut_02,elastic_net,elastic_net_permutation
ret_ps,9.896849718638025e-08,0.0001163318362432,polymer_identity,real,real,group_aut,group_aut_02,elastic_net,elastic_net_permutation
ret_pvc,0.0,0.0,polymer_identity,real,real,group_aut,group_aut_02,elastic_net,elastic_net_permutation
ce_log1p,6.929327387761308e-06,0.0081450300031407,solution_chemistry,real,real,group_aut,group_aut_02,elastic_net,elastic_net_permutation
rpm_log1p,3.040679999122276e-07,0.0003574146296874,solution_chemistry,real,real,group_aut,group_aut_02,elastic_net,elastic_net_permutation
sa_log1p,3.9477319463743225e-06,0.0046403342414398,surface_area_porosity,real,real,group_aut,group_aut_02,elastic_net,elastic_net_permutation
temp_log1p,0.0,0.0,solution_chemistry,real,real,group_aut,group_aut_02,elastic_net,elastic_net_permutation
ph_x_temp,8.710364701746132e-05,0.1023853800865674,solution_chemistry,real,real,group_aut,group_aut_02,elastic_net,elastic_net_permutation
ph_x_ce_log,3.468698882296284e-05,0.0407725813591435,solution_chemistry,real,real,group_aut,group_aut_02,elastic_net,elastic_net_permutation
temp_x_ce_log,0.0001913517939516,0.2249231441487484,solution_chemistry,real,real,group_aut,group_aut_02,elastic_net,elastic_net_permutation
ce_log_x_rpm_log,7.809085142623795e-05,0.0917913517783731,solution_chemistry,real,real,group_aut,group_aut_02,elastic_net,elastic_net_permutation
ce_over_rpm,2.26333396552425e-06,0.0026604202723748,solution_chemistry,real,real,group_aut,group_aut_02,elastic_net,elastic_net_permutation
ce_over_sa,0.0,0.0,solution_chemistry,real,real,group_aut,group_aut_02,elastic_net,elastic_net_permutation
cd_x_ph,0.0,0.0,other,real,real,group_aut,group_aut_02,elastic_net,elastic_net_permutation
cd_x_ce_log,0.0,0.0,other,real,real,group_aut,group_aut_02,elastic_net,elastic_net_permutation
cd_x_sa_log,3.9477319463743225e-06,0.0046403342414398,other,real,real,group_aut,group_aut_02,elastic_net,elastic_net_permutation
cr_x_ph,2.5312265283794492e-08,2.975312734510181e-05,other,real,real,group_aut,group_aut_02,elastic_net,elastic_net_permutation
cr_x_ce_log,0.0,0.0,other,real,real,group_aut,group_aut_02,elastic_net,elastic_net_permutation
cr_x_sa_log,0.0,0.0,other,real,real,group_aut,group_aut_02,elastic_net,elastic_net_permutation
hg_x_ph,0.0,0.0,other,real,real,group_aut,group_aut_02,elastic_net,elastic_net_permutation
hg_x_ce_log,0.0,0.0,other,real,real,group_aut,group_aut_02,elastic_net,elastic_net_permutation
hg_x_sa_log,0.0,0.0,other,real,real,group_aut,group_aut_02,elastic_net,elastic_net_permutation
aged_x_fg_any,2.2486825489331787e-06,0.0026431983659696,other,real,real,group_aut,group_aut_02,elastic_net,elastic_net_permutation
aged_x_fg_complexing,2.2486825489331787e-06,0.0026431983659696,other,real,real,group_aut,group_aut_02,elastic_net,elastic_net_permutation
ret_ps_x_fg_any,8.787650284614035e-06,0.0103293828130718,polymer_identity,real,real,group_aut,group_aut_02,elastic_net,elastic_net_permutation
ret_pe_x_fg_any,0.0,0.0,polymer_identity,real,real,group_aut,group_aut_02,elastic_net,elastic_net_permutation
ret_pa_x_fg_any,0.0,0.0,polymer_identity,real,real,group_aut,group_aut_02,elastic_net,elastic_net_permutation
null_random_normal,0.0,0.0,null_feature,,random_noise,group_aut,group_aut_02,elastic_net,elastic_net_permutation
null_random_uniform,0.0,0.0,null_feature,,random_noise,group_aut,group_aut_02,elastic_net,elastic_net_permutation
null_random_binary,2.4427112057523457e-07,0.0002871268010081,null_feature,,random_noise,group_aut,group_aut_02,elastic_net,elastic_net_permutation
null_perm_ph,1.1332747174019886e-06,0.001332099936762,null_feature,,permuted_real,group_aut,group_aut_02,elastic_net,elastic_net_permutation
null_perm_ce,0.00010103667022,0.1187628559466515,null_feature,,permuted_real,group_aut,group_aut_02,elastic_net,elastic_net_permutation
null_study_random_effect,0.0,0.0,null_feature,,group_aware_random,group_aut,group_aut_02,elastic_net,elastic_net_permutation
null_exp_random_effect,7.108337722316893e-06,0.0083554464641096,null_feature,,group_aware_random,group_aut,group_aut_02,elastic_net,elastic_net_permutation
ph,1.886684020279139e-05,4.120549364243338e-05,solution_chemistry,real,real,group_aut,group_aut_02,lightgbm,lightgbm_permutation
temp,0.0,0.0,solution_chemistry,real,real,group_aut,group_aut_02,lightgbm,lightgbm_permutation
ce,0.0,0.0,solution_chemistry,real,real,group_aut,group_aut_02,lightgbm,lightgbm_permutation
rpm,0.000976617436847,0.0021329487689802,solution_chemistry,real,real,group_aut,group_aut_02,lightgbm,lightgbm_permutation
sa,0.0115334351465158,0.025189214701403,surface_area_porosity,real,real,group_aut,group_aut_02,lightgbm,lightgbm_permutation
fg_complexing,0.0,0.0,surface_functionality,real,real,group_aut,group_aut_02,lightgbm,lightgbm_permutation
fg_polar,0.0016425585873047,0.003587375347383,surface_functionality,real,real,group_aut,group_aut_02,lightgbm,lightgbm_permutation
fg_any,0.0,0.0,surface_functionality,real,real,group_aut,group_aut_02,lightgbm,lightgbm_permutation
ags_aged,0.0,0.0,aging_state,real,real,group_aut,group_aut_02,lightgbm,lightgbm_permutation
ags_virgin,0.0022638987689812,0.004944392666164,aging_state,real,real,group_aut,group_aut_02,lightgbm,lightgbm_permutation
ph_missing,0.0,0.0,solution_chemistry,real,real,group_aut,group_aut_02,lightgbm,lightgbm_permutation
temp_missing,0.0,0.0,solution_chemistry,real,real,group_aut,group_aut_02,lightgbm,lightgbm_permutation
rpm_missing,0.0,0.0,solution_chemistry,real,real,group_aut,group_aut_02,lightgbm,lightgbm_permutation
sa_missing,0.0121015801123614,0.0264300527816804,surface_area_porosity,real,real,group_aut,group_aut_02,lightgbm,lightgbm_permutation
metal_cd,0.0,0.0,metal_identity,real,real,group_aut,group_aut_02,lightgbm,lightgbm_permutation
metal_cr,0.0,0.0,metal_identity,real,real,group_aut,group_aut_02,lightgbm,lightgbm_permutation
metal_hg,0.0,0.0,metal_identity,real,real,group_aut,group_aut_02,lightgbm,lightgbm_permutation
ret_other,0.1684633206392453,0.367926701714292,polymer_identity,real,real,group_aut,group_aut_02,lightgbm,lightgbm_permutation
ret_pa,0.0019872295556905,0.0043401424903649,polymer_identity,real,real,group_aut,group_aut_02,lightgbm,lightgbm_permutation
ret_pe,0.0,0.0,polymer_identity,real,real,group_aut,group_aut_02,lightgbm,lightgbm_permutation
ret_pet,0.0,0.0,polymer_identity,real,real,group_aut,group_aut_02,lightgbm,lightgbm_permutation
ret_pla,0.0,0.0,polymer_identity,real,real,group_aut,group_aut_02,lightgbm,lightgbm_permutation
ret_pp,0.0094979808614906,0.0207437485979344,polymer_identity,real,real,group_aut,group_aut_02,lightgbm,lightgbm_permutation
ret_ps,0.0051950368852607,0.0113460471942803,polymer_identity,real,real,group_aut,group_aut_02,lightgbm,lightgbm_permutation
ret_pvc,4.929487162619317e-06,1.0766082171497635e-05,polymer_identity,real,real,group_aut,group_aut_02,lightgbm,lightgbm_permutation
ce_log1p,0.0003077192260962,0.0006720639215826,solution_chemistry,real,real,group_aut,group_aut_02,lightgbm,lightgbm_permutation
rpm_log1p,0.0005300339172647,0.0011576029146044,solution_chemistry,real,real,group_aut,group_aut_02,lightgbm,lightgbm_permutation
sa_log1p,0.0,0.0,surface_area_porosity,real,real,group_aut,group_aut_02,lightgbm,lightgbm_permutation
temp_log1p,0.0,0.0,solution_chemistry,real,real,group_aut,group_aut_02,lightgbm,lightgbm_permutation
ph_x_temp,0.0,0.0,solution_chemistry,real,real,group_aut,group_aut_02,lightgbm,lightgbm_permutation
ph_x_ce_log,0.0010997163453695,0.0024017988380959,solution_chemistry,real,real,group_aut,group_aut_02,lightgbm,lightgbm_permutation
temp_x_ce_log,0.1811823825227687,0.3957053449818433,solution_chemistry,real,real,group_aut,group_aut_02,lightgbm,lightgbm_permutation
ce_log_x_rpm_log,0.0012688208428929,0.0027711258808178,solution_chemistry,real,real,group_aut,group_aut_02,lightgbm,lightgbm_permutation
ce_over_rpm,0.0,0.0,solution_chemistry,real,real,group_aut,group_aut_02,lightgbm,lightgbm_permutation
ce_over_sa,0.0016844529458665,0.0036788733251482,solution_chemistry,real,real,group_aut,group_aut_02,lightgbm,lightgbm_permutation
cd_x_ph,0.0006574641514725,0.0014359126712495,other,real,real,group_aut,group_aut_02,lightgbm,lightgbm_permutation
cd_x_ce_log,0.0,0.0,other,real,real,group_aut,group_aut_02,lightgbm,lightgbm_permutation
cd_x_sa_log,0.0,0.0,other,real,real,group_aut,group_aut_02,lightgbm,lightgbm_permutation
cr_x_ph,0.0,0.0,other,real,real,group_aut,group_aut_02,lightgbm,lightgbm_permutation
cr_x_ce_log,0.0417756202168675,0.0912386512395522,other,real,real,group_aut,group_aut_02,lightgbm,lightgbm_permutation
cr_x_sa_log,0.0,0.0,other,real,real,group_aut,group_aut_02,lightgbm,lightgbm_permutation
hg_x_ph,0.0,0.0,other,real,real,group_aut,group_aut_02,lightgbm,lightgbm_permutation
hg_x_ce_log,0.0,0.0,other,real,real,group_aut,group_aut_02,lightgbm,lightgbm_permutation
hg_x_sa_log,0.0,0.0,other,real,real,group_aut,group_aut_02,lightgbm,lightgbm_permutation
aged_x_fg_any,0.0,0.0,other,real,real,group_aut,group_aut_02,lightgbm,lightgbm_permutation
aged_x_fg_complexing,0.0,0.0,other,real,real,group_aut,group_aut_02,lightgbm,lightgbm_permutation
ret_ps_x_fg_any,0.0018297127481858,0.00399612315589,polymer_identity,real,real,group_aut,group_aut_02,lightgbm,lightgbm_permutation
ret_pe_x_fg_any,0.0,0.0,polymer_identity,real,real,group_aut,group_aut_02,lightgbm,lightgbm_permutation
ret_pa_x_fg_any,0.0,0.0,polymer_identity,real,real,group_aut,group_aut_02,lightgbm,lightgbm_permutation
null_random_normal,0.0,0.0,null_feature,,random_noise,group_aut,group_aut_02,lightgbm,lightgbm_permutation
null_random_uniform,0.0,0.0,null_feature,,random_noise,group_aut,group_aut_02,lightgbm,lightgbm_permutation
null_random_binary,0.0002009923295524,0.0004389705996622,null_feature,,random_noise,group_aut,group_aut_02,lightgbm,lightgbm_permutation
null_perm_ph,0.0,0.0,null_feature,,permuted_real,group_aut,group_aut_02,lightgbm,lightgbm_permutation
null_perm_ce,0.0,0.0,null_feature,,permuted_real,group_aut,group_aut_02,lightgbm,lightgbm_permutation
null_study_random_effect,0.0136495920334272,0.0298109366332568,null_feature,,group_aware_random,group_aut,group_aut_02,lightgbm,lightgbm_permutation
null_exp_random_effect,0.0,0.0,null_feature,,group_aware_random,group_aut,group_aut_02,lightgbm,lightgbm_permutation
num__ph,118.0,0.0079269111917237,solution_chemistry,real,real,group_aut,group_aut_02,lightgbm,lightgbm_builtin_gain
num__temp,178.0,0.0119575440010748,solution_chemistry,real,real,group_aut,group_aut_02,lightgbm,lightgbm_builtin_gain
num__ce,582.0,0.0390971382507053,solution_chemistry,real,real,group_aut,group_aut_02,lightgbm,lightgbm_builtin_gain
num__rpm,322.0,0.0216310627435174,solution_chemistry,real,real,group_aut,group_aut_02,lightgbm,lightgbm_builtin_gain
num__sa,533.0,0.0358054547897353,surface_area_porosity,real,real,group_aut,group_aut_02,lightgbm,lightgbm_builtin_gain
num__fg_complexing,8.0,0.0005374177079134,surface_functionality,real,real,group_aut,group_aut_02,lightgbm,lightgbm_builtin_gain
num__fg_polar,5.0,0.0003358860674459,surface_functionality,real,real,group_aut,group_aut_02,lightgbm,lightgbm_builtin_gain
num__fg_any,1.0,6.717721348918447e-05,surface_functionality,real,real,group_aut,group_aut_02,lightgbm,lightgbm_builtin_gain
num__ags_aged,152.0,0.010210936450356,aging_state,real,real,group_aut,group_aut_02,lightgbm,lightgbm_builtin_gain
num__ags_virgin,11.0,0.000738949348381,aging_state,real,real,group_aut,group_aut_02,lightgbm,lightgbm_builtin_gain
num__ph_missing,110.0,0.0073894934838102,solution_chemistry,real,real,group_aut,group_aut_02,lightgbm,lightgbm_builtin_gain
num__temp_missing,84.0,0.0056428859330914,solution_chemistry,real,real,group_aut,group_aut_02,lightgbm,lightgbm_builtin_gain
num__rpm_missing,195.0,0.0130995566303909,solution_chemistry,real,real,group_aut,group_aut_02,lightgbm,lightgbm_builtin_gain
num__sa_missing,55.0,0.0036947467419051,surface_area_porosity,real,real,group_aut,group_aut_02,lightgbm,lightgbm_builtin_gain
num__metal_cd,20.0,0.0013435442697836,metal_identity,real,real,group_aut,group_aut_02,lightgbm,lightgbm_builtin_gain
num__metal_cr,24.0,0.0016122531237404,metal_identity,real,real,group_aut,group_aut_02,lightgbm,lightgbm_builtin_gain
num__metal_hg,6.0,0.0004030632809351,metal_identity,real,real,group_aut,group_aut_02,lightgbm,lightgbm_builtin_gain
num__ret_other,159.0,0.0106811769447803,polymer_identity,real,real,group_aut,group_aut_02,lightgbm,lightgbm_builtin_gain
num__ret_pa,143.0,0.0096063415289533,polymer_identity,real,real,group_aut,group_aut_02,lightgbm,lightgbm_builtin_gain
num__ret_pe,45.0,0.0030229746070133,polymer_identity,real,real,group_aut,group_aut_02,lightgbm,lightgbm_builtin_gain
num__ret_pet,6.0,0.0004030632809351,polymer_identity,real,real,group_aut,group_aut_02,lightgbm,lightgbm_builtin_gain
num__ret_pla,115.0,0.0077253795512562,polymer_identity,real,real,group_aut,group_aut_02,lightgbm,lightgbm_builtin_gain
num__ret_pp,93.0,0.0062474808544941,polymer_identity,real,real,group_aut,group_aut_02,lightgbm,lightgbm_builtin_gain
num__ret_ps,104.0,0.0069864302028751,polymer_identity,real,real,group_aut,group_aut_02,lightgbm,lightgbm_builtin_gain
num__ret_pvc,7.0,0.0004702404944242,polymer_identity,real,real,group_aut,group_aut_02,lightgbm,lightgbm_builtin_gain
num__ce_log1p,38.0,0.002552734112589,solution_chemistry,real,real,group_aut,group_aut_02,lightgbm,lightgbm_builtin_gain
num__rpm_log1p,32.0,0.0021496708316539,solution_chemistry,real,real,group_aut,group_aut_02,lightgbm,lightgbm_builtin_gain
num__sa_log1p,361.0,0.0242509740695955,surface_area_porosity,real,real,group_aut,group_aut_02,lightgbm,lightgbm_builtin_gain
num__temp_log1p,37.0,0.0024855568990998,solution_chemistry,real,real,group_aut,group_aut_02,lightgbm,lightgbm_builtin_gain
num__ph_x_temp,61.0,0.0040978100228402,solution_chemistry,real,real,group_aut,group_aut_02,lightgbm,lightgbm_builtin_gain
num__ph_x_ce_log,923.0,0.0620045680505172,solution_chemistry,real,real,group_aut,group_aut_02,lightgbm,lightgbm_builtin_gain
num__temp_x_ce_log,712.0,0.0478301760042993,solution_chemistry,real,real,group_aut,group_aut_02,lightgbm,lightgbm_builtin_gain
num__ce_log_x_rpm_log,426.0,0.0286174929463925,solution_chemistry,real,real,group_aut,group_aut_02,lightgbm,lightgbm_builtin_gain
num__ce_over_rpm,648.0,0.0435308343409915,solution_chemistry,real,real,group_aut,group_aut_02,lightgbm,lightgbm_builtin_gain
num__ce_over_sa,601.0,0.0403735053069998,solution_chemistry,real,real,group_aut,group_aut_02,lightgbm,lightgbm_builtin_gain
num__cd_x_ph,175.0,0.0117560123606072,other,real,real,group_aut,group_aut_02,lightgbm,lightgbm_builtin_gain
num__cd_x_ce_log,426.0,0.0286174929463925,other,real,real,group_aut,group_aut_02,lightgbm,lightgbm_builtin_gain
num__cd_x_sa_log,359.0,0.0241166196426172,other,real,real,group_aut,group_aut_02,lightgbm,lightgbm_builtin_gain
num__cr_x_ph,0.0,0.0,other,real,real,group_aut,group_aut_02,lightgbm,lightgbm_builtin_gain
num__cr_x_ce_log,236.0,0.0158538223834475,other,real,real,group_aut,group_aut_02,lightgbm,lightgbm_builtin_gain
num__cr_x_sa_log,465.0,0.0312374042724707,other,real,real,group_aut,group_aut_02,lightgbm,lightgbm_builtin_gain
num__hg_x_ph,174.0,0.011688835147118,other,real,real,group_aut,group_aut_02,lightgbm,lightgbm_builtin_gain
num__hg_x_ce_log,719.0,0.0483004164987236,other,real,real,group_aut,group_aut_02,lightgbm,lightgbm_builtin_gain
num__hg_x_sa_log,12.0,0.0008061265618702,other,real,real,group_aut,group_aut_02,lightgbm,lightgbm_builtin_gain
num__aged_x_fg_any,3.0,0.0002015316404675,other,real,real,group_aut,group_aut_02,lightgbm,lightgbm_builtin_gain
num__aged_x_fg_complexing,121.0,0.0081284428321913,other,real,real,group_aut,group_aut_02,lightgbm,lightgbm_builtin_gain
num__ret_ps_x_fg_any,44.0,0.0029557973935241,polymer_identity,real,real,group_aut,group_aut_02,lightgbm,lightgbm_builtin_gain
num__ret_pe_x_fg_any,40.0,0.0026870885395673,polymer_identity,real,real,group_aut,group_aut_02,lightgbm,lightgbm_builtin_gain
num__ret_pa_x_fg_any,9.0,0.0006045949214026,polymer_identity,real,real,group_aut,group_aut_02,lightgbm,lightgbm_builtin_gain
num__null_random_normal,905.0,0.0607953782077119,null_feature,real,random_noise,group_aut,group_aut_02,lightgbm,lightgbm_builtin_gain
num__null_random_uniform,898.0,0.0603251377132876,null_feature,real,random_noise,group_aut,group_aut_02,lightgbm,lightgbm_builtin_gain
num__null_random_binary,145.0,0.0097406959559317,null_feature,real,random_noise,group_aut,group_aut_02,lightgbm,lightgbm_builtin_gain
num__null_perm_ph,747.0,0.0501813784764208,null_feature,real,permuted_real,group_aut,group_aut_02,lightgbm,lightgbm_builtin_gain
num__null_perm_ce,781.0,0.052465403735053,null_feature,real,permuted_real,group_aut,group_aut_02,lightgbm,lightgbm_builtin_gain
num__null_study_random_effect,412.0,0.027677011957544,null_feature,real,group_aware_random,group_aut,group_aut_02,lightgbm,lightgbm_builtin_gain
num__null_exp_random_effect,1300.0,0.0873303775359398,null_feature,real,group_aware_random,group_aut,group_aut_02,lightgbm,lightgbm_builtin_gain
ph,0.000856598924039,0.0007840552663023,solution_chemistry,real,real,group_aut,group_aut_02,lightgbm,lightgbm_shap
temp,0.0049166517696713,0.0045002703183523,solution_chemistry,real,real,group_aut,group_aut_02,lightgbm,lightgbm_shap
ce,0.0166214727660846,0.0152138333241184,solution_chemistry,real,real,group_aut,group_aut_02,lightgbm,lightgbm_shap
rpm,0.0222584152910329,0.0203733944074893,solution_chemistry,real,real,group_aut,group_aut_02,lightgbm,lightgbm_shap
sa,0.0137665032226973,0.0126006454682772,surface_area_porosity,real,real,group_aut,group_aut_02,lightgbm,lightgbm_shap
fg_complexing,6.626613149228866e-05,6.065418472512886e-05,surface_functionality,real,real,group_aut,group_aut_02,lightgbm,lightgbm_shap
fg_polar,0.0009426095306123,0.000862781805817,surface_functionality,real,real,group_aut,group_aut_02,lightgbm,lightgbm_shap
fg_any,4.121931022877301e-05,3.772852889638395e-05,surface_functionality,real,real,group_aut,group_aut_02,lightgbm,lightgbm_shap
ags_aged,0.0190239043608881,0.0174128077694224,aging_state,real,real,group_aut,group_aut_02,lightgbm,lightgbm_shap
ags_virgin,0.000551256552686,0.0005045717325666,aging_state,real,real,group_aut,group_aut_02,lightgbm,lightgbm_shap
ph_missing,0.0247382045727341,0.0226431752711753,solution_chemistry,real,real,group_aut,group_aut_02,lightgbm,lightgbm_shap
temp_missing,0.0022469096249328,0.0020566233214806,solution_chemistry,real,real,group_aut,group_aut_02,lightgbm,lightgbm_shap
rpm_missing,0.0370103480359611,0.033876015333349,solution_chemistry,real,real,group_aut,group_aut_02,lightgbm,lightgbm_shap
sa_missing,0.0174081445984354,0.0159338834849311,surface_area_porosity,real,real,group_aut,group_aut_02,lightgbm,lightgbm_shap
metal_cd,0.0001668490858977,0.0001527189689417,metal_identity,real,real,group_aut,group_aut_02,lightgbm,lightgbm_shap
metal_cr,0.0007382191790537,0.0006757008662738,metal_identity,real,real,group_aut,group_aut_02,lightgbm,lightgbm_shap
metal_hg,0.0009157984859332,0.0008382413351419,metal_identity,real,real,group_aut,group_aut_02,lightgbm,lightgbm_shap
ret_other,0.0353052961199305,0.032315360870022,polymer_identity,real,real,group_aut,group_aut_02,lightgbm,lightgbm_shap
ret_pa,0.023470439496749,0.0214827746958706,polymer_identity,real,real,group_aut,group_aut_02,lightgbm,lightgbm_shap
ret_pe,0.0042747462991218,0.0039127265443309,polymer_identity,real,real,group_aut,group_aut_02,lightgbm,lightgbm_shap
ret_pet,6.725045575160479e-05,6.155514852231285e-05,polymer_identity,real,real,group_aut,group_aut_02,lightgbm,lightgbm_shap
ret_pla,0.013299315050351,0.0121730225322651,polymer_identity,real,real,group_aut,group_aut_02,lightgbm,lightgbm_shap
ret_pp,0.0366952039087476,0.0335875601349455,polymer_identity,real,real,group_aut,group_aut_02,lightgbm,lightgbm_shap
ret_ps,0.0083498537054452,0.0076427212162944,polymer_identity,real,real,group_aut,group_aut_02,lightgbm,lightgbm_shap
ret_pvc,7.208096215397321e-05,6.597656895303871e-05,polymer_identity,real,real,group_aut,group_aut_02,lightgbm,lightgbm_shap
ce_log1p,0.0005220480438756,0.0004778368342251,solution_chemistry,real,real,group_aut,group_aut_02,lightgbm,lightgbm_shap
rpm_log1p,0.0034034509859683,0.0031152194968536,solution_chemistry,real,real,group_aut,group_aut_02,lightgbm,lightgbm_shap
sa_log1p,0.0027999636973772,0.0025628403454355,surface_area_porosity,real,real,group_aut,group_aut_02,lightgbm,lightgbm_shap
temp_log1p,0.0029609971079148,0.0027102361569867,solution_chemistry,real,real,group_aut,group_aut_02,lightgbm,lightgbm_shap
ph_x_temp,0.0047406325635029,0.0043391578283716,solution_chemistry,real,real,group_aut,group_aut_02,lightgbm,lightgbm_shap
ph_x_ce_log,0.0512455230590956,0.0469056417202193,solution_chemistry,real,real,group_aut,group_aut_02,lightgbm,lightgbm_shap
temp_x_ce_log,0.2400650965898161,0.2197344614316147,solution_chemistry,real,real,group_aut,group_aut_02,lightgbm,lightgbm_shap
ce_log_x_rpm_log,0.0154418796307072,0.0141341375832858,solution_chemistry,real,real,group_aut,group_aut_02,lightgbm,lightgbm_shap
ce_over_rpm,0.0113989919595548,0.010433634021258,solution_chemistry,real,real,group_aut,group_aut_02,lightgbm,lightgbm_shap
ce_over_sa,0.0106053623706887,0.0097072153424791,solution_chemistry,real,real,group_aut,group_aut_02,lightgbm,lightgbm_shap
cd_x_ph,0.0011740007291208,0.0010745769443296,other,real,real,group_aut,group_aut_02,lightgbm,lightgbm_shap
cd_x_ce_log,0.0159397624261662,0.0145898556758797,other,real,real,group_aut,group_aut_02,lightgbm,lightgbm_shap
cd_x_sa_log,0.0204311403320372,0.0187008677274095,other,real,real,group_aut,group_aut_02,lightgbm,lightgbm_shap
cr_x_ph,0.0,0.0,other,real,real,group_aut,group_aut_02,lightgbm,lightgbm_shap
cr_x_ce_log,0.0295236401190858,0.0270233418069628,other,real,real,group_aut,group_aut_02,lightgbm,lightgbm_shap
cr_x_sa_log,0.0047050306977617,0.0043065710137712,other,real,real,group_aut,group_aut_02,lightgbm,lightgbm_shap
hg_x_ph,0.008124951090323,0.0074368651559573,other,real,real,group_aut,group_aut_02,lightgbm,lightgbm_shap
hg_x_ce_log,0.0239962112212986,0.0219640198596658,other,real,real,group_aut,group_aut_02,lightgbm,lightgbm_shap
hg_x_sa_log,3.794840935867104e-05,3.4734634109937325e-05,other,real,real,group_aut,group_aut_02,lightgbm,lightgbm_shap
aged_x_fg_any,0.0029335041747511,0.0026850715456054,other,real,real,group_aut,group_aut_02,lightgbm,lightgbm_shap
aged_x_fg_complexing,0.1028339800125526,0.0941251749459285,other,real,real,group_aut,group_aut_02,lightgbm,lightgbm_shap
ret_ps_x_fg_any,0.0013724135707625,0.0012561865973719,polymer_identity,real,real,group_aut,group_aut_02,lightgbm,lightgbm_shap
ret_pe_x_fg_any,0.0072772269994741,0.0066609331308885,polymer_identity,real,real,group_aut,group_aut_02,lightgbm,lightgbm_shap
ret_pa_x_fg_any,0.0010485428020241,0.000959743799343,polymer_identity,real,real,group_aut,group_aut_02,lightgbm,lightgbm_shap
null_random_normal,0.0032041301085315,0.0029327787077601,null_feature,,random_noise,group_aut,group_aut_02,lightgbm,lightgbm_shap
null_random_uniform,0.0063679874032689,0.0058286952261596,null_feature,,random_noise,group_aut,group_aut_02,lightgbm,lightgbm_shap
null_random_binary,0.0018240136515648,0.0016695415662833,null_feature,,random_noise,group_aut,group_aut_02,lightgbm,lightgbm_shap
null_perm_ph,0.0080341584212137,0.0073537615372636,null_feature,,permuted_real,group_aut,group_aut_02,lightgbm,lightgbm_shap
null_perm_ce,0.0043797087091875,0.0040087998968255,null_feature,,permuted_real,group_aut,group_aut_02,lightgbm,lightgbm_shap
null_study_random_effect,0.2045169585511041,0.1871968244415132,null_feature,,group_aware_random,group_aut,group_aut_02,lightgbm,lightgbm_shap
null_exp_random_effect,0.0178108405607216,0.0163024759277753,null_feature,,group_aware_random,group_aut,group_aut_02,lightgbm,lightgbm_shap
num__ph,0.0,0.0,solution_chemistry,real,real,group_aut,group_aut_03,elastic_net,elastic_net_coef
num__temp,0.0,0.0,solution_chemistry,real,real,group_aut,group_aut_03,elastic_net,elastic_net_coef
num__ce,0.0,0.0,solution_chemistry,real,real,group_aut,group_aut_03,elastic_net,elastic_net_coef
num__rpm,0.0,0.0,solution_chemistry,real,real,group_aut,group_aut_03,elastic_net,elastic_net_coef
num__sa,0.0,0.0,surface_area_porosity,real,real,group_aut,group_aut_03,elastic_net,elastic_net_coef
num__fg_complexing,0.0,0.0,surface_functionality,real,real,group_aut,group_aut_03,elastic_net,elastic_net_coef
num__fg_polar,0.0,0.0,surface_functionality,real,real,group_aut,group_aut_03,elastic_net,elastic_net_coef
num__fg_any,0.0,0.0,surface_functionality,real,real,group_aut,group_aut_03,elastic_net,elastic_net_coef
num__ags_aged,0.0,0.0,aging_state,real,real,group_aut,group_aut_03,elastic_net,elastic_net_coef
num__ags_virgin,0.0,0.0,aging_state,real,real,group_aut,group_aut_03,elastic_net,elastic_net_coef
num__ph_missing,0.0,0.0,solution_chemistry,real,real,group_aut,group_aut_03,elastic_net,elastic_net_coef
num__temp_missing,0.0,0.0,solution_chemistry,real,real,group_aut,group_aut_03,elastic_net,elastic_net_coef
num__rpm_missing,0.0,0.0,solution_chemistry,real,real,group_aut,group_aut_03,elastic_net,elastic_net_coef
num__sa_missing,0.0,0.0,surface_area_porosity,real,real,group_aut,group_aut_03,elastic_net,elastic_net_coef
num__metal_cd,0.0,0.0,metal_identity,real,real,group_aut,group_aut_03,elastic_net,elastic_net_coef
num__metal_cr,0.0,0.0,metal_identity,real,real,group_aut,group_aut_03,elastic_net,elastic_net_coef
num__metal_hg,0.0,0.0,metal_identity,real,real,group_aut,group_aut_03,elastic_net,elastic_net_coef
num__ret_other,0.0,0.0,polymer_identity,real,real,group_aut,group_aut_03,elastic_net,elastic_net_coef
num__ret_pa,0.0,0.0,polymer_identity,real,real,group_aut,group_aut_03,elastic_net,elastic_net_coef
num__ret_pe,0.0,0.0,polymer_identity,real,real,group_aut,group_aut_03,elastic_net,elastic_net_coef
num__ret_pet,0.0,0.0,polymer_identity,real,real,group_aut,group_aut_03,elastic_net,elastic_net_coef
num__ret_pla,0.0,0.0,polymer_identity,real,real,group_aut,group_aut_03,elastic_net,elastic_net_coef
num__ret_pp,0.0,0.0,polymer_identity,real,real,group_aut,group_aut_03,elastic_net,elastic_net_coef
num__ret_ps,0.0,0.0,polymer_identity,real,real,group_aut,group_aut_03,elastic_net,elastic_net_coef
num__ret_pvc,0.0,0.0,polymer_identity,real,real,group_aut,group_aut_03,elastic_net,elastic_net_coef
num__ce_log1p,0.0,0.0,solution_chemistry,real,real,group_aut,group_aut_03,elastic_net,elastic_net_coef
num__rpm_log1p,0.0,0.0,solution_chemistry,real,real,group_aut,group_aut_03,elastic_net,elastic_net_coef
num__sa_log1p,0.0,0.0,surface_area_porosity,real,real,group_aut,group_aut_03,elastic_net,elastic_net_coef
num__temp_log1p,0.0,0.0,solution_chemistry,real,real,group_aut,group_aut_03,elastic_net,elastic_net_coef
num__ph_x_temp,2.833401841274593e-16,1.3017409166719036e-14,solution_chemistry,real,real,group_aut,group_aut_03,elastic_net,elastic_net_coef
num__ph_x_ce_log,0.0,0.0,solution_chemistry,real,real,group_aut,group_aut_03,elastic_net,elastic_net_coef
num__temp_x_ce_log,0.0,0.0,solution_chemistry,real,real,group_aut,group_aut_03,elastic_net,elastic_net_coef
num__ce_log_x_rpm_log,0.0,0.0,solution_chemistry,real,real,group_aut,group_aut_03,elastic_net,elastic_net_coef
num__ce_over_rpm,0.0217662501422984,0.9999999999999868,solution_chemistry,real,real,group_aut,group_aut_03,elastic_net,elastic_net_coef
num__ce_over_sa,0.0,0.0,solution_chemistry,real,real,group_aut,group_aut_03,elastic_net,elastic_net_coef
num__cd_x_ph,0.0,0.0,other,real,real,group_aut,group_aut_03,elastic_net,elastic_net_coef
num__cd_x_ce_log,0.0,0.0,other,real,real,group_aut,group_aut_03,elastic_net,elastic_net_coef
num__cd_x_sa_log,0.0,0.0,other,real,real,group_aut,group_aut_03,elastic_net,elastic_net_coef
num__cr_x_ph,0.0,0.0,other,real,real,group_aut,group_aut_03,elastic_net,elastic_net_coef
num__cr_x_ce_log,0.0,0.0,other,real,real,group_aut,group_aut_03,elastic_net,elastic_net_coef
num__cr_x_sa_log,0.0,0.0,other,real,real,group_aut,group_aut_03,elastic_net,elastic_net_coef
num__hg_x_ph,0.0,0.0,other,real,real,group_aut,group_aut_03,elastic_net,elastic_net_coef
num__hg_x_ce_log,0.0,0.0,other,real,real,group_aut,group_aut_03,elastic_net,elastic_net_coef
num__hg_x_sa_log,0.0,0.0,other,real,real,group_aut,group_aut_03,elastic_net,elastic_net_coef
num__aged_x_fg_any,0.0,0.0,other,real,real,group_aut,group_aut_03,elastic_net,elastic_net_coef
num__aged_x_fg_complexing,0.0,0.0,other,real,real,group_aut,group_aut_03,elastic_net,elastic_net_coef
num__ret_ps_x_fg_any,0.0,0.0,polymer_identity,real,real,group_aut,group_aut_03,elastic_net,elastic_net_coef
num__ret_pe_x_fg_any,0.0,0.0,polymer_identity,real,real,group_aut,group_aut_03,elastic_net,elastic_net_coef
num__ret_pa_x_fg_any,0.0,0.0,polymer_identity,real,real,group_aut,group_aut_03,elastic_net,elastic_net_coef
num__null_random_normal,0.0,0.0,null_feature,real,random_noise,group_aut,group_aut_03,elastic_net,elastic_net_coef
num__null_random_uniform,0.0,0.0,null_feature,real,random_noise,group_aut,group_aut_03,elastic_net,elastic_net_coef
num__null_random_binary,0.0,0.0,null_feature,real,random_noise,group_aut,group_aut_03,elastic_net,elastic_net_coef
num__null_perm_ph,0.0,0.0,null_feature,real,permuted_real,group_aut,group_aut_03,elastic_net,elastic_net_coef
num__null_perm_ce,0.0,0.0,null_feature,real,permuted_real,group_aut,group_aut_03,elastic_net,elastic_net_coef
num__null_study_random_effect,0.0,0.0,null_feature,real,group_aware_random,group_aut,group_aut_03,elastic_net,elastic_net_coef
num__null_exp_random_effect,0.0,0.0,null_feature,real,group_aware_random,group_aut,group_aut_03,elastic_net,elastic_net_coef
ph,0.0,0.0,solution_chemistry,real,real,group_aut,group_aut_03,elastic_net,elastic_net_permutation
temp,0.0001198925948174,0.0013267997572143,solution_chemistry,real,real,group_aut,group_aut_03,elastic_net,elastic_net_permutation
ce,0.0180275264489607,0.1995028779889896,solution_chemistry,real,real,group_aut,group_aut_03,elastic_net,elastic_net_permutation
rpm,0.0,0.0,solution_chemistry,real,real,group_aut,group_aut_03,elastic_net,elastic_net_permutation
sa,0.0,0.0,surface_area_porosity,real,real,group_aut,group_aut_03,elastic_net,elastic_net_permutation
fg_complexing,0.0,0.0,surface_functionality,real,real,group_aut,group_aut_03,elastic_net,elastic_net_permutation
fg_polar,0.0,0.0,surface_functionality,real,real,group_aut,group_aut_03,elastic_net,elastic_net_permutation
fg_any,0.0,0.0,surface_functionality,real,real,group_aut,group_aut_03,elastic_net,elastic_net_permutation
ags_aged,0.0,0.0,aging_state,real,real,group_aut,group_aut_03,elastic_net,elastic_net_permutation
ags_virgin,0.0,0.0,aging_state,real,real,group_aut,group_aut_03,elastic_net,elastic_net_permutation
ph_missing,0.0,0.0,solution_chemistry,real,real,group_aut,group_aut_03,elastic_net,elastic_net_permutation
temp_missing,2.9691225660211097e-06,3.285800182849901e-05,solution_chemistry,real,real,group_aut,group_aut_03,elastic_net,elastic_net_permutation
rpm_missing,0.0001027462214839,0.0011370482215945,solution_chemistry,real,real,group_aut,group_aut_03,elastic_net,elastic_net_permutation
sa_missing,0.0001389253789563,0.0015374273894958,surface_area_porosity,real,real,group_aut,group_aut_03,elastic_net,elastic_net_permutation
metal_cd,0.0002362493112405,0.0026144694697218,metal_identity,real,real,group_aut,group_aut_03,elastic_net,elastic_net_permutation
metal_cr,0.0,0.0,metal_identity,real,real,group_aut,group_aut_03,elastic_net,elastic_net_permutation
metal_hg,6.808880823498953e-05,0.0007535095422092,metal_identity,real,real,group_aut,group_aut_03,elastic_net,elastic_net_permutation
ret_other,0.0002531027863236,0.0028009796264371,polymer_identity,real,real,group_aut,group_aut_03,elastic_net,elastic_net_permutation
ret_pa,0.0,0.0,polymer_identity,real,real,group_aut,group_aut_03,elastic_net,elastic_net_permutation
ret_pe,0.0,0.0,polymer_identity,real,real,group_aut,group_aut_03,elastic_net,elastic_net_permutation
ret_pet,0.0,0.0,polymer_identity,real,real,group_aut,group_aut_03,elastic_net,elastic_net_permutation
ret_pla,0.0,0.0,polymer_identity,real,real,group_aut,group_aut_03,elastic_net,elastic_net_permutation
ret_pp,1.2812092103398064e-05,0.0001417859102814,polymer_identity,real,real,group_aut,group_aut_03,elastic_net,elastic_net_permutation
ret_ps,0.0001505817271844,0.0016664231796246,polymer_identity,real,real,group_aut,group_aut_03,elastic_net,elastic_net_permutation
ret_pvc,0.0,0.0,polymer_identity,real,real,group_aut,group_aut_03,elastic_net,elastic_net_permutation
ce_log1p,0.0,0.0,solution_chemistry,real,real,group_aut,group_aut_03,elastic_net,elastic_net_permutation
rpm_log1p,0.0002965065526697,0.0032813104320038,solution_chemistry,real,real,group_aut,group_aut_03,elastic_net,elastic_net_permutation
sa_log1p,2.734596429250225e-05,0.0003026260198915,surface_area_porosity,real,real,group_aut,group_aut_03,elastic_net,elastic_net_permutation
temp_log1p,3.937151467059419e-06,4.357076113468742e-05,solution_chemistry,real,real,group_aut,group_aut_03,elastic_net,elastic_net_permutation
ph_x_temp,0.0418433946491529,0.4630628434227793,solution_chemistry,real,real,group_aut,group_aut_03,elastic_net,elastic_net_permutation
ph_x_ce_log,0.0072919537305439,0.0806969142175318,solution_chemistry,real,real,group_aut,group_aut_03,elastic_net,elastic_net_permutation
temp_x_ce_log,0.007551641528985,0.0835707673395502,solution_chemistry,real,real,group_aut,group_aut_03,elastic_net,elastic_net_permutation
ce_log_x_rpm_log,0.0,0.0,solution_chemistry,real,real,group_aut,group_aut_03,elastic_net,elastic_net_permutation
ce_over_rpm,0.0107752375905992,0.1192449178441574,solution_chemistry,real,real,group_aut,group_aut_03,elastic_net,elastic_net_permutation
ce_over_sa,0.0005352483926487,0.0059233636447425,solution_chemistry,real,real,group_aut,group_aut_03,elastic_net,elastic_net_permutation
cd_x_ph,0.0005749473545254,0.0063626949734192,other,real,real,group_aut,group_aut_03,elastic_net,elastic_net_permutation
cd_x_ce_log,0.0007188164248541,0.0079548320680693,other,real,real,group_aut,group_aut_03,elastic_net,elastic_net_permutation
cd_x_sa_log,3.6175324281717546e-05,0.0004003367476298,other,real,real,group_aut,group_aut_03,elastic_net,elastic_net_permutation
cr_x_ph,0.0,0.0,other,real,real,group_aut,group_aut_03,elastic_net,elastic_net_permutation
cr_x_ce_log,0.0,0.0,other,real,real,group_aut,group_aut_03,elastic_net,elastic_net_permutation
cr_x_sa_log,0.0001191309429845,0.0013183708841173,other,real,real,group_aut,group_aut_03,elastic_net,elastic_net_permutation
hg_x_ph,0.0001249568235246,0.0013828433971848,other,real,real,group_aut,group_aut_03,elastic_net,elastic_net_permutation
hg_x_ce_log,0.0,0.0,other,real,real,group_aut,group_aut_03,elastic_net,elastic_net_permutation
hg_x_sa_log,0.0001221718145852,0.0013520229016383,other,real,real,group_aut,group_aut_03,elastic_net,elastic_net_permutation
aged_x_fg_any,0.0,0.0,other,real,real,group_aut,group_aut_03,elastic_net,elastic_net_permutation
aged_x_fg_complexing,0.0,0.0,other,real,real,group_aut,group_aut_03,elastic_net,elastic_net_permutation
ret_ps_x_fg_any,0.0001506517515099,0.0016671981087043,polymer_identity,real,real,group_aut,group_aut_03,elastic_net,elastic_net_permutation
ret_pe_x_fg_any,0.0,0.0,polymer_identity,real,real,group_aut,group_aut_03,elastic_net,elastic_net_permutation
ret_pa_x_fg_any,0.0,0.0,polymer_identity,real,real,group_aut,group_aut_03,elastic_net,elastic_net_permutation
null_random_normal,0.0,0.0,null_feature,,random_noise,group_aut,group_aut_03,elastic_net,elastic_net_permutation
null_random_uniform,6.926745485231755e-05,0.000766553117153,null_feature,,random_noise,group_aut,group_aut_03,elastic_net,elastic_net_permutation
null_random_binary,5.654916929864751e-06,6.258053235926434e-05,null_feature,,random_noise,group_aut,group_aut_03,elastic_net,elastic_net_permutation
null_perm_ph,0.0002740164671336,0.0030324223328313,null_feature,,permuted_real,group_aut,group_aut_03,elastic_net,elastic_net_permutation
null_perm_ce,0.0005085291061404,0.0056276727982296,null_feature,,permuted_real,group_aut,group_aut_03,elastic_net,elastic_net_permutation
null_study_random_effect,2.0047790329502654e-05,0.0002218602690379,null_feature,,group_aware_random,group_aut,group_aut_03,elastic_net,elastic_net_permutation
null_exp_random_effect,0.0001997113071254,0.0022101191004367,null_feature,,group_aware_random,group_aut,group_aut_03,elastic_net,elastic_net_permutation
ph,0.0,0.0,solution_chemistry,real,real,group_aut,group_aut_03,lightgbm,lightgbm_permutation
temp,0.001426488348886,0.0025491730207392,solution_chemistry,real,real,group_aut,group_aut_03,lightgbm,lightgbm_permutation
ce,0.037449851525678,0.0669238912568064,solution_chemistry,real,real,group_aut,group_aut_03,lightgbm,lightgbm_permutation
rpm,0.0,0.0,solution_chemistry,real,real,group_aut,group_aut_03,lightgbm,lightgbm_permutation
sa,0.0074281638650677,0.013274328481721,surface_area_porosity,real,real,group_aut,group_aut_03,lightgbm,lightgbm_permutation
fg_complexing,0.0,0.0,surface_functionality,real,real,group_aut,group_aut_03,lightgbm,lightgbm_permutation
fg_polar,0.0,0.0,surface_functionality,real,real,group_aut,group_aut_03,lightgbm,lightgbm_permutation
fg_any,0.0,0.0,surface_functionality,real,real,group_aut,group_aut_03,lightgbm,lightgbm_permutation
ags_aged,0.0727938113385211,0.130084497420433,aging_state,real,real,group_aut,group_aut_03,lightgbm,lightgbm_permutation
ags_virgin,0.0001016557288619,0.0001816615197879,aging_state,real,real,group_aut,group_aut_03,lightgbm,lightgbm_permutation
ph_missing,0.0,0.0,solution_chemistry,real,real,group_aut,group_aut_03,lightgbm,lightgbm_permutation
temp_missing,0.0018207606346661,0.0032537481927136,solution_chemistry,real,real,group_aut,group_aut_03,lightgbm,lightgbm_permutation
rpm_missing,0.0,0.0,solution_chemistry,real,real,group_aut,group_aut_03,lightgbm,lightgbm_permutation
sa_missing,0.0018434375738113,0.0032942724924789,surface_area_porosity,real,real,group_aut,group_aut_03,lightgbm,lightgbm_permutation
metal_cd,0.0,0.0,metal_identity,real,real,group_aut,group_aut_03,lightgbm,lightgbm_permutation
metal_cr,0.0,0.0,metal_identity,real,real,group_aut,group_aut_03,lightgbm,lightgbm_permutation
metal_hg,0.0,0.0,metal_identity,real,real,group_aut,group_aut_03,lightgbm,lightgbm_permutation
ret_other,0.0005673761184869,0.0010139163737217,polymer_identity,real,real,group_aut,group_aut_03,lightgbm,lightgbm_permutation
ret_pa,0.0,0.0,polymer_identity,real,real,group_aut,group_aut_03,lightgbm,lightgbm_permutation
ret_pe,0.0002316773543178,0.0004140136592103,polymer_identity,real,real,group_aut,group_aut_03,lightgbm,lightgbm_permutation
ret_pet,0.0,0.0,polymer_identity,real,real,group_aut,group_aut_03,lightgbm,lightgbm_permutation
ret_pla,0.0,0.0,polymer_identity,real,real,group_aut,group_aut_03,lightgbm,lightgbm_permutation
ret_pp,0.0,0.0,polymer_identity,real,real,group_aut,group_aut_03,lightgbm,lightgbm_permutation
ret_ps,0.0013228438365739,0.0023639574914713,polymer_identity,real,real,group_aut,group_aut_03,lightgbm,lightgbm_permutation
ret_pvc,0.0,0.0,polymer_identity,real,real,group_aut,group_aut_03,lightgbm,lightgbm_permutation
ce_log1p,0.0038058878706797,0.0068012239198952,solution_chemistry,real,real,group_aut,group_aut_03,lightgbm,lightgbm_permutation
rpm_log1p,0.0,0.0,solution_chemistry,real,real,group_aut,group_aut_03,lightgbm,lightgbm_permutation
sa_log1p,0.0,0.0,surface_area_porosity,real,real,group_aut,group_aut_03,lightgbm,lightgbm_permutation
temp_log1p,0.0019575455857429,0.003498186576806,solution_chemistry,real,real,group_aut,group_aut_03,lightgbm,lightgbm_permutation
ph_x_temp,0.0060929821661943,0.0108883228987026,solution_chemistry,real,real,group_aut,group_aut_03,lightgbm,lightgbm_permutation
ph_x_ce_log,0.0280306807506082,0.0500915799124519,solution_chemistry,real,real,group_aut,group_aut_03,lightgbm,lightgbm_permutation
temp_x_ce_log,0.0194525272773193,0.0347621890913174,solution_chemistry,real,real,group_aut,group_aut_03,lightgbm,lightgbm_permutation
ce_log_x_rpm_log,0.0406477183058898,0.0726385651455908,solution_chemistry,real,real,group_aut,group_aut_03,lightgbm,lightgbm_permutation
ce_over_rpm,0.0030447757571291,0.0054410961157416,solution_chemistry,real,real,group_aut,group_aut_03,lightgbm,lightgbm_permutation
ce_over_sa,0.0257314661616316,0.0459828216434578,solution_chemistry,real,real,group_aut,group_aut_03,lightgbm,lightgbm_permutation
cd_x_ph,0.0016774046538561,0.0029975672018715,other,real,real,group_aut,group_aut_03,lightgbm,lightgbm_permutation
cd_x_ce_log,0.0,0.0,other,real,real,group_aut,group_aut_03,lightgbm,lightgbm_permutation
cd_x_sa_log,0.0,0.0,other,real,real,group_aut,group_aut_03,lightgbm,lightgbm_permutation
cr_x_ph,8.453595430391037e-06,1.5106802250594024e-05,other,real,real,group_aut,group_aut_03,lightgbm,lightgbm_permutation
cr_x_ce_log,0.0,0.0,other,real,real,group_aut,group_aut_03,lightgbm,lightgbm_permutation
cr_x_sa_log,0.0005211518722484,0.000931312403274,other,real,real,group_aut,group_aut_03,lightgbm,lightgbm_permutation
hg_x_ph,0.001458340532164,0.0026060937283828,other,real,real,group_aut,group_aut_03,lightgbm,lightgbm_permutation
hg_x_ce_log,0.0161991944542946,0.028948395893205,other,real,real,group_aut,group_aut_03,lightgbm,lightgbm_permutation
hg_x_sa_log,0.0002362095210644,0.0004221127630025,other,real,real,group_aut,group_aut_03,lightgbm,lightgbm_permutation
aged_x_fg_any,5.12207951317456e-05,9.153293761748866e-05,other,real,real,group_aut,group_aut_03,lightgbm,lightgbm_permutation
aged_x_fg_complexing,0.0,0.0,other,real,real,group_aut,group_aut_03,lightgbm,lightgbm_permutation
ret_ps_x_fg_any,0.0003922192956195,0.0007009064233771,polymer_identity,real,real,group_aut,group_aut_03,lightgbm,lightgbm_permutation
ret_pe_x_fg_any,0.0049716385498495,0.0088844517167215,polymer_identity,real,real,group_aut,group_aut_03,lightgbm,lightgbm_permutation
ret_pa_x_fg_any,0.0,0.0,polymer_identity,real,real,group_aut,group_aut_03,lightgbm,lightgbm_permutation
null_random_normal,3.3070844497429255e-05,5.909848799798781e-05,null_feature,,random_noise,group_aut,group_aut_03,lightgbm,lightgbm_permutation
null_random_uniform,0.0001113276953678,0.000198945583898,null_feature,,random_noise,group_aut,group_aut_03,lightgbm,lightgbm_permutation
null_random_binary,0.0,0.0,null_feature,,random_noise,group_aut,group_aut_03,lightgbm,lightgbm_permutation
null_perm_ph,0.0014286194426535,0.0025529813425816,null_feature,,permuted_real,group_aut,group_aut_03,lightgbm,lightgbm_permutation
null_perm_ce,0.0069764372944989,0.0124670809585679,null_feature,,permuted_real,group_aut,group_aut_03,lightgbm,lightgbm_permutation
null_study_random_effect,0.2717737346310806,0.4856669685442042,null_feature,,group_aware_random,group_aut,group_aut_03,lightgbm,lightgbm_permutation
null_exp_random_effect,0.0,0.0,null_feature,,group_aware_random,group_aut,group_aut_03,lightgbm,lightgbm_permutation
num__ph,58.0,0.0038915727321524,solution_chemistry,real,real,group_aut,group_aut_03,lightgbm,lightgbm_builtin_gain
num__temp,81.0,0.0054347826086956,solution_chemistry,real,real,group_aut,group_aut_03,lightgbm,lightgbm_builtin_gain
num__ce,825.0,0.055354267310789,solution_chemistry,real,real,group_aut,group_aut_03,lightgbm,lightgbm_builtin_gain
num__rpm,419.0,0.0281132581857219,solution_chemistry,real,real,group_aut,group_aut_03,lightgbm,lightgbm_builtin_gain
num__sa,631.0,0.042337627482555,surface_area_porosity,real,real,group_aut,group_aut_03,lightgbm,lightgbm_builtin_gain
num__fg_complexing,13.0,0.0008722490606548,surface_functionality,real,real,group_aut,group_aut_03,lightgbm,lightgbm_builtin_gain
num__fg_polar,14.0,0.0009393451422436,surface_functionality,real,real,group_aut,group_aut_03,lightgbm,lightgbm_builtin_gain
num__fg_any,18.0,0.001207729468599,surface_functionality,real,real,group_aut,group_aut_03,lightgbm,lightgbm_builtin_gain
num__ags_aged,112.0,0.0075147611379495,aging_state,real,real,group_aut,group_aut_03,lightgbm,lightgbm_builtin_gain
num__ags_virgin,7.0,0.0004696725711218,aging_state,real,real,group_aut,group_aut_03,lightgbm,lightgbm_builtin_gain
num__ph_missing,39.0,0.0026167471819645,solution_chemistry,real,real,group_aut,group_aut_03,lightgbm,lightgbm_builtin_gain
num__temp_missing,65.0,0.0043612453032742,solution_chemistry,real,real,group_aut,group_aut_03,lightgbm,lightgbm_builtin_gain
num__rpm_missing,149.0,0.0099973161567364,solution_chemistry,real,real,group_aut,group_aut_03,lightgbm,lightgbm_builtin_gain
num__sa_missing,67.0,0.0044954374664519,surface_area_porosity,real,real,group_aut,group_aut_03,lightgbm,lightgbm_builtin_gain
num__metal_cd,30.0,0.002012882447665,metal_identity,real,real,group_aut,group_aut_03,lightgbm,lightgbm_builtin_gain
num__metal_cr,17.0,0.0011406333870101,metal_identity,real,real,group_aut,group_aut_03,lightgbm,lightgbm_builtin_gain
num__metal_hg,3.0,0.0002012882447665,metal_identity,real,real,group_aut,group_aut_03,lightgbm,lightgbm_builtin_gain
num__ret_other,0.0,0.0,polymer_identity,real,real,group_aut,group_aut_03,lightgbm,lightgbm_builtin_gain
num__ret_pa,118.0,0.0079173376274825,polymer_identity,real,real,group_aut,group_aut_03,lightgbm,lightgbm_builtin_gain
num__ret_pe,46.0,0.0030864197530864,polymer_identity,real,real,group_aut,group_aut_03,lightgbm,lightgbm_builtin_gain
num__ret_pet,19.0,0.0012748255501878,polymer_identity,real,real,group_aut,group_aut_03,lightgbm,lightgbm_builtin_gain
num__ret_pla,92.0,0.0061728395061728,polymer_identity,real,real,group_aut,group_aut_03,lightgbm,lightgbm_builtin_gain
num__ret_pp,122.0,0.0081857219538378,polymer_identity,real,real,group_aut,group_aut_03,lightgbm,lightgbm_builtin_gain
num__ret_ps,103.0,0.00691089640365,polymer_identity,real,real,group_aut,group_aut_03,lightgbm,lightgbm_builtin_gain
num__ret_pvc,9.0,0.0006038647342995,polymer_identity,real,real,group_aut,group_aut_03,lightgbm,lightgbm_builtin_gain
num__ce_log1p,87.0,0.0058373590982286,solution_chemistry,real,real,group_aut,group_aut_03,lightgbm,lightgbm_builtin_gain
num__rpm_log1p,55.0,0.0036902844873859,solution_chemistry,real,real,group_aut,group_aut_03,lightgbm,lightgbm_builtin_gain
num__sa_log1p,268.0,0.0179817498658078,surface_area_porosity,real,real,group_aut,group_aut_03,lightgbm,lightgbm_builtin_gain
num__temp_log1p,48.0,0.003220611916264,solution_chemistry,real,real,group_aut,group_aut_03,lightgbm,lightgbm_builtin_gain
num__ph_x_temp,40.0,0.0026838432635534,solution_chemistry,real,real,group_aut,group_aut_03,lightgbm,lightgbm_builtin_gain
num__ph_x_ce_log,692.0,0.0464304884594739,solution_chemistry,real,real,group_aut,group_aut_03,lightgbm,lightgbm_builtin_gain
num__temp_x_ce_log,571.0,0.0383118625872249,solution_chemistry,real,real,group_aut,group_aut_03,lightgbm,lightgbm_builtin_gain
num__ce_log_x_rpm_log,534.0,0.035829307568438,solution_chemistry,real,real,group_aut,group_aut_03,lightgbm,lightgbm_builtin_gain
num__ce_over_rpm,708.0,0.0475040257648953,solution_chemistry,real,real,group_aut,group_aut_03,lightgbm,lightgbm_builtin_gain
num__ce_over_sa,877.0,0.0588432635534084,solution_chemistry,real,real,group_aut,group_aut_03,lightgbm,lightgbm_builtin_gain
num__cd_x_ph,74.0,0.0049651100375738,other,real,real,group_aut,group_aut_03,lightgbm,lightgbm_builtin_gain
num__cd_x_ce_log,248.0,0.0166398282340311,other,real,real,group_aut,group_aut_03,lightgbm,lightgbm_builtin_gain
num__cd_x_sa_log,207.0,0.0138888888888888,other,real,real,group_aut,group_aut_03,lightgbm,lightgbm_builtin_gain
num__cr_x_ph,0.0,0.0,other,real,real,group_aut,group_aut_03,lightgbm,lightgbm_builtin_gain
num__cr_x_ce_log,508.0,0.0340848094471282,other,real,real,group_aut,group_aut_03,lightgbm,lightgbm_builtin_gain
num__cr_x_sa_log,630.0,0.0422705314009661,other,real,real,group_aut,group_aut_03,lightgbm,lightgbm_builtin_gain
num__hg_x_ph,36.0,0.002415458937198,other,real,real,group_aut,group_aut_03,lightgbm,lightgbm_builtin_gain
num__hg_x_ce_log,638.0,0.0428073000536768,other,real,real,group_aut,group_aut_03,lightgbm,lightgbm_builtin_gain
num__hg_x_sa_log,0.0,0.0,other,real,real,group_aut,group_aut_03,lightgbm,lightgbm_builtin_gain
num__aged_x_fg_any,0.0,0.0,other,real,real,group_aut,group_aut_03,lightgbm,lightgbm_builtin_gain
num__aged_x_fg_complexing,88.0,0.0059044551798174,other,real,real,group_aut,group_aut_03,lightgbm,lightgbm_builtin_gain
num__ret_ps_x_fg_any,28.0,0.0018786902844873,polymer_identity,real,real,group_aut,group_aut_03,lightgbm,lightgbm_builtin_gain
num__ret_pe_x_fg_any,64.0,0.0042941492216854,polymer_identity,real,real,group_aut,group_aut_03,lightgbm,lightgbm_builtin_gain
num__ret_pa_x_fg_any,7.0,0.0004696725711218,polymer_identity,real,real,group_aut,group_aut_03,lightgbm,lightgbm_builtin_gain
num__null_random_normal,1109.0,0.0744095544820182,null_feature,real,random_noise,group_aut,group_aut_03,lightgbm,lightgbm_builtin_gain
num__null_random_uniform,796.0,0.0534084809447128,null_feature,real,random_noise,group_aut,group_aut_03,lightgbm,lightgbm_builtin_gain
num__null_random_binary,152.0,0.0101986044015029,null_feature,real,random_noise,group_aut,group_aut_03,lightgbm,lightgbm_builtin_gain
num__null_perm_ph,629.0,0.0422034353193773,null_feature,real,permuted_real,group_aut,group_aut_03,lightgbm,lightgbm_builtin_gain
num__null_perm_ce,1001.0,0.067163177670424,null_feature,real,permuted_real,group_aut,group_aut_03,lightgbm,lightgbm_builtin_gain
num__null_study_random_effect,501.0,0.0336151368760064,null_feature,real,group_aware_random,group_aut,group_aut_03,lightgbm,lightgbm_builtin_gain
num__null_exp_random_effect,1251.0,0.0839371980676328,null_feature,real,group_aware_random,group_aut,group_aut_03,lightgbm,lightgbm_builtin_gain
ph,0.0020131554839545,0.0019333102017553,solution_chemistry,real,real,group_aut,group_aut_03,lightgbm,lightgbm_shap
temp,0.0027200884033059,0.0026122049199387,solution_chemistry,real,real,group_aut,group_aut_03,lightgbm,lightgbm_shap
ce,0.0311588310260302,0.0299230170632736,solution_chemistry,real,real,group_aut,group_aut_03,lightgbm,lightgbm_shap
rpm,0.0435727426605026,0.0418445711597662,solution_chemistry,real,real,group_aut,group_aut_03,lightgbm,lightgbm_shap
sa,0.0067455769622524,0.0064780355326707,surface_area_porosity,real,real,group_aut,group_aut_03,lightgbm,lightgbm_shap
fg_complexing,0.0003311613901407,0.0003180269477889,surface_functionality,real,real,group_aut,group_aut_03,lightgbm,lightgbm_shap
fg_polar,0.0004825427134734,0.0004634042219671,surface_functionality,real,real,group_aut,group_aut_03,lightgbm,lightgbm_shap
fg_any,0.0011333386041701,0.0010883884046458,surface_functionality,real,real,group_aut,group_aut_03,lightgbm,lightgbm_shap
ags_aged,0.1263141221939062,0.1213042822621653,aging_state,real,real,group_aut,group_aut_03,lightgbm,lightgbm_shap
ags_virgin,0.0001833250450116,0.0001760540517526,aging_state,real,real,group_aut,group_aut_03,lightgbm,lightgbm_shap
ph_missing,0.0337626279258064,0.0324235428049554,solution_chemistry,real,real,group_aut,group_aut_03,lightgbm,lightgbm_shap
temp_missing,0.0030040878124896,0.002884940413766,solution_chemistry,real,real,group_aut,group_aut_03,lightgbm,lightgbm_shap
rpm_missing,0.0069807394445288,0.006703871057884,solution_chemistry,real,real,group_aut,group_aut_03,lightgbm,lightgbm_shap
sa_missing,0.0008406355201952,0.0008072944390558,surface_area_porosity,real,real,group_aut,group_aut_03,lightgbm,lightgbm_shap
metal_cd,0.0011285736043753,0.0010838123931117,metal_identity,real,real,group_aut,group_aut_03,lightgbm,lightgbm_shap
metal_cr,0.0008232489279981,0.0007905974296414,metal_identity,real,real,group_aut,group_aut_03,lightgbm,lightgbm_shap
metal_hg,0.0002332970874113,0.0002240441151848,metal_identity,real,real,group_aut,group_aut_03,lightgbm,lightgbm_shap
ret_other,0.0,0.0,polymer_identity,real,real,group_aut,group_aut_03,lightgbm,lightgbm_shap
ret_pa,0.0177466622071439,0.0170427984155404,polymer_identity,real,real,group_aut,group_aut_03,lightgbm,lightgbm_shap
ret_pe,0.0003853155662428,0.0003700332741557,polymer_identity,real,real,group_aut,group_aut_03,lightgbm,lightgbm_shap
ret_pet,0.000124476438908,0.0001195394847229,polymer_identity,real,real,group_aut,group_aut_03,lightgbm,lightgbm_shap
ret_pla,0.0076837920295812,0.0073790393426417,polymer_identity,real,real,group_aut,group_aut_03,lightgbm,lightgbm_shap
ret_pp,0.0460834543890861,0.0442557036516302,polymer_identity,real,real,group_aut,group_aut_03,lightgbm,lightgbm_shap
ret_ps,0.0017040393979367,0.0016364542026096,polymer_identity,real,real,group_aut,group_aut_03,lightgbm,lightgbm_shap
ret_pvc,5.7043165540702046e-05,5.478073341042913e-05,polymer_identity,real,real,group_aut,group_aut_03,lightgbm,lightgbm_shap
ce_log1p,0.0024540300990286,0.0023566989552874,solution_chemistry,real,real,group_aut,group_aut_03,lightgbm,lightgbm_shap
rpm_log1p,0.0089122409794275,0.0085587658496119,solution_chemistry,real,real,group_aut,group_aut_03,lightgbm,lightgbm_shap
sa_log1p,0.0164389156086617,0.0157869193439498,surface_area_porosity,real,real,group_aut,group_aut_03,lightgbm,lightgbm_shap
temp_log1p,0.0006352899308008,0.0006100932163854,solution_chemistry,real,real,group_aut,group_aut_03,lightgbm,lightgbm_shap
ph_x_temp,0.0002170180074636,0.0002084106921388,solution_chemistry,real,real,group_aut,group_aut_03,lightgbm,lightgbm_shap
ph_x_ce_log,0.0433817289778858,0.0416611334152792,solution_chemistry,real,real,group_aut,group_aut_03,lightgbm,lightgbm_shap
temp_x_ce_log,0.0065524721302765,0.006292589577481,solution_chemistry,real,real,group_aut,group_aut_03,lightgbm,lightgbm_shap
ce_log_x_rpm_log,0.0264617354623564,0.0254122165591654,solution_chemistry,real,real,group_aut,group_aut_03,lightgbm,lightgbm_shap
ce_over_rpm,0.0243593561383475,0.0233932212915562,solution_chemistry,real,real,group_aut,group_aut_03,lightgbm,lightgbm_shap
ce_over_sa,0.015505915354158,0.0148909235181683,solution_chemistry,real,real,group_aut,group_aut_03,lightgbm,lightgbm_shap
cd_x_ph,0.0024093234212649,0.0023137654228821,other,real,real,group_aut,group_aut_03,lightgbm,lightgbm_shap
cd_x_ce_log,0.0038594195676029,0.003706348209252,other,real,real,group_aut,group_aut_03,lightgbm,lightgbm_shap
cd_x_sa_log,0.0033079834975661,0.0031767830622402,other,real,real,group_aut,group_aut_03,lightgbm,lightgbm_shap
cr_x_ph,0.0,0.0,other,real,real,group_aut,group_aut_03,lightgbm,lightgbm_shap
cr_x_ce_log,0.0691936381486192,0.0664492969348376,other,real,real,group_aut,group_aut_03,lightgbm,lightgbm_shap
cr_x_sa_log,0.008267866621731,0.0079399485106565,other,real,real,group_aut,group_aut_03,lightgbm,lightgbm_shap
hg_x_ph,0.0004381995930601,0.0004208198275893,other,real,real,group_aut,group_aut_03,lightgbm,lightgbm_shap
hg_x_ce_log,0.0571669507895492,0.054899609118903,other,real,real,group_aut,group_aut_03,lightgbm,lightgbm_shap
hg_x_sa_log,0.0,0.0,other,real,real,group_aut,group_aut_03,lightgbm,lightgbm_shap
aged_x_fg_any,0.0,0.0,other,real,real,group_aut,group_aut_03,lightgbm,lightgbm_shap
aged_x_fg_complexing,0.0292575978445307,0.0280971901288888,other,real,real,group_aut,group_aut_03,lightgbm,lightgbm_shap
ret_ps_x_fg_any,0.0004805259852736,0.0004614674807498,polymer_identity,real,real,group_aut,group_aut_03,lightgbm,lightgbm_shap
ret_pe_x_fg_any,0.0102571578277328,0.0098503409336355,polymer_identity,real,real,group_aut,group_aut_03,lightgbm,lightgbm_shap
ret_pa_x_fg_any,0.0008177203747684,0.0007852881485425,polymer_identity,real,real,group_aut,group_aut_03,lightgbm,lightgbm_shap
null_random_normal,0.0067040710203851,0.0064381757893547,null_feature,,random_noise,group_aut,group_aut_03,lightgbm,lightgbm_shap
null_random_uniform,0.0041391916722015,0.0039750240608184,null_feature,,random_noise,group_aut,group_aut_03,lightgbm,lightgbm_shap
null_random_binary,0.000796933417631,0.0007653256386333,null_feature,,random_noise,group_aut,group_aut_03,lightgbm,lightgbm_shap
null_perm_ph,0.0036226639009875,0.0034789826881886,null_feature,,permuted_real,group_aut,group_aut_03,lightgbm,lightgbm_shap
null_perm_ce,0.0217267842159684,0.0208650617952055,null_feature,,permuted_real,group_aut,group_aut_03,lightgbm,lightgbm_shap
null_study_random_effect,0.3209405452212638,0.3082114795298131,null_feature,,group_aware_random,group_aut,group_aut_03,lightgbm,lightgbm_shap
null_exp_random_effect,0.0177816242233178,0.0170763737767491,null_feature,,group_aware_random,group_aut,group_aut_03,lightgbm,lightgbm_shap
num__ph,0.0,0.0,solution_chemistry,real,real,group_aut,group_aut_04,elastic_net,elastic_net_coef
num__temp,0.0036050899118679,0.1439109416722284,solution_chemistry,real,real,group_aut,group_aut_04,elastic_net,elastic_net_coef
num__ce,0.0,0.0,solution_chemistry,real,real,group_aut,group_aut_04,elastic_net,elastic_net_coef
num__rpm,0.0,0.0,solution_chemistry,real,real,group_aut,group_aut_04,elastic_net,elastic_net_coef
num__sa,0.0,0.0,surface_area_porosity,real,real,group_aut,group_aut_04,elastic_net,elastic_net_coef
num__fg_complexing,0.0,0.0,surface_functionality,real,real,group_aut,group_aut_04,elastic_net,elastic_net_coef
num__fg_polar,0.0,0.0,surface_functionality,real,real,group_aut,group_aut_04,elastic_net,elastic_net_coef
num__fg_any,0.0,0.0,surface_functionality,real,real,group_aut,group_aut_04,elastic_net,elastic_net_coef
num__ags_aged,0.0,0.0,aging_state,real,real,group_aut,group_aut_04,elastic_net,elastic_net_coef
num__ags_virgin,0.0,0.0,aging_state,real,real,group_aut,group_aut_04,elastic_net,elastic_net_coef
num__ph_missing,0.0,0.0,solution_chemistry,real,real,group_aut,group_aut_04,elastic_net,elastic_net_coef
num__temp_missing,0.0,0.0,solution_chemistry,real,real,group_aut,group_aut_04,elastic_net,elastic_net_coef
num__rpm_missing,0.0,0.0,solution_chemistry,real,real,group_aut,group_aut_04,elastic_net,elastic_net_coef
num__sa_missing,0.0,0.0,surface_area_porosity,real,real,group_aut,group_aut_04,elastic_net,elastic_net_coef
num__metal_cd,0.0,0.0,metal_identity,real,real,group_aut,group_aut_04,elastic_net,elastic_net_coef
num__metal_cr,0.0,0.0,metal_identity,real,real,group_aut,group_aut_04,elastic_net,elastic_net_coef
num__metal_hg,0.0,0.0,metal_identity,real,real,group_aut,group_aut_04,elastic_net,elastic_net_coef
num__ret_other,0.0,0.0,polymer_identity,real,real,group_aut,group_aut_04,elastic_net,elastic_net_coef
num__ret_pa,0.0,0.0,polymer_identity,real,real,group_aut,group_aut_04,elastic_net,elastic_net_coef
num__ret_pe,0.0,0.0,polymer_identity,real,real,group_aut,group_aut_04,elastic_net,elastic_net_coef
num__ret_pet,0.0,0.0,polymer_identity,real,real,group_aut,group_aut_04,elastic_net,elastic_net_coef
num__ret_pla,0.0,0.0,polymer_identity,real,real,group_aut,group_aut_04,elastic_net,elastic_net_coef
num__ret_pp,0.0,0.0,polymer_identity,real,real,group_aut,group_aut_04,elastic_net,elastic_net_coef
num__ret_ps,0.0,0.0,polymer_identity,real,real,group_aut,group_aut_04,elastic_net,elastic_net_coef
num__ret_pvc,0.0,0.0,polymer_identity,real,real,group_aut,group_aut_04,elastic_net,elastic_net_coef
num__ce_log1p,0.0,0.0,solution_chemistry,real,real,group_aut,group_aut_04,elastic_net,elastic_net_coef
num__rpm_log1p,0.0,0.0,solution_chemistry,real,real,group_aut,group_aut_04,elastic_net,elastic_net_coef
num__sa_log1p,0.0,0.0,surface_area_porosity,real,real,group_aut,group_aut_04,elastic_net,elastic_net_coef
num__temp_log1p,0.0,0.0,solution_chemistry,real,real,group_aut,group_aut_04,elastic_net,elastic_net_coef
num__ph_x_temp,1.0849558694111608e-16,4.33101599840178e-15,solution_chemistry,real,real,group_aut,group_aut_04,elastic_net,elastic_net_coef
num__ph_x_ce_log,0.0,0.0,solution_chemistry,real,real,group_aut,group_aut_04,elastic_net,elastic_net_coef
num__temp_x_ce_log,0.0,0.0,solution_chemistry,real,real,group_aut,group_aut_04,elastic_net,elastic_net_coef
num__ce_log_x_rpm_log,0.0,0.0,solution_chemistry,real,real,group_aut,group_aut_04,elastic_net,elastic_net_coef
num__ce_over_rpm,0.0214457496558344,0.8560890583277673,solution_chemistry,real,real,group_aut,group_aut_04,elastic_net,elastic_net_coef
num__ce_over_sa,0.0,0.0,solution_chemistry,real,real,group_aut,group_aut_04,elastic_net,elastic_net_coef
num__cd_x_ph,0.0,0.0,other,real,real,group_aut,group_aut_04,elastic_net,elastic_net_coef
num__cd_x_ce_log,0.0,0.0,other,real,real,group_aut,group_aut_04,elastic_net,elastic_net_coef
num__cd_x_sa_log,0.0,0.0,other,real,real,group_aut,group_aut_04,elastic_net,elastic_net_coef
num__cr_x_ph,0.0,0.0,other,real,real,group_aut,group_aut_04,elastic_net,elastic_net_coef
num__cr_x_ce_log,0.0,0.0,other,real,real,group_aut,group_aut_04,elastic_net,elastic_net_coef
num__cr_x_sa_log,0.0,0.0,other,real,real,group_aut,group_aut_04,elastic_net,elastic_net_coef
num__hg_x_ph,0.0,0.0,other,real,real,group_aut,group_aut_04,elastic_net,elastic_net_coef
num__hg_x_ce_log,0.0,0.0,other,real,real,group_aut,group_aut_04,elastic_net,elastic_net_coef
num__hg_x_sa_log,0.0,0.0,other,real,real,group_aut,group_aut_04,elastic_net,elastic_net_coef
num__aged_x_fg_any,0.0,0.0,other,real,real,group_aut,group_aut_04,elastic_net,elastic_net_coef
num__aged_x_fg_complexing,0.0,0.0,other,real,real,group_aut,group_aut_04,elastic_net,elastic_net_coef
num__ret_ps_x_fg_any,0.0,0.0,polymer_identity,real,real,group_aut,group_aut_04,elastic_net,elastic_net_coef
num__ret_pe_x_fg_any,0.0,0.0,polymer_identity,real,real,group_aut,group_aut_04,elastic_net,elastic_net_coef
num__ret_pa_x_fg_any,0.0,0.0,polymer_identity,real,real,group_aut,group_aut_04,elastic_net,elastic_net_coef
num__null_random_normal,0.0,0.0,null_feature,real,random_noise,group_aut,group_aut_04,elastic_net,elastic_net_coef
num__null_random_uniform,0.0,0.0,null_feature,real,random_noise,group_aut,group_aut_04,elastic_net,elastic_net_coef
num__null_random_binary,0.0,0.0,null_feature,real,random_noise,group_aut,group_aut_04,elastic_net,elastic_net_coef
num__null_perm_ph,0.0,0.0,null_feature,real,permuted_real,group_aut,group_aut_04,elastic_net,elastic_net_coef
num__null_perm_ce,0.0,0.0,null_feature,real,permuted_real,group_aut,group_aut_04,elastic_net,elastic_net_coef
num__null_study_random_effect,0.0,0.0,null_feature,real,group_aware_random,group_aut,group_aut_04,elastic_net,elastic_net_coef
num__null_exp_random_effect,0.0,0.0,null_feature,real,group_aware_random,group_aut,group_aut_04,elastic_net,elastic_net_coef
ph,0.0005958013015245,0.0126327847052235,solution_chemistry,real,real,group_aut,group_aut_04,elastic_net,elastic_net_permutation
temp,0.0010446426357357,0.0221495748286873,solution_chemistry,real,real,group_aut,group_aut_04,elastic_net,elastic_net_permutation
ce,0.0006974101693263,0.0147871991850134,solution_chemistry,real,real,group_aut,group_aut_04,elastic_net,elastic_net_permutation
rpm,0.0079432056541703,0.1684199189254706,solution_chemistry,real,real,group_aut,group_aut_04,elastic_net,elastic_net_permutation
sa,0.0,0.0,surface_area_porosity,real,real,group_aut,group_aut_04,elastic_net,elastic_net_permutation
fg_complexing,2.260045791560583e-06,4.791978774748738e-05,surface_functionality,real,real,group_aut,group_aut_04,elastic_net,elastic_net_permutation
fg_polar,0.0,0.0,surface_functionality,real,real,group_aut,group_aut_04,elastic_net,elastic_net_permutation
fg_any,0.0,0.0,surface_functionality,real,real,group_aut,group_aut_04,elastic_net,elastic_net_permutation
ags_aged,0.0,0.0,aging_state,real,real,group_aut,group_aut_04,elastic_net,elastic_net_permutation
ags_virgin,0.0,0.0,aging_state,real,real,group_aut,group_aut_04,elastic_net,elastic_net_permutation
ph_missing,0.0,0.0,solution_chemistry,real,real,group_aut,group_aut_04,elastic_net,elastic_net_permutation
temp_missing,0.0,0.0,solution_chemistry,real,real,group_aut,group_aut_04,elastic_net,elastic_net_permutation
rpm_missing,0.0,0.0,solution_chemistry,real,real,group_aut,group_aut_04,elastic_net,elastic_net_permutation
sa_missing,0.0,0.0,surface_area_porosity,real,real,group_aut,group_aut_04,elastic_net,elastic_net_permutation
metal_cd,0.0,0.0,metal_identity,real,real,group_aut,group_aut_04,elastic_net,elastic_net_permutation
metal_cr,0.0,0.0,metal_identity,real,real,group_aut,group_aut_04,elastic_net,elastic_net_permutation
metal_hg,0.0001085959023324,0.0023025606868022,metal_identity,real,real,group_aut,group_aut_04,elastic_net,elastic_net_permutation
ret_other,0.0,0.0,polymer_identity,real,real,group_aut,group_aut_04,elastic_net,elastic_net_permutation
ret_pa,3.343749057943546e-07,7.089756576430872e-06,polymer_identity,real,real,group_aut,group_aut_04,elastic_net,elastic_net_permutation
ret_pe,0.0,0.0,polymer_identity,real,real,group_aut,group_aut_04,elastic_net,elastic_net_permutation
ret_pet,6.866678878003629e-07,1.4559430414765036e-05,polymer_identity,real,real,group_aut,group_aut_04,elastic_net,elastic_net_permutation
ret_pla,0.0,0.0,polymer_identity,real,real,group_aut,group_aut_04,elastic_net,elastic_net_permutation
ret_pp,0.0,0.0,polymer_identity,real,real,group_aut,group_aut_04,elastic_net,elastic_net_permutation
ret_ps,0.0,0.0,polymer_identity,real,real,group_aut,group_aut_04,elastic_net,elastic_net_permutation
ret_pvc,0.0,0.0,polymer_identity,real,real,group_aut,group_aut_04,elastic_net,elastic_net_permutation
ce_log1p,0.0,0.0,solution_chemistry,real,real,group_aut,group_aut_04,elastic_net,elastic_net_permutation
rpm_log1p,0.0,0.0,solution_chemistry,real,real,group_aut,group_aut_04,elastic_net,elastic_net_permutation
sa_log1p,0.0,0.0,surface_area_porosity,real,real,group_aut,group_aut_04,elastic_net,elastic_net_permutation
temp_log1p,0.0,0.0,solution_chemistry,real,real,group_aut,group_aut_04,elastic_net,elastic_net_permutation
ph_x_temp,0.032787415339725,0.6951921017420767,solution_chemistry,real,real,group_aut,group_aut_04,elastic_net,elastic_net_permutation
ph_x_ce_log,0.0,0.0,solution_chemistry,real,real,group_aut,group_aut_04,elastic_net,elastic_net_permutation
temp_x_ce_log,0.0,0.0,solution_chemistry,real,real,group_aut,group_aut_04,elastic_net,elastic_net_permutation
ce_log_x_rpm_log,0.0012205227156644,0.0258787630295058,solution_chemistry,real,real,group_aut,group_aut_04,elastic_net,elastic_net_permutation
ce_over_rpm,0.0003875660159301,0.0082175685514271,solution_chemistry,real,real,group_aut,group_aut_04,elastic_net,elastic_net_permutation
ce_over_sa,0.0,0.0,solution_chemistry,real,real,group_aut,group_aut_04,elastic_net,elastic_net_permutation
cd_x_ph,0.0005052211167086,0.010712211570505,other,real,real,group_aut,group_aut_04,elastic_net,elastic_net_permutation
cd_x_ce_log,0.0,0.0,other,real,real,group_aut,group_aut_04,elastic_net,elastic_net_permutation
cd_x_sa_log,0.0,0.0,other,real,real,group_aut,group_aut_04,elastic_net,elastic_net_permutation
cr_x_ph,0.0,0.0,other,real,real,group_aut,group_aut_04,elastic_net,elastic_net_permutation
cr_x_ce_log,0.0,0.0,other,real,real,group_aut,group_aut_04,elastic_net,elastic_net_permutation
cr_x_sa_log,0.0,0.0,other,real,real,group_aut,group_aut_04,elastic_net,elastic_net_permutation
hg_x_ph,0.0015141047089691,0.0321035868176683,other,real,real,group_aut,group_aut_04,elastic_net,elastic_net_permutation
hg_x_ce_log,0.0,0.0,other,real,real,group_aut,group_aut_04,elastic_net,elastic_net_permutation
hg_x_sa_log,0.0,0.0,other,real,real,group_aut,group_aut_04,elastic_net,elastic_net_permutation
aged_x_fg_any,0.0,0.0,other,real,real,group_aut,group_aut_04,elastic_net,elastic_net_permutation
aged_x_fg_complexing,1.443860027491306e-05,0.000306141876916,other,real,real,group_aut,group_aut_04,elastic_net,elastic_net_permutation
ret_ps_x_fg_any,0.0,0.0,polymer_identity,real,real,group_aut,group_aut_04,elastic_net,elastic_net_permutation
ret_pe_x_fg_any,0.0,0.0,polymer_identity,real,real,group_aut,group_aut_04,elastic_net,elastic_net_permutation
ret_pa_x_fg_any,3.343749057943546e-07,7.089756576430872e-06,polymer_identity,real,real,group_aut,group_aut_04,elastic_net,elastic_net_permutation
null_random_normal,0.0,0.0,null_feature,,random_noise,group_aut,group_aut_04,elastic_net,elastic_net_permutation
null_random_uniform,0.0,0.0,null_feature,,random_noise,group_aut,group_aut_04,elastic_net,elastic_net_permutation
null_random_binary,0.0,0.0,null_feature,,random_noise,group_aut,group_aut_04,elastic_net,elastic_net_permutation
null_perm_ph,0.0,0.0,null_feature,,permuted_real,group_aut,group_aut_04,elastic_net,elastic_net_permutation
null_perm_ce,0.0,0.0,null_feature,,permuted_real,group_aut,group_aut_04,elastic_net,elastic_net_permutation
null_study_random_effect,0.0003405614205396,0.0072209293493887,null_feature,,group_aware_random,group_aut,group_aut_04,elastic_net,elastic_net_permutation
null_exp_random_effect,0.0,0.0,null_feature,,group_aware_random,group_aut,group_aut_04,elastic_net,elastic_net_permutation
ph,0.0,0.0,solution_chemistry,real,real,group_aut,group_aut_04,lightgbm,lightgbm_permutation
temp,0.0010882627063668,0.0029519436495905,solution_chemistry,real,real,group_aut,group_aut_04,lightgbm,lightgbm_permutation
ce,0.0022768256762449,0.0061759546264839,solution_chemistry,real,real,group_aut,group_aut_04,lightgbm,lightgbm_permutation
rpm,0.0,0.0,solution_chemistry,real,real,group_aut,group_aut_04,lightgbm,lightgbm_permutation
sa,0.0003062129704679,0.0008306114215866,surface_area_porosity,real,real,group_aut,group_aut_04,lightgbm,lightgbm_permutation
fg_complexing,0.0008944233929986,0.0024261489799849,surface_functionality,real,real,group_aut,group_aut_04,lightgbm,lightgbm_permutation
fg_polar,0.0,0.0,surface_functionality,real,real,group_aut,group_aut_04,lightgbm,lightgbm_permutation
fg_any,0.0,0.0,surface_functionality,real,real,group_aut,group_aut_04,lightgbm,lightgbm_permutation
ags_aged,0.094139619807273,0.2553564054333022,aging_state,real,real,group_aut,group_aut_04,lightgbm,lightgbm_permutation
ags_virgin,0.0,0.0,aging_state,real,real,group_aut,group_aut_04,lightgbm,lightgbm_permutation
ph_missing,0.0005747058495014,0.0015589060186416,solution_chemistry,real,real,group_aut,group_aut_04,lightgbm,lightgbm_permutation
temp_missing,0.0,0.0,solution_chemistry,real,real,group_aut,group_aut_04,lightgbm,lightgbm_permutation
rpm_missing,0.0,0.0,solution_chemistry,real,real,group_aut,group_aut_04,lightgbm,lightgbm_permutation
sa_missing,0.0,0.0,surface_area_porosity,real,real,group_aut,group_aut_04,lightgbm,lightgbm_permutation
metal_cd,0.0,0.0,metal_identity,real,real,group_aut,group_aut_04,lightgbm,lightgbm_permutation
metal_cr,0.0,0.0,metal_identity,real,real,group_aut,group_aut_04,lightgbm,lightgbm_permutation
metal_hg,0.00268947126263,0.0072952675562888,metal_identity,real,real,group_aut,group_aut_04,lightgbm,lightgbm_permutation
ret_other,0.0,0.0,polymer_identity,real,real,group_aut,group_aut_04,lightgbm,lightgbm_permutation
ret_pa,0.0012189100312597,0.0033063282469836,polymer_identity,real,real,group_aut,group_aut_04,lightgbm,lightgbm_permutation
ret_pe,0.0,0.0,polymer_identity,real,real,group_aut,group_aut_04,lightgbm,lightgbm_permutation
ret_pet,0.0,0.0,polymer_identity,real,real,group_aut,group_aut_04,lightgbm,lightgbm_permutation
ret_pla,0.0334936938289292,0.0908526004072322,polymer_identity,real,real,group_aut,group_aut_04,lightgbm,lightgbm_permutation
ret_pp,0.0,0.0,polymer_identity,real,real,group_aut,group_aut_04,lightgbm,lightgbm_permutation
ret_ps,0.0014849384325147,0.0040279378777291,polymer_identity,real,real,group_aut,group_aut_04,lightgbm,lightgbm_permutation
ret_pvc,0.0,0.0,polymer_identity,real,real,group_aut,group_aut_04,lightgbm,lightgbm_permutation
ce_log1p,0.0,0.0,solution_chemistry,real,real,group_aut,group_aut_04,lightgbm,lightgbm_permutation
rpm_log1p,0.0122517520410702,0.0332332270713729,solution_chemistry,real,real,group_aut,group_aut_04,lightgbm,lightgbm_permutation
sa_log1p,0.0014909076240576,0.0040441294801474,surface_area_porosity,real,real,group_aut,group_aut_04,lightgbm,lightgbm_permutation
temp_log1p,0.0003725115768868,0.001010448283633,solution_chemistry,real,real,group_aut,group_aut_04,lightgbm,lightgbm_permutation
ph_x_temp,0.0,0.0,solution_chemistry,real,real,group_aut,group_aut_04,lightgbm,lightgbm_permutation
ph_x_ce_log,0.0,0.0,solution_chemistry,real,real,group_aut,group_aut_04,lightgbm,lightgbm_permutation
temp_x_ce_log,0.0,0.0,solution_chemistry,real,real,group_aut,group_aut_04,lightgbm,lightgbm_permutation
ce_log_x_rpm_log,0.0264640203657738,0.0717844105144305,solution_chemistry,real,real,group_aut,group_aut_04,lightgbm,lightgbm_permutation
ce_over_rpm,0.0066151846458889,0.0179438771466258,solution_chemistry,real,real,group_aut,group_aut_04,lightgbm,lightgbm_permutation
ce_over_sa,0.0046281834736614,0.0125540797587615,solution_chemistry,real,real,group_aut,group_aut_04,lightgbm,lightgbm_permutation
cd_x_ph,0.0013602880276553,0.0036898200970766,other,real,real,group_aut,group_aut_04,lightgbm,lightgbm_permutation
cd_x_ce_log,0.0,0.0,other,real,real,group_aut,group_aut_04,lightgbm,lightgbm_permutation
cd_x_sa_log,0.0,0.0,other,real,real,group_aut,group_aut_04,lightgbm,lightgbm_permutation
cr_x_ph,0.0,0.0,other,real,real,group_aut,group_aut_04,lightgbm,lightgbm_permutation
cr_x_ce_log,0.0,0.0,other,real,real,group_aut,group_aut_04,lightgbm,lightgbm_permutation
cr_x_sa_log,0.0,0.0,other,real,real,group_aut,group_aut_04,lightgbm,lightgbm_permutation
hg_x_ph,0.0025207880685706,0.0068377095782538,other,real,real,group_aut,group_aut_04,lightgbm,lightgbm_permutation
hg_x_ce_log,0.1529140652396758,0.4147837660672213,other,real,real,group_aut,group_aut_04,lightgbm,lightgbm_permutation
hg_x_sa_log,1.6377992404420504e-06,4.442577181816531e-06,other,real,real,group_aut,group_aut_04,lightgbm,lightgbm_permutation
aged_x_fg_any,0.0,0.0,other,real,real,group_aut,group_aut_04,lightgbm,lightgbm_permutation
aged_x_fg_complexing,8.387067467330589e-05,0.0002275015986859,other,real,real,group_aut,group_aut_04,lightgbm,lightgbm_permutation
ret_ps_x_fg_any,0.0,0.0,polymer_identity,real,real,group_aut,group_aut_04,lightgbm,lightgbm_permutation
ret_pe_x_fg_any,0.0,0.0,polymer_identity,real,real,group_aut,group_aut_04,lightgbm,lightgbm_permutation
ret_pa_x_fg_any,8.564909580297542e-05,0.0002323256167555,polymer_identity,real,real,group_aut,group_aut_04,lightgbm,lightgbm_permutation
null_random_normal,0.0,0.0,null_feature,,random_noise,group_aut,group_aut_04,lightgbm,lightgbm_permutation
null_random_uniform,0.0,0.0,null_feature,,random_noise,group_aut,group_aut_04,lightgbm,lightgbm_permutation
null_random_binary,0.0,0.0,null_feature,,random_noise,group_aut,group_aut_04,lightgbm,lightgbm_permutation
null_perm_ph,0.0,0.0,null_feature,,permuted_real,group_aut,group_aut_04,lightgbm,lightgbm_permutation
null_perm_ce,0.0078958521410527,0.0214177242769817,null_feature,,permuted_real,group_aut,group_aut_04,lightgbm,lightgbm_permutation
null_study_random_effect,0.0,0.0,null_feature,,group_aware_random,group_aut,group_aut_04,lightgbm,lightgbm_permutation
null_exp_random_effect,0.0138079408818756,0.0374544337150479,null_feature,,group_aware_random,group_aut,group_aut_04,lightgbm,lightgbm_permutation
num__ph,18.0,0.0012074054199087,solution_chemistry,real,real,group_aut,group_aut_04,lightgbm,lightgbm_builtin_gain
num__temp,124.0,0.0083176817815937,solution_chemistry,real,real,group_aut,group_aut_04,lightgbm,lightgbm_builtin_gain
num__ce,591.0,0.039643144620338,solution_chemistry,real,real,group_aut,group_aut_04,lightgbm,lightgbm_builtin_gain
num__rpm,375.0,0.0251542795814327,solution_chemistry,real,real,group_aut,group_aut_04,lightgbm,lightgbm_builtin_gain
num__sa,709.0,0.0475583579286289,surface_area_porosity,real,real,group_aut,group_aut_04,lightgbm,lightgbm_builtin_gain
num__fg_complexing,4.0,0.0002683123155352,surface_functionality,real,real,group_aut,group_aut_04,lightgbm,lightgbm_builtin_gain
num__fg_polar,11.0,0.000737858867722,surface_functionality,real,real,group_aut,group_aut_04,lightgbm,lightgbm_builtin_gain
num__fg_any,0.0,0.0,surface_functionality,real,real,group_aut,group_aut_04,lightgbm,lightgbm_builtin_gain
num__ags_aged,223.0,0.014958411591092,aging_state,real,real,group_aut,group_aut_04,lightgbm,lightgbm_builtin_gain
num__ags_virgin,22.0,0.001475717735444,aging_state,real,real,group_aut,group_aut_04,lightgbm,lightgbm_builtin_gain
num__ph_missing,34.0,0.0022806546820499,solution_chemistry,real,real,group_aut,group_aut_04,lightgbm,lightgbm_builtin_gain
num__temp_missing,11.0,0.000737858867722,solution_chemistry,real,real,group_aut,group_aut_04,lightgbm,lightgbm_builtin_gain
num__rpm_missing,152.0,0.0101958679903407,solution_chemistry,real,real,group_aut,group_aut_04,lightgbm,lightgbm_builtin_gain
num__sa_missing,103.0,0.0069090421250335,surface_area_porosity,real,real,group_aut,group_aut_04,lightgbm,lightgbm_builtin_gain
num__metal_cd,46.0,0.0030855916286557,metal_identity,real,real,group_aut,group_aut_04,lightgbm,lightgbm_builtin_gain
num__metal_cr,13.0,0.0008720150254896,metal_identity,real,real,group_aut,group_aut_04,lightgbm,lightgbm_builtin_gain
num__metal_hg,13.0,0.0008720150254896,metal_identity,real,real,group_aut,group_aut_04,lightgbm,lightgbm_builtin_gain
num__ret_other,205.0,0.0137510061711832,polymer_identity,real,real,group_aut,group_aut_04,lightgbm,lightgbm_builtin_gain
num__ret_pa,96.0,0.0064394955728467,polymer_identity,real,real,group_aut,group_aut_04,lightgbm,lightgbm_builtin_gain
num__ret_pe,19.0,0.0012744834987925,polymer_identity,real,real,group_aut,group_aut_04,lightgbm,lightgbm_builtin_gain
num__ret_pet,0.0,0.0,polymer_identity,real,real,group_aut,group_aut_04,lightgbm,lightgbm_builtin_gain
num__ret_pla,130.0,0.0087201502548967,polymer_identity,real,real,group_aut,group_aut_04,lightgbm,lightgbm_builtin_gain
num__ret_pp,82.0,0.0055004024684733,polymer_identity,real,real,group_aut,group_aut_04,lightgbm,lightgbm_builtin_gain
num__ret_ps,108.0,0.0072444325194526,polymer_identity,real,real,group_aut,group_aut_04,lightgbm,lightgbm_builtin_gain
num__ret_pvc,17.0,0.0011403273410249,polymer_identity,real,real,group_aut,group_aut_04,lightgbm,lightgbm_builtin_gain
num__ce_log1p,64.0,0.0042929970485645,solution_chemistry,real,real,group_aut,group_aut_04,lightgbm,lightgbm_builtin_gain
num__rpm_log1p,63.0,0.0042259189696807,solution_chemistry,real,real,group_aut,group_aut_04,lightgbm,lightgbm_builtin_gain
num__sa_log1p,286.0,0.0191843305607727,surface_area_porosity,real,real,group_aut,group_aut_04,lightgbm,lightgbm_builtin_gain
num__temp_log1p,5.0,0.0003353903944191,solution_chemistry,real,real,group_aut,group_aut_04,lightgbm,lightgbm_builtin_gain
num__ph_x_temp,14.0,0.0009390931043734,solution_chemistry,real,real,group_aut,group_aut_04,lightgbm,lightgbm_builtin_gain
num__ph_x_ce_log,1007.0,0.0675476254360075,solution_chemistry,real,real,group_aut,group_aut_04,lightgbm,lightgbm_builtin_gain
num__temp_x_ce_log,603.0,0.0404480815669439,solution_chemistry,real,real,group_aut,group_aut_04,lightgbm,lightgbm_builtin_gain
num__ce_log_x_rpm_log,478.0,0.0320633217064663,solution_chemistry,real,real,group_aut,group_aut_04,lightgbm,lightgbm_builtin_gain
num__ce_over_rpm,758.0,0.0508451837939361,solution_chemistry,real,real,group_aut,group_aut_04,lightgbm,lightgbm_builtin_gain
num__ce_over_sa,707.0,0.0474242017708612,solution_chemistry,real,real,group_aut,group_aut_04,lightgbm,lightgbm_builtin_gain
num__cd_x_ph,182.0,0.0122082103568553,other,real,real,group_aut,group_aut_04,lightgbm,lightgbm_builtin_gain
num__cd_x_ce_log,274.0,0.0183793936141668,other,real,real,group_aut,group_aut_04,lightgbm,lightgbm_builtin_gain
num__cd_x_sa_log,257.0,0.0172390662731419,other,real,real,group_aut,group_aut_04,lightgbm,lightgbm_builtin_gain
num__cr_x_ph,0.0,0.0,other,real,real,group_aut,group_aut_04,lightgbm,lightgbm_builtin_gain
num__cr_x_ce_log,299.0,0.0200563455862624,other,real,real,group_aut,group_aut_04,lightgbm,lightgbm_builtin_gain
num__cr_x_sa_log,206.0,0.013818084250067,other,real,real,group_aut,group_aut_04,lightgbm,lightgbm_builtin_gain
num__hg_x_ph,75.0,0.0050308559162865,other,real,real,group_aut,group_aut_04,lightgbm,lightgbm_builtin_gain
num__hg_x_ce_log,769.0,0.0515830426616581,other,real,real,group_aut,group_aut_04,lightgbm,lightgbm_builtin_gain
num__hg_x_sa_log,24.0,0.0016098738932116,other,real,real,group_aut,group_aut_04,lightgbm,lightgbm_builtin_gain
num__aged_x_fg_any,2.0,0.0001341561577676,other,real,real,group_aut,group_aut_04,lightgbm,lightgbm_builtin_gain
num__aged_x_fg_complexing,0.0,0.0,other,real,real,group_aut,group_aut_04,lightgbm,lightgbm_builtin_gain
num__ret_ps_x_fg_any,28.0,0.0018781862087469,polymer_identity,real,real,group_aut,group_aut_04,lightgbm,lightgbm_builtin_gain
num__ret_pe_x_fg_any,28.0,0.0018781862087469,polymer_identity,real,real,group_aut,group_aut_04,lightgbm,lightgbm_builtin_gain
num__ret_pa_x_fg_any,8.0,0.0005366246310705,polymer_identity,real,real,group_aut,group_aut_04,lightgbm,lightgbm_builtin_gain
num__null_random_normal,979.0,0.0656694392272605,null_feature,real,random_noise,group_aut,group_aut_04,lightgbm,lightgbm_builtin_gain
num__null_random_uniform,831.0,0.055741883552455,null_feature,real,random_noise,group_aut,group_aut_04,lightgbm,lightgbm_builtin_gain
num__null_random_binary,128.0,0.008585994097129,null_feature,real,random_noise,group_aut,group_aut_04,lightgbm,lightgbm_builtin_gain
num__null_perm_ph,753.0,0.050509793399517,null_feature,real,permuted_real,group_aut,group_aut_04,lightgbm,lightgbm_builtin_gain
num__null_perm_ce,974.0,0.0653340488328414,null_feature,real,permuted_real,group_aut,group_aut_04,lightgbm,lightgbm_builtin_gain
num__null_study_random_effect,492.0,0.0330024148108398,null_feature,real,group_aware_random,group_aut,group_aut_04,lightgbm,lightgbm_builtin_gain
num__null_exp_random_effect,1508.0,0.1011537429568017,null_feature,real,group_aware_random,group_aut,group_aut_04,lightgbm,lightgbm_builtin_gain
ph,0.0077339067791935,0.0096023762468735,solution_chemistry,real,real,group_aut,group_aut_04,lightgbm,lightgbm_shap
temp,0.0043738574654702,0.0054305574443478,solution_chemistry,real,real,group_aut,group_aut_04,lightgbm,lightgbm_shap
ce,0.0265180724881749,0.0329246933850261,solution_chemistry,real,real,group_aut,group_aut_04,lightgbm,lightgbm_shap
rpm,0.0092325221783837,0.0114630489085995,solution_chemistry,real,real,group_aut,group_aut_04,lightgbm,lightgbm_shap
sa,0.0044492071978693,0.0055241112589016,surface_area_porosity,real,real,group_aut,group_aut_04,lightgbm,lightgbm_shap
fg_complexing,0.0003152335800749,0.0003913922843849,surface_functionality,real,real,group_aut,group_aut_04,lightgbm,lightgbm_shap
fg_polar,0.0007896177945531,0.0009803851237157,surface_functionality,real,real,group_aut,group_aut_04,lightgbm,lightgbm_shap
fg_any,0.0,0.0,surface_functionality,real,real,group_aut,group_aut_04,lightgbm,lightgbm_shap
ags_aged,0.0554338994734367,0.0688264256051467,aging_state,real,real,group_aut,group_aut_04,lightgbm,lightgbm_shap
ags_virgin,0.0063053307633096,0.0078286640993879,aging_state,real,real,group_aut,group_aut_04,lightgbm,lightgbm_shap
ph_missing,0.001793354224808,0.0022266187713634,solution_chemistry,real,real,group_aut,group_aut_04,lightgbm,lightgbm_shap
temp_missing,0.0183236542107804,0.0227505485872782,solution_chemistry,real,real,group_aut,group_aut_04,lightgbm,lightgbm_shap
rpm_missing,0.0202083099758565,0.0250905268503711,solution_chemistry,real,real,group_aut,group_aut_04,lightgbm,lightgbm_shap
sa_missing,0.0783688414701712,0.0973023238206966,surface_area_porosity,real,real,group_aut,group_aut_04,lightgbm,lightgbm_shap
metal_cd,0.0231753314737967,0.0287743644720543,metal_identity,real,real,group_aut,group_aut_04,lightgbm,lightgbm_shap
metal_cr,0.0057743717880949,0.0071694283473639,metal_identity,real,real,group_aut,group_aut_04,lightgbm,lightgbm_shap
metal_hg,0.0040294410824877,0.0050029319519017,metal_identity,real,real,group_aut,group_aut_04,lightgbm,lightgbm_shap
ret_other,0.0363694879008213,0.0451561567394814,polymer_identity,real,real,group_aut,group_aut_04,lightgbm,lightgbm_shap
ret_pa,0.011292551042998,0.0140207694503914,polymer_identity,real,real,group_aut,group_aut_04,lightgbm,lightgbm_shap
ret_pe,0.0017635214232468,0.0021895785285381,polymer_identity,real,real,group_aut,group_aut_04,lightgbm,lightgbm_shap
ret_pet,0.0,0.0,polymer_identity,real,real,group_aut,group_aut_04,lightgbm,lightgbm_shap
ret_pla,0.0348639218112111,0.0432868541386452,polymer_identity,real,real,group_aut,group_aut_04,lightgbm,lightgbm_shap
ret_pp,0.0342996835384648,0.0425862989932984,polymer_identity,real,real,group_aut,group_aut_04,lightgbm,lightgbm_shap
ret_ps,0.0014195004265454,0.0017624439455305,polymer_identity,real,real,group_aut,group_aut_04,lightgbm,lightgbm_shap
ret_pvc,0.0011077815690519,0.0013754155214291,polymer_identity,real,real,group_aut,group_aut_04,lightgbm,lightgbm_shap
ce_log1p,0.0026203896183785,0.0032534613808334,solution_chemistry,real,real,group_aut,group_aut_04,lightgbm,lightgbm_shap
rpm_log1p,0.0086748702104477,0.0107706712831882,solution_chemistry,real,real,group_aut,group_aut_04,lightgbm,lightgbm_shap
sa_log1p,0.0047266656579831,0.005868602161489,surface_area_porosity,real,real,group_aut,group_aut_04,lightgbm,lightgbm_shap
temp_log1p,7.979568796470589e-05,9.907388860395912e-05,solution_chemistry,real,real,group_aut,group_aut_04,lightgbm,lightgbm_shap
ph_x_temp,0.0027545267489475,0.0034200053065844,solution_chemistry,real,real,group_aut,group_aut_04,lightgbm,lightgbm_shap
ph_x_ce_log,0.0494243799943262,0.0613650391740898,solution_chemistry,real,real,group_aut,group_aut_04,lightgbm,lightgbm_shap
temp_x_ce_log,0.0533201977359691,0.0662020651187445,solution_chemistry,real,real,group_aut,group_aut_04,lightgbm,lightgbm_shap
ce_log_x_rpm_log,0.0085268593681168,0.0105869018329923,solution_chemistry,real,real,group_aut,group_aut_04,lightgbm,lightgbm_shap
ce_over_rpm,0.0090231877214334,0.0112031403947706,solution_chemistry,real,real,group_aut,group_aut_04,lightgbm,lightgbm_shap
ce_over_sa,0.0237148316417416,0.0294442049221351,solution_chemistry,real,real,group_aut,group_aut_04,lightgbm,lightgbm_shap
cd_x_ph,0.0028882274588258,0.0035860073747991,other,real,real,group_aut,group_aut_04,lightgbm,lightgbm_shap
cd_x_ce_log,0.0041216934999254,0.0051174720475107,other,real,real,group_aut,group_aut_04,lightgbm,lightgbm_shap
cd_x_sa_log,0.0168071603574844,0.0208676781349738,other,real,real,group_aut,group_aut_04,lightgbm,lightgbm_shap
cr_x_ph,0.0,0.0,other,real,real,group_aut,group_aut_04,lightgbm,lightgbm_shap
cr_x_ce_log,0.0743925675606408,0.0923654039391876,other,real,real,group_aut,group_aut_04,lightgbm,lightgbm_shap
cr_x_sa_log,0.0066201854200952,0.0082195859146946,other,real,real,group_aut,group_aut_04,lightgbm,lightgbm_shap
hg_x_ph,0.002025710236342,0.0025151107211209,other,real,real,group_aut,group_aut_04,lightgbm,lightgbm_shap
hg_x_ce_log,0.073217379239634,0.0909062965641676,other,real,real,group_aut,group_aut_04,lightgbm,lightgbm_shap
hg_x_sa_log,0.0004994285626397,0.0006200877646733,other,real,real,group_aut,group_aut_04,lightgbm,lightgbm_shap
aged_x_fg_any,0.000129695385276,0.0001610290791523,other,real,real,group_aut,group_aut_04,lightgbm,lightgbm_shap
aged_x_fg_complexing,0.0,0.0,other,real,real,group_aut,group_aut_04,lightgbm,lightgbm_shap
ret_ps_x_fg_any,0.0009368498111219,0.0011631875881161,polymer_identity,real,real,group_aut,group_aut_04,lightgbm,lightgbm_shap
ret_pe_x_fg_any,0.0058683531651964,0.0072861151098104,polymer_identity,real,real,group_aut,group_aut_04,lightgbm,lightgbm_shap
ret_pa_x_fg_any,0.0006870098903861,0.0008529877125696,polymer_identity,real,real,group_aut,group_aut_04,lightgbm,lightgbm_shap
null_random_normal,0.0052280858662645,0.0064911627424695,null_feature,,random_noise,group_aut,group_aut_04,lightgbm,lightgbm_shap
null_random_uniform,0.0039864745754184,0.0049495849723385,null_feature,,random_noise,group_aut,group_aut_04,lightgbm,lightgbm_shap
null_random_binary,0.0004642405616748,0.0005763985356346,null_feature,,random_noise,group_aut,group_aut_04,lightgbm,lightgbm_shap
null_perm_ph,0.0036662961917874,0.004552053246974,null_feature,,permuted_real,group_aut,group_aut_04,lightgbm,lightgbm_shap
null_perm_ce,0.0057626881333051,0.0071549219856461,null_feature,,permuted_real,group_aut,group_aut_04,lightgbm,lightgbm_shap
null_study_random_effect,0.0197971101464298,0.0245799833970379,null_feature,,group_aware_random,group_aut,group_aut_04,lightgbm,lightgbm_shap
null_exp_random_effect,0.0275096682384312,0.0341558532309629,null_feature,,group_aware_random,group_aut,group_aut_04,lightgbm,lightgbm_shap
num__ph,0.0,0.0,solution_chemistry,real,real,group_aut,group_aut_05,elastic_net,elastic_net_coef
num__temp,0.002451767249031,0.0878436904022082,solution_chemistry,real,real,group_aut,group_aut_05,elastic_net,elastic_net_coef
num__ce,0.0,0.0,solution_chemistry,real,real,group_aut,group_aut_05,elastic_net,elastic_net_coef
num__rpm,0.0,0.0,solution_chemistry,real,real,group_aut,group_aut_05,elastic_net,elastic_net_coef
num__sa,0.0,0.0,surface_area_porosity,real,real,group_aut,group_aut_05,elastic_net,elastic_net_coef
num__fg_complexing,0.0,0.0,surface_functionality,real,real,group_aut,group_aut_05,elastic_net,elastic_net_coef
num__fg_polar,0.0,0.0,surface_functionality,real,real,group_aut,group_aut_05,elastic_net,elastic_net_coef
num__fg_any,0.0,0.0,surface_functionality,real,real,group_aut,group_aut_05,elastic_net,elastic_net_coef
num__ags_aged,0.0,0.0,aging_state,real,real,group_aut,group_aut_05,elastic_net,elastic_net_coef
num__ags_virgin,0.0,0.0,aging_state,real,real,group_aut,group_aut_05,elastic_net,elastic_net_coef
num__ph_missing,0.0,0.0,solution_chemistry,real,real,group_aut,group_aut_05,elastic_net,elastic_net_coef
num__temp_missing,0.0,0.0,solution_chemistry,real,real,group_aut,group_aut_05,elastic_net,elastic_net_coef
num__rpm_missing,0.0,0.0,solution_chemistry,real,real,group_aut,group_aut_05,elastic_net,elastic_net_coef
num__sa_missing,0.0,0.0,surface_area_porosity,real,real,group_aut,group_aut_05,elastic_net,elastic_net_coef
num__metal_cd,0.0,0.0,metal_identity,real,real,group_aut,group_aut_05,elastic_net,elastic_net_coef
num__metal_cr,0.0,0.0,metal_identity,real,real,group_aut,group_aut_05,elastic_net,elastic_net_coef
num__metal_hg,0.0,0.0,metal_identity,real,real,group_aut,group_aut_05,elastic_net,elastic_net_coef
num__ret_other,0.0,0.0,polymer_identity,real,real,group_aut,group_aut_05,elastic_net,elastic_net_coef
num__ret_pa,0.0,0.0,polymer_identity,real,real,group_aut,group_aut_05,elastic_net,elastic_net_coef
num__ret_pe,0.0,0.0,polymer_identity,real,real,group_aut,group_aut_05,elastic_net,elastic_net_coef
num__ret_pet,0.0,0.0,polymer_identity,real,real,group_aut,group_aut_05,elastic_net,elastic_net_coef
num__ret_pla,0.0,0.0,polymer_identity,real,real,group_aut,group_aut_05,elastic_net,elastic_net_coef
num__ret_pp,0.0,0.0,polymer_identity,real,real,group_aut,group_aut_05,elastic_net,elastic_net_coef
num__ret_ps,0.0,0.0,polymer_identity,real,real,group_aut,group_aut_05,elastic_net,elastic_net_coef
num__ret_pvc,0.0,0.0,polymer_identity,real,real,group_aut,group_aut_05,elastic_net,elastic_net_coef
num__ce_log1p,0.0,0.0,solution_chemistry,real,real,group_aut,group_aut_05,elastic_net,elastic_net_coef
num__rpm_log1p,0.0,0.0,solution_chemistry,real,real,group_aut,group_aut_05,elastic_net,elastic_net_coef
num__sa_log1p,0.0,0.0,surface_area_porosity,real,real,group_aut,group_aut_05,elastic_net,elastic_net_coef
num__temp_log1p,0.0,0.0,solution_chemistry,real,real,group_aut,group_aut_05,elastic_net,elastic_net_coef
num__ph_x_temp,0.0,0.0,solution_chemistry,real,real,group_aut,group_aut_05,elastic_net,elastic_net_coef
num__ph_x_ce_log,0.0,0.0,solution_chemistry,real,real,group_aut,group_aut_05,elastic_net,elastic_net_coef
num__temp_x_ce_log,0.0,0.0,solution_chemistry,real,real,group_aut,group_aut_05,elastic_net,elastic_net_coef
num__ce_log_x_rpm_log,0.0,0.0,solution_chemistry,real,real,group_aut,group_aut_05,elastic_net,elastic_net_coef
num__ce_over_rpm,0.0254588002351582,0.9121563095977918,solution_chemistry,real,real,group_aut,group_aut_05,elastic_net,elastic_net_coef
num__ce_over_sa,0.0,0.0,solution_chemistry,real,real,group_aut,group_aut_05,elastic_net,elastic_net_coef
num__cd_x_ph,0.0,0.0,other,real,real,group_aut,group_aut_05,elastic_net,elastic_net_coef
num__cd_x_ce_log,0.0,0.0,other,real,real,group_aut,group_aut_05,elastic_net,elastic_net_coef
num__cd_x_sa_log,0.0,0.0,other,real,real,group_aut,group_aut_05,elastic_net,elastic_net_coef
num__cr_x_ph,0.0,0.0,other,real,real,group_aut,group_aut_05,elastic_net,elastic_net_coef
num__cr_x_ce_log,0.0,0.0,other,real,real,group_aut,group_aut_05,elastic_net,elastic_net_coef
num__cr_x_sa_log,0.0,0.0,other,real,real,group_aut,group_aut_05,elastic_net,elastic_net_coef
num__hg_x_ph,0.0,0.0,other,real,real,group_aut,group_aut_05,elastic_net,elastic_net_coef
num__hg_x_ce_log,0.0,0.0,other,real,real,group_aut,group_aut_05,elastic_net,elastic_net_coef
num__hg_x_sa_log,0.0,0.0,other,real,real,group_aut,group_aut_05,elastic_net,elastic_net_coef
num__aged_x_fg_any,0.0,0.0,other,real,real,group_aut,group_aut_05,elastic_net,elastic_net_coef
num__aged_x_fg_complexing,0.0,0.0,other,real,real,group_aut,group_aut_05,elastic_net,elastic_net_coef
num__ret_ps_x_fg_any,0.0,0.0,polymer_identity,real,real,group_aut,group_aut_05,elastic_net,elastic_net_coef
num__ret_pe_x_fg_any,0.0,0.0,polymer_identity,real,real,group_aut,group_aut_05,elastic_net,elastic_net_coef
num__ret_pa_x_fg_any,0.0,0.0,polymer_identity,real,real,group_aut,group_aut_05,elastic_net,elastic_net_coef
num__null_random_normal,0.0,0.0,null_feature,real,random_noise,group_aut,group_aut_05,elastic_net,elastic_net_coef
num__null_random_uniform,0.0,0.0,null_feature,real,random_noise,group_aut,group_aut_05,elastic_net,elastic_net_coef
num__null_random_binary,0.0,0.0,null_feature,real,random_noise,group_aut,group_aut_05,elastic_net,elastic_net_coef
num__null_perm_ph,0.0,0.0,null_feature,real,permuted_real,group_aut,group_aut_05,elastic_net,elastic_net_coef
num__null_perm_ce,0.0,0.0,null_feature,real,permuted_real,group_aut,group_aut_05,elastic_net,elastic_net_coef
num__null_study_random_effect,0.0,0.0,null_feature,real,group_aware_random,group_aut,group_aut_05,elastic_net,elastic_net_coef
num__null_exp_random_effect,0.0,0.0,null_feature,real,group_aware_random,group_aut,group_aut_05,elastic_net,elastic_net_coef
ph,1.184523496178258e-06,0.0002804381241972,solution_chemistry,real,real,group_aut,group_aut_05,elastic_net,elastic_net_permutation
temp,0.0,0.0,solution_chemistry,real,real,group_aut,group_aut_05,elastic_net,elastic_net_permutation
ce,0.0011518124880437,0.2726937326411008,solution_chemistry,real,real,group_aut,group_aut_05,elastic_net,elastic_net_permutation
rpm,0.0,0.0,solution_chemistry,real,real,group_aut,group_aut_05,elastic_net,elastic_net_permutation
sa,0.0002941648179524,0.0696440636404051,surface_area_porosity,real,real,group_aut,group_aut_05,elastic_net,elastic_net_permutation
fg_complexing,0.0,0.0,surface_functionality,real,real,group_aut,group_aut_05,elastic_net,elastic_net_permutation
fg_polar,0.0,0.0,surface_functionality,real,real,group_aut,group_aut_05,elastic_net,elastic_net_permutation
fg_any,0.0,0.0,surface_functionality,real,real,group_aut,group_aut_05,elastic_net,elastic_net_permutation
ags_aged,0.0,0.0,aging_state,real,real,group_aut,group_aut_05,elastic_net,elastic_net_permutation
ags_virgin,0.0,0.0,aging_state,real,real,group_aut,group_aut_05,elastic_net,elastic_net_permutation
ph_missing,8.970884750603147e-08,2.1238735237971694e-05,solution_chemistry,real,real,group_aut,group_aut_05,elastic_net,elastic_net_permutation
temp_missing,3.360407372041685e-05,0.0079558264820783,solution_chemistry,real,real,group_aut,group_aut_05,elastic_net,elastic_net_permutation
rpm_missing,4.15577240175935e-08,9.838867871343714e-06,solution_chemistry,real,real,group_aut,group_aut_05,elastic_net,elastic_net_permutation
sa_missing,0.0,0.0,surface_area_porosity,real,real,group_aut,group_aut_05,elastic_net,elastic_net_permutation
metal_cd,0.0,0.0,metal_identity,real,real,group_aut,group_aut_05,elastic_net,elastic_net_permutation
metal_cr,6.97808768550523e-06,0.0016520751401898,metal_identity,real,real,group_aut,group_aut_05,elastic_net,elastic_net_permutation
metal_hg,0.0,0.0,metal_identity,real,real,group_aut,group_aut_05,elastic_net,elastic_net_permutation
ret_other,0.0,0.0,polymer_identity,real,real,group_aut,group_aut_05,elastic_net,elastic_net_permutation
ret_pa,1.0494721001341745e-05,0.0024846445689639,polymer_identity,real,real,group_aut,group_aut_05,elastic_net,elastic_net_permutation
ret_pe,3.019064721510034e-06,0.0007147691456201,polymer_identity,real,real,group_aut,group_aut_05,elastic_net,elastic_net_permutation
ret_pet,0.0,0.0,polymer_identity,real,real,group_aut,group_aut_05,elastic_net,elastic_net_permutation
ret_pla,1.0512155116426668e-05,0.0024887721278914,polymer_identity,real,real,group_aut,group_aut_05,elastic_net,elastic_net_permutation
ret_pp,0.0,0.0,polymer_identity,real,real,group_aut,group_aut_05,elastic_net,elastic_net_permutation
ret_ps,0.0,0.0,polymer_identity,real,real,group_aut,group_aut_05,elastic_net,elastic_net_permutation
ret_pvc,2.7880545890646146e-06,0.0006600770703488,polymer_identity,real,real,group_aut,group_aut_05,elastic_net,elastic_net_permutation
ce_log1p,8.007772556353209e-05,0.0189585493402807,solution_chemistry,real,real,group_aut,group_aut_05,elastic_net,elastic_net_permutation
rpm_log1p,0.0,0.0,solution_chemistry,real,real,group_aut,group_aut_05,elastic_net,elastic_net_permutation
sa_log1p,9.518310635039384e-05,0.0225347761241476,surface_area_porosity,real,real,group_aut,group_aut_05,elastic_net,elastic_net_permutation
temp_log1p,1.6037425439652252e-06,0.0003796890075848,solution_chemistry,real,real,group_aut,group_aut_05,elastic_net,elastic_net_permutation
ph_x_temp,0.0,0.0,solution_chemistry,real,real,group_aut,group_aut_05,elastic_net,elastic_net_permutation
ph_x_ce_log,0.0,0.0,solution_chemistry,real,real,group_aut,group_aut_05,elastic_net,elastic_net_permutation
temp_x_ce_log,0.0013507469447023,0.3197918324622761,solution_chemistry,real,real,group_aut,group_aut_05,elastic_net,elastic_net_permutation
ce_log_x_rpm_log,0.0004821257601408,0.1141441636550806,solution_chemistry,real,real,group_aut,group_aut_05,elastic_net,elastic_net_permutation
ce_over_rpm,0.0,0.0,solution_chemistry,real,real,group_aut,group_aut_05,elastic_net,elastic_net_permutation
ce_over_sa,0.0001941509932318,0.04596560602523,solution_chemistry,real,real,group_aut,group_aut_05,elastic_net,elastic_net_permutation
cd_x_ph,0.0,0.0,other,real,real,group_aut,group_aut_05,elastic_net,elastic_net_permutation
cd_x_ce_log,0.0,0.0,other,real,real,group_aut,group_aut_05,elastic_net,elastic_net_permutation
cd_x_sa_log,9.801699519695894e-05,0.0232057045395638,other,real,real,group_aut,group_aut_05,elastic_net,elastic_net_permutation
cr_x_ph,1.373407755345113e-06,0.0003251568212108,other,real,real,group_aut,group_aut_05,elastic_net,elastic_net_permutation
cr_x_ce_log,0.0,0.0,other,real,real,group_aut,group_aut_05,elastic_net,elastic_net_permutation
cr_x_sa_log,0.0,0.0,other,real,real,group_aut,group_aut_05,elastic_net,elastic_net_permutation
hg_x_ph,0.0,0.0,other,real,real,group_aut,group_aut_05,elastic_net,elastic_net_permutation
hg_x_ce_log,5.234576268442481e-06,0.0012392955939038,other,real,real,group_aut,group_aut_05,elastic_net,elastic_net_permutation
hg_x_sa_log,0.0,0.0,other,real,real,group_aut,group_aut_05,elastic_net,elastic_net_permutation
aged_x_fg_any,0.0,0.0,other,real,real,group_aut,group_aut_05,elastic_net,elastic_net_permutation
aged_x_fg_complexing,0.0,0.0,other,real,real,group_aut,group_aut_05,elastic_net,elastic_net_permutation
ret_ps_x_fg_any,0.0,0.0,polymer_identity,real,real,group_aut,group_aut_05,elastic_net,elastic_net_permutation
ret_pe_x_fg_any,3.0294329111946183e-06,0.0007172238336662,polymer_identity,real,real,group_aut,group_aut_05,elastic_net,elastic_net_permutation
ret_pa_x_fg_any,1.0494721001341745e-05,0.0024846445689639,polymer_identity,real,real,group_aut,group_aut_05,elastic_net,elastic_net_permutation
null_random_normal,4.748538033276795e-05,0.0112422514456474,null_feature,,random_noise,group_aut,group_aut_05,elastic_net,elastic_net_permutation
null_random_uniform,3.986719376047887e-05,0.0094386317124718,null_feature,,random_noise,group_aut,group_aut_05,elastic_net,elastic_net_permutation
null_random_binary,9.661112126568838e-06,0.0022872861291274,null_feature,,random_noise,group_aut,group_aut_05,elastic_net,elastic_net_permutation
null_perm_ph,4.019805528669984e-05,0.0095169637895321,null_feature,,permuted_real,group_aut,group_aut_05,elastic_net,elastic_net_permutation
null_perm_ce,0.0001763522143768,0.0417517122770792,null_feature,,permuted_real,group_aut,group_aut_05,elastic_net,elastic_net_permutation
null_study_random_effect,0.0,0.0,null_feature,,group_aware_random,group_aut,group_aut_05,elastic_net,elastic_net_permutation
null_exp_random_effect,7.354128989494058e-05,0.0174110361303276,null_feature,,group_aware_random,group_aut,group_aut_05,elastic_net,elastic_net_permutation
ph,0.0001557596350381,0.0018265077698318,solution_chemistry,real,real,group_aut,group_aut_05,lightgbm,lightgbm_permutation
temp,0.0005906019386439,0.0069256648524296,solution_chemistry,real,real,group_aut,group_aut_05,lightgbm,lightgbm_permutation
ce,0.009549911653165,0.1119865736167189,solution_chemistry,real,real,group_aut,group_aut_05,lightgbm,lightgbm_permutation
rpm,0.0,0.0,solution_chemistry,real,real,group_aut,group_aut_05,lightgbm,lightgbm_permutation
sa,0.0011319417139378,0.0132736593469662,surface_area_porosity,real,real,group_aut,group_aut_05,lightgbm,lightgbm_permutation
fg_complexing,0.0002389580310963,0.0028021297068032,surface_functionality,real,real,group_aut,group_aut_05,lightgbm,lightgbm_permutation
fg_polar,0.0,0.0,surface_functionality,real,real,group_aut,group_aut_05,lightgbm,lightgbm_permutation
fg_any,0.0,0.0,surface_functionality,real,real,group_aut,group_aut_05,lightgbm,lightgbm_permutation
ags_aged,0.0015931116500556,0.0186815461292227,aging_state,real,real,group_aut,group_aut_05,lightgbm,lightgbm_permutation
ags_virgin,0.0,0.0,aging_state,real,real,group_aut,group_aut_05,lightgbm,lightgbm_permutation
ph_missing,0.0005121059095825,0.0060051849928911,solution_chemistry,real,real,group_aut,group_aut_05,lightgbm,lightgbm_permutation
temp_missing,0.000503952229395,0.005909571259516,solution_chemistry,real,real,group_aut,group_aut_05,lightgbm,lightgbm_permutation
rpm_missing,0.0,0.0,solution_chemistry,real,real,group_aut,group_aut_05,lightgbm,lightgbm_permutation
sa_missing,0.0,0.0,surface_area_porosity,real,real,group_aut,group_aut_05,lightgbm,lightgbm_permutation
metal_cd,0.0,0.0,metal_identity,real,real,group_aut,group_aut_05,lightgbm,lightgbm_permutation
metal_cr,0.0,0.0,metal_identity,real,real,group_aut,group_aut_05,lightgbm,lightgbm_permutation
metal_hg,0.0,0.0,metal_identity,real,real,group_aut,group_aut_05,lightgbm,lightgbm_permutation
ret_other,0.0,0.0,polymer_identity,real,real,group_aut,group_aut_05,lightgbm,lightgbm_permutation
ret_pa,0.0004892511262051,0.0057371794893698,polymer_identity,real,real,group_aut,group_aut_05,lightgbm,lightgbm_permutation
ret_pe,0.0001132179817468,0.0013276451456411,polymer_identity,real,real,group_aut,group_aut_05,lightgbm,lightgbm_permutation
ret_pet,0.0,0.0,polymer_identity,real,real,group_aut,group_aut_05,lightgbm,lightgbm_permutation
ret_pla,0.0007186983253501,0.0084277808887749,polymer_identity,real,real,group_aut,group_aut_05,lightgbm,lightgbm_permutation
ret_pp,4.7646400764511655e-05,0.0005587231966714,polymer_identity,real,real,group_aut,group_aut_05,lightgbm,lightgbm_permutation
ret_ps,0.0,0.0,polymer_identity,real,real,group_aut,group_aut_05,lightgbm,lightgbm_permutation
ret_pvc,4.2155964249923626e-05,0.0004943398604418,polymer_identity,real,real,group_aut,group_aut_05,lightgbm,lightgbm_permutation
ce_log1p,0.0008601391000198,0.0100863792402794,solution_chemistry,real,real,group_aut,group_aut_05,lightgbm,lightgbm_permutation
rpm_log1p,0.0,0.0,solution_chemistry,real,real,group_aut,group_aut_05,lightgbm,lightgbm_permutation
sa_log1p,0.0033534636298107,0.0393242278347494,surface_area_porosity,real,real,group_aut,group_aut_05,lightgbm,lightgbm_permutation
temp_log1p,8.799623243751497e-05,0.0010318835314661,solution_chemistry,real,real,group_aut,group_aut_05,lightgbm,lightgbm_permutation
ph_x_temp,0.0,0.0,solution_chemistry,real,real,group_aut,group_aut_05,lightgbm,lightgbm_permutation
ph_x_ce_log,0.0015573502010962,0.0182621912407195,solution_chemistry,real,real,group_aut,group_aut_05,lightgbm,lightgbm_permutation
temp_x_ce_log,0.0088464922736391,0.1037379605415821,solution_chemistry,real,real,group_aut,group_aut_05,lightgbm,lightgbm_permutation
ce_log_x_rpm_log,0.000908669550324,0.010655469200797,solution_chemistry,real,real,group_aut,group_aut_05,lightgbm,lightgbm_permutation
ce_over_rpm,0.0,0.0,solution_chemistry,real,real,group_aut,group_aut_05,lightgbm,lightgbm_permutation
ce_over_sa,0.0063387940896431,0.0743315599915302,solution_chemistry,real,real,group_aut,group_aut_05,lightgbm,lightgbm_permutation
cd_x_ph,0.0,0.0,other,real,real,group_aut,group_aut_05,lightgbm,lightgbm_permutation
cd_x_ce_log,0.0,0.0,other,real,real,group_aut,group_aut_05,lightgbm,lightgbm_permutation
cd_x_sa_log,0.0,0.0,other,real,real,group_aut,group_aut_05,lightgbm,lightgbm_permutation
cr_x_ph,5.876480057276368e-06,6.891025702036284e-05,other,real,real,group_aut,group_aut_05,lightgbm,lightgbm_permutation
cr_x_ce_log,0.0007091014293091,0.0083152433550238,other,real,real,group_aut,group_aut_05,lightgbm,lightgbm_permutation
cr_x_sa_log,0.0,0.0,other,real,real,group_aut,group_aut_05,lightgbm,lightgbm_permutation
hg_x_ph,0.0,0.0,other,real,real,group_aut,group_aut_05,lightgbm,lightgbm_permutation
hg_x_ce_log,0.0007946711966073,0.0093186730612804,other,real,real,group_aut,group_aut_05,lightgbm,lightgbm_permutation
hg_x_sa_log,0.0,0.0,other,real,real,group_aut,group_aut_05,lightgbm,lightgbm_permutation
aged_x_fg_any,0.0,0.0,other,real,real,group_aut,group_aut_05,lightgbm,lightgbm_permutation
aged_x_fg_complexing,0.0033145443133289,0.0388678423666333,other,real,real,group_aut,group_aut_05,lightgbm,lightgbm_permutation
ret_ps_x_fg_any,0.0,0.0,polymer_identity,real,real,group_aut,group_aut_05,lightgbm,lightgbm_permutation
ret_pe_x_fg_any,4.4573091909239085e-05,0.0005226841901479,polymer_identity,real,real,group_aut,group_aut_05,lightgbm,lightgbm_permutation
ret_pa_x_fg_any,8.116898745651469e-05,0.0009518241759001,polymer_identity,real,real,group_aut,group_aut_05,lightgbm,lightgbm_permutation
null_random_normal,0.0,0.0,null_feature,,random_noise,group_aut,group_aut_05,lightgbm,lightgbm_permutation
null_random_uniform,0.0012730813360004,0.0149287262470989,null_feature,,random_noise,group_aut,group_aut_05,lightgbm,lightgbm_permutation
null_random_binary,0.0,0.0,null_feature,,random_noise,group_aut,group_aut_05,lightgbm,lightgbm_permutation
null_perm_ph,9.12414428102526e-05,0.0010699383327572,null_feature,,permuted_real,group_aut,group_aut_05,lightgbm,lightgbm_permutation
null_perm_ce,0.0,0.0,null_feature,,permuted_real,group_aut,group_aut_05,lightgbm,lightgbm_permutation
null_study_random_effect,0.0413228153252688,0.4845699801777345,null_feature,,group_aware_random,group_aut,group_aut_05,lightgbm,lightgbm_permutation
null_exp_random_effect,0.0,0.0,null_feature,,group_aware_random,group_aut,group_aut_05,lightgbm,lightgbm_permutation
num__ph,154.0,0.0103085882589196,solution_chemistry,real,real,group_aut,group_aut_05,lightgbm,lightgbm_builtin_gain
num__temp,201.0,0.013454715844434,solution_chemistry,real,real,group_aut,group_aut_05,lightgbm,lightgbm_builtin_gain
num__ce,601.0,0.0402302697637057,solution_chemistry,real,real,group_aut,group_aut_05,lightgbm,lightgbm_builtin_gain
num__rpm,218.0,0.014592676886003,solution_chemistry,real,real,group_aut,group_aut_05,lightgbm,lightgbm_builtin_gain
num__sa,957.0,0.0640605127518575,surface_area_porosity,real,real,group_aut,group_aut_05,lightgbm,lightgbm_builtin_gain
num__fg_complexing,1.0,6.693888479817926e-05,surface_functionality,real,real,group_aut,group_aut_05,lightgbm,lightgbm_builtin_gain
num__fg_polar,20.0,0.0013387776959635,surface_functionality,real,real,group_aut,group_aut_05,lightgbm,lightgbm_builtin_gain
num__fg_any,2.0,0.0001338777695963,surface_functionality,real,real,group_aut,group_aut_05,lightgbm,lightgbm_builtin_gain
num__ags_aged,138.0,0.0092375661021487,aging_state,real,real,group_aut,group_aut_05,lightgbm,lightgbm_builtin_gain
num__ags_virgin,13.0,0.0008702055023763,aging_state,real,real,group_aut,group_aut_05,lightgbm,lightgbm_builtin_gain
num__ph_missing,64.0,0.0042840886270834,solution_chemistry,real,real,group_aut,group_aut_05,lightgbm,lightgbm_builtin_gain
num__temp_missing,47.0,0.0031461275855144,solution_chemistry,real,real,group_aut,group_aut_05,lightgbm,lightgbm_builtin_gain
num__rpm_missing,0.0,0.0,solution_chemistry,real,real,group_aut,group_aut_05,lightgbm,lightgbm_builtin_gain
num__sa_missing,55.0,0.0036816386638998,surface_area_porosity,real,real,group_aut,group_aut_05,lightgbm,lightgbm_builtin_gain
num__metal_cd,17.0,0.001137961041569,metal_identity,real,real,group_aut,group_aut_05,lightgbm,lightgbm_builtin_gain
num__metal_cr,9.0,0.0006024499631836,metal_identity,real,real,group_aut,group_aut_05,lightgbm,lightgbm_builtin_gain
num__metal_hg,0.0,0.0,metal_identity,real,real,group_aut,group_aut_05,lightgbm,lightgbm_builtin_gain
num__ret_other,272.0,0.0182073766651047,polymer_identity,real,real,group_aut,group_aut_05,lightgbm,lightgbm_builtin_gain
num__ret_pa,55.0,0.0036816386638998,polymer_identity,real,real,group_aut,group_aut_05,lightgbm,lightgbm_builtin_gain
num__ret_pe,39.0,0.0026106165071289,polymer_identity,real,real,group_aut,group_aut_05,lightgbm,lightgbm_builtin_gain
num__ret_pet,7.0,0.0004685721935872,polymer_identity,real,real,group_aut,group_aut_05,lightgbm,lightgbm_builtin_gain
num__ret_pla,10.0,0.0006693888479817,polymer_identity,real,real,group_aut,group_aut_05,lightgbm,lightgbm_builtin_gain
num__ret_pp,0.0,0.0,polymer_identity,real,real,group_aut,group_aut_05,lightgbm,lightgbm_builtin_gain
num__ret_ps,76.0,0.0050873552446616,polymer_identity,real,real,group_aut,group_aut_05,lightgbm,lightgbm_builtin_gain
num__ret_pvc,6.0,0.000401633308789,polymer_identity,real,real,group_aut,group_aut_05,lightgbm,lightgbm_builtin_gain
num__ce_log1p,40.0,0.0026775553919271,solution_chemistry,real,real,group_aut,group_aut_05,lightgbm,lightgbm_builtin_gain
num__rpm_log1p,22.0,0.0014726554655599,solution_chemistry,real,real,group_aut,group_aut_05,lightgbm,lightgbm_builtin_gain
num__sa_log1p,382.0,0.0255706539929044,surface_area_porosity,real,real,group_aut,group_aut_05,lightgbm,lightgbm_builtin_gain
num__temp_log1p,31.0,0.0020751054287435,solution_chemistry,real,real,group_aut,group_aut_05,lightgbm,lightgbm_builtin_gain
num__ph_x_temp,211.0,0.0141241046924158,solution_chemistry,real,real,group_aut,group_aut_05,lightgbm,lightgbm_builtin_gain
num__ph_x_ce_log,1451.0,0.0971283218421581,solution_chemistry,real,real,group_aut,group_aut_05,lightgbm,lightgbm_builtin_gain
num__temp_x_ce_log,1042.0,0.0697503179597028,solution_chemistry,real,real,group_aut,group_aut_05,lightgbm,lightgbm_builtin_gain
num__ce_log_x_rpm_log,371.0,0.0248343262601245,solution_chemistry,real,real,group_aut,group_aut_05,lightgbm,lightgbm_builtin_gain
num__ce_over_rpm,748.0,0.050070285829038,solution_chemistry,real,real,group_aut,group_aut_05,lightgbm,lightgbm_builtin_gain
num__ce_over_sa,686.0,0.0459200749715509,solution_chemistry,real,real,group_aut,group_aut_05,lightgbm,lightgbm_builtin_gain
num__cd_x_ph,148.0,0.0099069549501305,other,real,real,group_aut,group_aut_05,lightgbm,lightgbm_builtin_gain
num__cd_x_ce_log,585.0,0.0391592476069348,other,real,real,group_aut,group_aut_05,lightgbm,lightgbm_builtin_gain
num__cd_x_sa_log,410.0,0.0274449427672534,other,real,real,group_aut,group_aut_05,lightgbm,lightgbm_builtin_gain
num__cr_x_ph,0.0,0.0,other,real,real,group_aut,group_aut_05,lightgbm,lightgbm_builtin_gain
num__cr_x_ce_log,209.0,0.0139902269228194,other,real,real,group_aut,group_aut_05,lightgbm,lightgbm_builtin_gain
num__cr_x_sa_log,290.0,0.0194122765914719,other,real,real,group_aut,group_aut_05,lightgbm,lightgbm_builtin_gain
num__hg_x_ph,28.0,0.001874288774349,other,real,real,group_aut,group_aut_05,lightgbm,lightgbm_builtin_gain
num__hg_x_ce_log,71.0,0.0047526608206707,other,real,real,group_aut,group_aut_05,lightgbm,lightgbm_builtin_gain
num__hg_x_sa_log,19.0,0.0012718388111654,other,real,real,group_aut,group_aut_05,lightgbm,lightgbm_builtin_gain
num__aged_x_fg_any,2.0,0.0001338777695963,other,real,real,group_aut,group_aut_05,lightgbm,lightgbm_builtin_gain
num__aged_x_fg_complexing,56.0,0.003748577548698,other,real,real,group_aut,group_aut_05,lightgbm,lightgbm_builtin_gain
num__ret_ps_x_fg_any,6.0,0.000401633308789,polymer_identity,real,real,group_aut,group_aut_05,lightgbm,lightgbm_builtin_gain
num__ret_pe_x_fg_any,2.0,0.0001338777695963,polymer_identity,real,real,group_aut,group_aut_05,lightgbm,lightgbm_builtin_gain
num__ret_pa_x_fg_any,9.0,0.0006024499631836,polymer_identity,real,real,group_aut,group_aut_05,lightgbm,lightgbm_builtin_gain
num__null_random_normal,912.0,0.0610482629359394,null_feature,real,random_noise,group_aut,group_aut_05,lightgbm,lightgbm_builtin_gain
num__null_random_uniform,701.0,0.0469241582435236,null_feature,real,random_noise,group_aut,group_aut_05,lightgbm,lightgbm_builtin_gain
num__null_random_binary,141.0,0.0094383827565432,null_feature,real,random_noise,group_aut,group_aut_05,lightgbm,lightgbm_builtin_gain
num__null_perm_ph,749.0,0.0501372247138362,null_feature,real,permuted_real,group_aut,group_aut_05,lightgbm,lightgbm_builtin_gain
num__null_perm_ce,767.0,0.0513421246402035,null_feature,real,permuted_real,group_aut,group_aut_05,lightgbm,lightgbm_builtin_gain
num__null_study_random_effect,461.0,0.0308588258919606,null_feature,real,group_aware_random,group_aut,group_aut_05,lightgbm,lightgbm_builtin_gain
num__null_exp_random_effect,1427.0,0.0955217886070018,null_feature,real,group_aware_random,group_aut,group_aut_05,lightgbm,lightgbm_builtin_gain
ph,0.0007750579974825,0.0018413582922682,solution_chemistry,real,real,group_aut,group_aut_05,lightgbm,lightgbm_shap
temp,0.0047677569104142,0.0113270861677786,solution_chemistry,real,real,group_aut,group_aut_05,lightgbm,lightgbm_shap
ce,0.0043139969919564,0.0102490576960189,solution_chemistry,real,real,group_aut,group_aut_05,lightgbm,lightgbm_shap
rpm,0.0065136177881832,0.0154748472577468,solution_chemistry,real,real,group_aut,group_aut_05,lightgbm,lightgbm_shap
sa,0.0096334211566238,0.0228867774892697,surface_area_porosity,real,real,group_aut,group_aut_05,lightgbm,lightgbm_shap
fg_complexing,0.0003081696116465,0.000732139622678,surface_functionality,real,real,group_aut,group_aut_05,lightgbm,lightgbm_shap
fg_polar,0.0302781131307589,0.0719337841408646,surface_functionality,real,real,group_aut,group_aut_05,lightgbm,lightgbm_shap
fg_any,0.0089207395078437,0.0211936109546478,surface_functionality,real,real,group_aut,group_aut_05,lightgbm,lightgbm_shap
ags_aged,0.0054874598684545,0.0130369337070105,aging_state,real,real,group_aut,group_aut_05,lightgbm,lightgbm_shap
ags_virgin,0.000782698558929,0.0018595104966487,aging_state,real,real,group_aut,group_aut_05,lightgbm,lightgbm_shap
ph_missing,0.001050233843389,0.002495112369173,solution_chemistry,real,real,group_aut,group_aut_05,lightgbm,lightgbm_shap
temp_missing,0.000766443362618,0.0018208919150498,solution_chemistry,real,real,group_aut,group_aut_05,lightgbm,lightgbm_shap
rpm_missing,0.0,0.0,solution_chemistry,real,real,group_aut,group_aut_05,lightgbm,lightgbm_shap
sa_missing,0.0026645385845745,0.0063303265480924,surface_area_porosity,real,real,group_aut,group_aut_05,lightgbm,lightgbm_shap
metal_cd,0.000830683213679,0.0019735109226976,metal_identity,real,real,group_aut,group_aut_05,lightgbm,lightgbm_shap
metal_cr,9.341712757044947e-05,0.0002219374589391,metal_identity,real,real,group_aut,group_aut_05,lightgbm,lightgbm_shap
metal_hg,0.0,0.0,metal_identity,real,real,group_aut,group_aut_05,lightgbm,lightgbm_shap
ret_other,0.0465859085670889,0.1106773290792257,polymer_identity,real,real,group_aut,group_aut_05,lightgbm,lightgbm_shap
ret_pa,0.0006208705213681,0.0014750445600969,polymer_identity,real,real,group_aut,group_aut_05,lightgbm,lightgbm_shap
ret_pe,0.0004275811239839,0.001015833719312,polymer_identity,real,real,group_aut,group_aut_05,lightgbm,lightgbm_shap
ret_pet,0.0001487042529414,0.0003532868638717,polymer_identity,real,real,group_aut,group_aut_05,lightgbm,lightgbm_shap
ret_pla,0.0020181075719105,0.0047945561806947,polymer_identity,real,real,group_aut,group_aut_05,lightgbm,lightgbm_shap
ret_pp,0.0,0.0,polymer_identity,real,real,group_aut,group_aut_05,lightgbm,lightgbm_shap
ret_ps,0.0007155893946204,0.0017000746652811,polymer_identity,real,real,group_aut,group_aut_05,lightgbm,lightgbm_shap
ret_pvc,0.0002847473227614,0.0006764936890799,polymer_identity,real,real,group_aut,group_aut_05,lightgbm,lightgbm_shap
ce_log1p,0.0004673187302751,0.0011102410683064,solution_chemistry,real,real,group_aut,group_aut_05,lightgbm,lightgbm_shap
rpm_log1p,0.0012613714542214,0.0029967264313189,solution_chemistry,real,real,group_aut,group_aut_05,lightgbm,lightgbm_shap
sa_log1p,0.005873970991547,0.0139551946163515,surface_area_porosity,real,real,group_aut,group_aut_05,lightgbm,lightgbm_shap
temp_log1p,0.0008564541799035,0.0020347367696812,solution_chemistry,real,real,group_aut,group_aut_05,lightgbm,lightgbm_shap
ph_x_temp,0.0015686120539074,0.0037266589367456,solution_chemistry,real,real,group_aut,group_aut_05,lightgbm,lightgbm_shap
ph_x_ce_log,0.0482662885247128,0.1146695226688439,solution_chemistry,real,real,group_aut,group_aut_05,lightgbm,lightgbm_shap
temp_x_ce_log,0.0229133070367986,0.0544367106107419,solution_chemistry,real,real,group_aut,group_aut_05,lightgbm,lightgbm_shap
ce_log_x_rpm_log,0.013037200441549,0.0309733687272231,solution_chemistry,real,real,group_aut,group_aut_05,lightgbm,lightgbm_shap
ce_over_rpm,0.0182650809608468,0.0433936020213305,solution_chemistry,real,real,group_aut,group_aut_05,lightgbm,lightgbm_shap
ce_over_sa,0.0082556408265179,0.0196134905300938,solution_chemistry,real,real,group_aut,group_aut_05,lightgbm,lightgbm_shap
cd_x_ph,0.0018091514612139,0.0042981248576183,other,real,real,group_aut,group_aut_05,lightgbm,lightgbm_shap
cd_x_ce_log,0.0242391446277824,0.0575865936521255,other,real,real,group_aut,group_aut_05,lightgbm,lightgbm_shap
cd_x_sa_log,0.0320749480030311,0.0762026476357797,other,real,real,group_aut,group_aut_05,lightgbm,lightgbm_shap
cr_x_ph,0.0,0.0,other,real,real,group_aut,group_aut_05,lightgbm,lightgbm_shap
cr_x_ce_log,0.0113882618997633,0.0270558726595481,other,real,real,group_aut,group_aut_05,lightgbm,lightgbm_shap
cr_x_sa_log,0.0040336869164433,0.0095831058786983,other,real,real,group_aut,group_aut_05,lightgbm,lightgbm_shap
hg_x_ph,0.0001240110734956,0.0002946215886502,other,real,real,group_aut,group_aut_05,lightgbm,lightgbm_shap
hg_x_ce_log,0.0004084228585863,0.0009703181179378,other,real,real,group_aut,group_aut_05,lightgbm,lightgbm_shap
hg_x_sa_log,0.0001273947566626,0.0003026604361664,other,real,real,group_aut,group_aut_05,lightgbm,lightgbm_shap
aged_x_fg_any,2.8587884784781813e-05,6.791819306148609e-05,other,real,real,group_aut,group_aut_05,lightgbm,lightgbm_shap
aged_x_fg_complexing,0.0048161835819174,0.0114421367232582,other,real,real,group_aut,group_aut_05,lightgbm,lightgbm_shap
ret_ps_x_fg_any,0.000106129213019,0.0002521384297424,polymer_identity,real,real,group_aut,group_aut_05,lightgbm,lightgbm_shap
ret_pe_x_fg_any,0.0001139617626221,0.000270746753517,polymer_identity,real,real,group_aut,group_aut_05,lightgbm,lightgbm_shap
ret_pa_x_fg_any,0.0002562148465119,0.0006087071338654,polymer_identity,real,real,group_aut,group_aut_05,lightgbm,lightgbm_shap
null_random_normal,0.0049312647652499,0.011715542961116,null_feature,,random_noise,group_aut,group_aut_05,lightgbm,lightgbm_shap
null_random_uniform,0.003107685503301,0.0073831409905478,null_feature,,random_noise,group_aut,group_aut_05,lightgbm,lightgbm_shap
null_random_binary,0.0005078856351635,0.0012066186386953,null_feature,,random_noise,group_aut,group_aut_05,lightgbm,lightgbm_shap
null_perm_ph,0.0018384443526508,0.0043677179832,null_feature,,permuted_real,group_aut,group_aut_05,lightgbm,lightgbm_shap
null_perm_ce,0.0024711436450111,0.0058708649635343,null_feature,,permuted_real,group_aut,group_aut_05,lightgbm,lightgbm_shap
null_study_random_effect,0.0614042155584762,0.1458821944500685,null_feature,,group_aware_random,group_aut,group_aut_05,lightgbm,lightgbm_shap
null_exp_random_effect,0.0183766110895256,0.0436585717757843,null_feature,,group_aware_random,group_aut,group_aut_05,lightgbm,lightgbm_shap
